Date,Open,High,Low,Close,Volume,Delivery_Percentage
2023-06-04,11.1000,11.5000,11.0000,11.4000,272291792.0000,0.3247
2023-06-05,11.5500,12.4000,11.3500,12.2000,533178450.0000,0.6704
2023-06-06,12.5500,14.6000,12.5000,14.4500,346243409.0000,0.5392
2023-06-07,14.2000,14.2000,13.2000,13.3500,522427881.0000,0.4592
2023-06-08,13.5000,14.2000,13.3000,14.0000,293778902.0000,0.1936
2023-06-11,14.1500,15.4000,14.1000,15.3000,461323199.0000,0.1936
2023-06-12,15.4000,15.7500,14.7500,15.1000,390548184.0000,0.1349
2023-06-13,15.2500,15.3500,14.1500,14.4000,222177502.0000,0.6197
2023-06-14,14.4000,14.6000,14.0000,14.4500,178864927.0000,0.4607
2023-06-15,14.5500,15.1500,14.5500,14.7500,282491085.0000,0.5248
2023-06-18,14.9500,15.0500,14.2500,14.5500,163607569.0000,0.1124
2023-06-19,14.6500,14.7000,13.6500,14.2500,196840707.0000,0.6819
2023-06-20,14.3000,14.5500,13.8500,14.0000,134315767.0000,0.5995
2023-06-21,14.0500,14.1000,13.3000,13.6000,150787608.0000,0.2274
2023-06-22,13.6000,14.1500,13.2500,13.8500,133077725.0000,0.2091
2023-06-25,13.9500,14.2500,13.6500,14.0000,93075149.0000,0.2100
2023-06-26,14.0500,14.4000,14.0000,14.1000,81222094.0000,0.2825
2023-06-27,14.2000,15.0000,14.2000,14.7500,204357357.0000,0.4149
2023-06-29,15.0500,15.6500,14.9500,15.3000,260744421.0000,0.3592
2023-07-02,15.7500,16.8000,15.7500,16.8000,389920926.0000,0.2747
2023-07-03,17.4500,18.4500,17.1500,18.3000,701973517.0000,0.4671
2023-07-04,17.9500,18.1500,17.4000,17.4000,264737406.0000,0.1837
2023-07-05,16.8000,17.9500,16.6500,17.6500,415023310.0000,0.2753
2023-07-06,17.5500,18.3000,17.4500,17.8500,267551084.0000,0.3198
2023-07-09,18.0500,18.1000,17.2000,17.3500,142507601.0000,0.3736
2023-07-10,17.5000,18.2000,17.0500,17.9500,369539889.0000,0.5711
2023-07-11,18.0000,18.5500,17.6000,18.0000,201949606.0000,0.2198
2023-07-12,18.1500,18.3500,17.4500,17.5500,149133001.0000,0.4085
2023-07-13,17.6500,17.9000,17.3000,17.7000,81517693.0000,0.4554
2023-07-16,18.2500,18.4500,18.1000,18.2000,129569292.0000,0.1279
2023-07-17,18.3000,18.3000,17.8000,17.9000,89012544.0000,0.4645
2023-07-18,18.0000,18.1000,17.8000,17.8500,48709437.0000,0.2023
2023-07-19,17.9500,18.7000,17.8500,18.7000,242575898.0000,0.1390
2023-07-20,19.2500,19.6000,19.1000,19.6000,86292023.0000,0.6693
2023-07-23,20.5500,20.5500,19.2000,20.0000,517944819.0000,0.6794
2023-07-24,20.2500,20.8000,19.0000,19.0000,276540698.0000,0.5850
2023-07-25,18.0500,18.0500,18.0500,18.0500,41086178.0000,0.2828
2023-07-26,17.6500,18.4000,17.4500,17.8500,250669150.0000,0.1586
2023-07-27,17.8000,18.2500,17.7000,18.0500,97658422.0000,0.5105
2023-07-30,18.2000,18.9500,18.0500,18.9500,123353716.0000,0.3641
2023-07-31,19.5500,19.8500,19.1000,19.3000,167771796.0000,0.1732
2023-08-01,19.3500,19.3500,18.3500,18.5000,229699866.0000,0.3971
2023-08-02,18.4500,18.4500,17.7000,17.9500,122802683.0000,0.1206
2023-08-03,18.0000,18.8000,18.0000,18.4000,241151653.0000,0.6456
2023-08-06,18.6000,19.0000,18.2500,18.6500,119709706.0000,0.2553
2023-08-07,18.6500,18.9500,18.3500,18.6000,107177129.0000,0.4975
2023-08-08,18.9500,19.5000,18.9000,19.5000,204669757.0000,0.2870
2023-08-09,19.9500,20.4500,19.9000,20.4500,198521194.0000,0.4120
2023-08-10,20.7500,21.2500,19.8000,20.2000,193133275.0000,0.4280
2023-08-13,19.5500,20.2000,19.3000,20.0500,110526997.0000,0.2109
2023-08-15,20.0500,20.5000,20.0500,20.2500,66006572.0000,0.6818
2023-08-16,19.8500,20.0000,19.4000,19.7000,130822363.0000,0.5651
2023-08-17,19.8000,20.0500,19.5000,19.8000,70016385.0000,0.6637
2023-08-20,20.1000,20.1500,19.8000,19.9000,71793107.0000,0.6369
2023-08-21,19.9500,20.8500,19.9500,20.8500,189624524.0000,0.4587
2023-08-22,21.0000,21.8500,21.0000,21.8500,204874807.0000,0.6531
2023-08-23,22.7500,22.8500,21.2500,21.5000,269657749.0000,0.1531
2023-08-24,21.6500,22.5500,21.5500,22.4000,166449370.0000,0.2176
2023-08-27,23.4000,23.5000,23.2500,23.5000,192627964.0000,0.1271
2023-08-28,24.0000,24.6500,23.9500,24.6500,203593052.0000,0.2952
2023-08-29,25.8500,25.8500,25.3500,25.8500,88452282.0000,0.3332
2023-08-30,26.5000,27.0500,24.5500,24.5500,413958502.0000,0.2628
2023-08-31,24.5500,25.7500,23.9500,25.0000,209113483.0000,0.5972
2023-09-03,25.4500,25.7000,23.8500,24.1000,189499859.0000,0.3141
2023-09-04,24.6000,24.9000,23.5000,23.6000,131411045.0000,0.2686
2023-09-05,23.8000,24.4000,23.4000,23.8000,107987698.0000,0.4256
2023-09-06,24.1000,24.9500,23.5500,24.1000,170673034.0000,0.1846
2023-09-07,24.2000,24.3000,23.6500,24.0500,87741294.0000,0.5813
2023-09-10,24.3000,24.4000,23.7500,24.0000,93344063.0000,0.1447
2023-09-11,24.1500,24.2000,22.8000,22.8000,146034046.0000,0.6921
2023-09-12,22.2000,22.5000,21.7000,22.1500,236321372.0000,0.5633
2023-09-13,22.3500,23.2500,21.7500,23.2500,178268509.0000,0.2192
2023-09-14,23.6000,24.4000,23.1500,24.2000,225766744.0000,0.1033
2023-09-17,24.7000,25.1000,24.5000,24.7500,142270040.0000,0.5893
2023-09-19,24.9500,25.9500,24.5000,25.8500,166418138.0000,0.5241
2023-09-20,25.8500,26.2500,25.1500,25.5000,166438893.0000,0.5374
2023-09-21,25.6500,25.8500,24.5000,25.0500,95275738.0000,0.5628
2023-09-24,25.7500,26.0500,25.1000,25.5000,71458712.0000,0.1444
2023-09-25,25.6000,26.1000,24.9500,26.0000,110565689.0000,0.3151
2023-09-26,25.1000,25.9000,25.0500,25.6500,94771055.0000,0.1695
2023-09-27,25.7000,26.4000,25.4500,25.6500,75375280.0000,0.6179
2023-09-28,25.8500,26.2000,25.5500,25.8000,76660245.0000,0.4740
2023-10-02,25.9500,27.0500,25.7500,26.9500,215807142.0000,0.2985
2023-10-03,27.3500,28.2500,27.1000,28.1000,346015638.0000,0.1381
2023-10-04,28.6000,29.5000,28.5500,29.5000,285672016.0000,0.2866
2023-10-05,28.8500,29.8000,28.4000,29.1000,273969163.0000,0.2951
2023-10-08,28.2000,28.3500,27.6500,27.6500,151080200.0000,0.5378
2023-10-09,26.5000,27.4000,26.3000,26.3500,80186599.0000,0.4825
2023-10-10,26.5000,27.6500,26.4500,27.6500,45365872.0000,0.6323
2023-10-11,28.2500,28.6000,27.0500,27.1500,70399620.0000,0.3833
2023-10-12,27.2000,27.4500,26.6000,26.8000,39585232.0000,0.1718
2023-10-15,27.6000,28.1000,27.0500,28.1000,73809145.0000,0.5279
2023-10-16,28.9000,29.5000,28.6500,29.5000,111721555.0000,0.5565
2023-10-17,30.2500,30.9500,29.8000,30.9500,131127521.0000,0.4368
2023-10-18,31.0000,32.1000,30.0000,31.6000,135200931.0000,0.5626
2023-10-19,31.4500,33.1500,31.0000,32.5000,373269936.0000,0.3963
2023-10-22,33.2500,34.1000,31.4000,31.8000,130338329.0000,0.4136
2023-10-24,32.1000,33.1000,30.3000,31.9000,98053560.0000,0.3565
2023-10-25,31.2500,31.9500,30.3000,31.4000,99436973.0000,0.1153
2023-10-26,32.0000,32.9000,31.9500,32.1000,80529369.0000,0.1647
2023-10-29,32.7000,32.8000,31.2500,31.5500,42405596.0000,0.1189
2023-10-30,32.0000,32.0000,30.0000,30.6000,49276497.0000,0.4818
2023-10-31,30.7000,31.6000,30.6000,31.3000,39955174.0000,0.2886
2023-11-01,31.9000,32.8500,31.3500,32.6500,52429624.0000,0.4051
2023-11-02,33.2000,34.2500,33.0000,34.2500,76623253.0000,0.6445
2023-11-05,35.9500,35.9500,35.9500,35.9500,15536896.0000,0.2496
2023-11-06,37.0000,37.4000,35.0000,37.3500,145813507.0000,0.3462
2023-11-07,37.8000,39.2000,36.8000,37.4000,113882054.0000,0.5533
2023-11-08,38.0000,38.4500,37.0000,37.3000,49396345.0000,0.2373
2023-11-09,37.5000,38.2500,37.1000,37.9000,45379797.0000,0.1462
2023-11-12,38.6000,39.2500,37.8000,38.6500,45335763.0000,0.2739
2023-11-14,39.9500,40.5500,39.5500,40.5000,143082003.0000,0.1967
2023-11-15,40.5000,42.5000,40.5000,42.1000,115717878.0000,0.6578
2023-11-16,42.9000,44.0000,40.3000,42.3000,161956692.0000,0.5849
2023-11-19,42.5000,43.0000,40.2000,41.3500,130271353.0000,0.4800
2023-11-20,41.5000,41.5000,39.3000,39.3000,111694707.0000,0.6229
2023-11-21,37.7500,38.5000,37.3500,37.3500,42657149.0000,0.5822
2023-11-22,35.5000,39.2000,35.5000,39.2000,102656993.0000,0.2119
2023-11-23,40.0000,41.1500,39.4500,40.6000,117045798.0000,0.6355
2023-11-27,41.3500,41.7000,38.7000,38.9500,116147704.0000,0.4236
2023-11-28,39.4500,40.3000,37.6000,39.6000,98361673.0000,0.5845
2023-11-29,40.3500,41.0000,38.1000,40.7500,811525884.0000,0.6377
2023-11-30,40.0000,40.4000,39.0000,39.4000,63576805.0000,0.2908
2023-12-03,41.0000,41.0000,39.7000,40.1000,40525430.0000,0.1660
2023-12-04,40.5000,40.5000,38.8500,39.6500,52174216.0000,0.2368
2023-12-05,39.5000,39.5000,38.4000,38.9500,49075379.0000,0.3563
2023-12-06,38.9500,40.0000,38.0000,39.0500,51193825.0000,0.5908
2023-12-07,39.6000,39.6000,38.0000,38.7500,35448583.0000,0.6164
2023-12-10,38.8500,39.5000,38.0000,39.2000,59585051.0000,0.1042
2023-12-11,39.5000,39.5000,38.4000,38.5000,33308747.0000,0.4064
2023-12-12,38.6000,38.7500,37.5000,38.2000,38010747.0000,0.3504
2023-12-13,38.2000,38.6000,37.1000,37.3500,58576341.0000,0.2333
2023-12-14,37.3000,39.2000,36.0000,38.5500,135917707.0000,0.1719
2023-12-17,38.7500,38.7500,37.5000,37.8500,34128022.0000,0.3026
2023-12-18,37.8500,37.9000,36.8000,37.5000,46279926.0000,0.6657
2023-12-19,37.9000,38.1500,35.6500,35.6500,60110787.0000,0.2939
2023-12-20,34.3000,37.2500,33.9000,37.1000,68214659.0000,0.4113
2023-12-21,37.5000,38.0000,36.5000,37.2500,27363287.0000,0.5218
2023-12-25,37.2500,37.6500,36.5500,36.9000,24483621.0000,0.3182
2023-12-26,37.3000,37.3000,36.2000,37.0500,29736305.0000,0.6831
2023-12-27,37.2000,38.5000,37.1000,38.1500,49428774.0000,0.6775
2023-12-28,38.5500,38.7000,38.0000,38.2000,28153967.0000,0.2511
2023-12-31,38.5000,38.6000,38.0000,38.5000,35078873.0000,0.3983
2024-01-01,38.7000,38.8000,37.1000,38.2500,30864924.0000,0.2805
2024-01-02,38.2500,38.2500,37.7000,37.8000,21788140.0000,0.2709
2024-01-03,37.8000,39.3000,37.7500,38.7000,38232279.0000,0.1221
2024-01-04,38.9000,40.6000,38.7000,40.6000,75799676.0000,0.4657
2024-01-07,41.5000,42.6000,40.0000,42.6000,92602484.0000,0.4016
2024-01-08,43.2500,44.0000,41.5000,43.5500,103582158.0000,0.1309
2024-01-09,44.1000,44.2000,42.3000,43.5500,54417493.0000,0.2672
2024-01-10,43.9000,44.0000,42.7000,43.6000,48037394.0000,0.6450
2024-01-11,43.8000,45.4000,43.1500,44.9000,88210161.0000,0.2437
2024-01-14,45.2000,45.7000,43.7000,43.8500,73414515.0000,0.1869
2024-01-15,44.0000,44.2000,41.6500,42.0500,73662300.0000,0.3937
2024-01-16,41.5000,42.6500,40.3500,40.9000,62350656.0000,0.6914
2024-01-17,40.9000,42.9000,40.1000,42.9000,77361249.0000,0.2452
2024-01-18,43.5000,44.4500,41.4500,41.8500,118653572.0000,0.5033
2024-01-22,42.5000,43.0000,40.2000,41.1500,61821069.0000,0.5570
2024-01-23,41.6000,41.6000,40.3500,41.2000,33524849.0000,0.2426
2024-01-24,41.6500,43.0000,40.9000,42.5500,53839790.0000,0.5369
2024-01-28,43.0000,43.8500,42.5500,43.2500,64987571.0000,0.3207
2024-01-29,43.5000,44.8500,42.7500,43.8000,88270852.0000,0.4794
2024-01-30,44.4000,45.9500,44.2000,45.9500,145374835.0000,0.4801
2024-01-31,47.3000,48.2000,47.0000,48.2000,195541083.0000,0.4215
2024-02-01,49.9000,50.6000,48.0000,48.6000,219513812.0000,0.1542
2024-02-04,49.6000,50.0000,47.5000,48.2500,112297989.0000,0.6012
2024-02-05,48.8000,48.8000,47.2000,48.0000,53168885.0000,0.2925
2024-02-06,48.2000,49.9500,48.2000,49.2500,64866228.0000,0.2119
2024-02-07,49.5000,49.7500,48.5000,49.3500,53850076.0000,0.1245
2024-02-08,49.3500,49.4000,46.9000,47.3500,90732188.0000,0.4545
2024-02-11,47.9500,48.2000,45.0000,45.0000,65398403.0000,0.5065
2024-02-12,43.6500,44.6500,42.7500,43.9000,135410453.0000,0.1100
2024-02-13,42.4500,46.0500,42.0500,46.0500,59861806.0000,0.4073
2024-02-14,46.9500,47.7500,46.5000,47.0500,44781950.0000,0.2359
2024-02-15,47.7000,47.7000,46.0000,46.8500,23858185.0000,0.4871
2024-02-18,47.5000,47.6000,46.0500,46.1500,19476010.0000,0.2046
2024-02-19,46.6500,46.8500,45.6000,45.8000,20108565.0000,0.5146
2024-02-20,45.9500,46.0000,43.7500,44.7500,30440623.0000,0.3320
2024-02-21,44.8500,45.3000,43.8000,44.8000,23276564.0000,0.6620
2024-02-22,45.1500,45.6000,44.8000,44.9000,25286705.0000,0.1825
2024-02-25,45.7500,45.7500,43.3500,43.7500,30050547.0000,0.3046
2024-02-26,44.2000,45.0000,43.5000,44.5500,22624252.0000,0.1681
2024-02-27,44.6000,44.6500,42.3500,43.2000,36887600.0000,0.6548
2024-02-28,43.0000,45.3500,41.0500,45.2500,117200579.0000,0.6264
2024-02-29,45.6000,46.0000,44.1000,44.3000,22093410.0000,0.2548
2024-03-03,42.8000,43.8000,41.7500,42.8000,55074786.0000,0.4960
2024-03-04,41.6500,41.6500,40.7000,40.7000,53278004.0000,0.5903
2024-03-05,39.0000,39.0000,38.7000,38.7000,29049668.0000,0.4331
2024-03-06,37.2000,40.6000,37.2000,40.6000,58288425.0000,0.4178
2024-03-10,41.5000,42.0000,39.0000,39.3500,39527748.0000,0.2451
2024-03-11,39.3500,40.0000,37.4000,39.3000,47404379.0000,0.1559
2024-03-12,38.5000,39.3000,37.3500,37.3500,38160910.0000,0.6383
2024-03-13,35.5000,39.2000,35.5000,39.0500,67013191.0000,0.6403
2024-03-14,39.0000,40.0000,37.5000,39.4000,144957453.0000,0.4799
2024-03-17,38.8500,38.9000,37.7000,38.5500,22647157.0000,0.3034
2024-03-18,38.4000,38.4000,36.8000,37.1500,20548501.0000,0.3095
2024-03-19,37.1500,37.7000,35.6000,36.3000,26893468.0000,0.5356
2024-03-20,37.0000,38.1000,36.5000,37.3000,54916534.0000,0.6383
2024-03-21,37.0000,37.9500,36.3500,37.3500,17891396.0000,0.6323
2024-03-25,37.5000,37.6500,36.8000,37.1000,25064700.0000,0.5679
2024-03-26,37.4000,38.9500,37.1000,38.5000,92336818.0000,0.4852
2024-03-27,39.0000,40.4000,38.6000,40.4000,44688873.0000,0.1505
2024-03-31,39.9500,41.7500,38.4000,41.3500,32553386.0000,0.1970
2024-04-01,41.8000,43.0000,40.4000,42.5000,31126883.0000,0.6391
2024-04-02,42.5000,43.5500,41.6000,43.5000,28078702.0000,0.4639
2024-04-03,44.5000,44.6000,42.7000,42.9500,30712841.0000,0.1055
2024-04-04,43.0000,43.0000,42.0000,42.6500,15830518.0000,0.1609
2024-04-07,43.1500,43.1500,41.4000,41.5000,20072402.0000,0.4981
2024-04-08,41.5000,42.5000,40.8000,40.9000,20548936.0000,0.1030
2024-04-09,41.1500,42.6500,41.1000,42.1500,28693252.0000,0.1965
2024-04-11,42.1500,42.7500,41.8000,42.1500,37205677.0000,0.4292
2024-04-14,40.0500,41.2000,40.0500,40.7500,37643079.0000,0.5151
2024-04-15,39.8500,41.2500,39.5500,40.5000,20994202.0000,0.4912
2024-04-17,41.0000,41.7000,40.7000,41.1500,23917024.0000,0.2346
2024-04-18,40.4500,40.7000,39.1000,39.3500,54049625.0000,0.5273
2024-04-21,38.8500,41.3000,38.6000,40.8500,62114928.0000,0.2423
2024-04-22,41.0000,42.1000,40.5500,41.8500,69215858.0000,0.2952
2024-04-23,41.9000,42.5000,41.4500,41.8000,34252835.0000,0.5479
2024-04-24,42.2000,42.3000,41.2500,42.1500,22866483.0000,0.4898
2024-04-25,42.0500,42.1500,41.2500,41.6500,18201395.0000,0.6095
2024-04-28,41.8500,42.0000,41.4000,41.6000,17815539.0000,0.4946
2024-04-29,41.9500,42.1000,41.0000,41.6000,30499261.0000,0.4410
2024-05-01,41.6000,42.0500,41.0500,41.7000,31530269.0000,0.1562
2024-05-02,42.0000,42.3000,41.0500,41.3500,23725164.0000,0.3206
2024-05-05,42.0000,42.0000,40.4000,40.8000,17232143.0000,0.2591
2024-05-06,40.7500,40.8000,39.0000,39.7500,27831110.0000,0.2464
2024-05-07,39.7500,40.2000,39.0500,39.9500,24940794.0000,0.6838
2024-05-08,40.0000,40.4000,39.4500,39.6000,21071854.0000,0.3359
2024-05-09,39.8500,40.1000,39.0000,39.9000,14667345.0000,0.6352
2024-05-12,39.9000,39.9000,37.9000,39.0000,23030136.0000,0.4787
2024-05-13,39.0500,40.7500,39.0500,40.2000,15680138.0000,0.5769
2024-05-14,40.4000,42.2000,40.0500,42.2000,42747507.0000,0.4016
2024-05-15,42.5000,43.0000,41.7500,42.8000,36344580.0000,0.4461
2024-05-16,42.8000,42.9500,42.1000,42.6000,24116415.0000,0.3955
2024-05-20,42.5000,44.2000,41.9000,44.0500,45615167.0000,0.2171
2024-05-21,44.5000,46.2500,42.9500,46.0000,80221850.0000,0.5335
2024-05-22,46.4000,48.3000,45.7000,48.3000,90528423.0000,0.2685
2024-05-23,49.0000,49.0000,45.9000,45.9500,53070069.0000,0.1146
2024-05-26,45.2500,46.7000,45.0000,45.2000,38521150.0000,0.4873
2024-05-27,45.5000,45.8500,43.4000,43.9500,26264263.0000,0.2063
2024-05-28,43.9000,46.1000,43.5500,46.1000,30979346.0000,0.6643
2024-05-29,46.3000,46.9000,44.5000,45.4000,31288700.0000,0.6724
2024-05-30,45.7000,47.6500,44.3000,47.6500,115665511.0000,0.6489
2024-06-02,50.0000,50.0000,50.0000,50.0000,62876628.0000,0.3221
2024-06-03,52.1000,52.1000,47.5000,47.5000,123854100.0000,0.1093
2024-06-04,45.1500,49.8000,45.1500,48.4500,81272335.0000,0.6570
2024-06-05,49.4500,50.5000,48.5000,49.8000,49163158.0000,0.3569
2024-06-06,50.0000,50.4500,49.0000,49.9000,30336425.0000,0.6800
2024-06-09,47.4000,48.6300,47.4000,47.4000,90220734.0000,0.6782
2024-06-10,47.4000,49.2900,47.0200,48.2600,47583387.0000,0.6118
2024-06-11,48.5100,50.5000,48.4000,50.2800,87422931.0000,0.2767
2024-06-12,50.5000,50.5000,49.2900,49.8700,48465602.0000,0.3311
2024-06-13,50.0000,51.1900,49.1000,49.4800,85029862.0000,0.6107
2024-06-17,49.6000,50.2900,48.8500,49.9600,49874657.0000,0.2902
2024-06-18,50.1900,50.2800,48.7500,48.9000,26139387.0000,0.2017
2024-06-19,51.3400,51.3400,49.5500,50.5300,99070183.0000,0.4341
2024-06-20,51.2000,53.0500,51.0000,53.0500,143678671.0000,0.6617
2024-06-23,55.4500,55.7000,54.1500,54.7000,149419809.0000,0.5176
2024-06-24,55.1500,55.5000,53.3200,53.6000,63723030.0000,0.4420
2024-06-25,53.6000,54.3700,52.3000,52.7600,52438770.0000,0.1583
2024-06-26,53.0500,54.0000,51.5000,53.2800,52502181.0000,0.4690
2024-06-27,53.9000,54.0000,52.7100,52.8600,38744898.0000,0.6940
2024-06-30,53.2000,53.2800,52.5900,52.9300,25423991.0000,0.1841
2024-07-01,53.0000,53.3800,52.4300,53.0300,24502330.0000,0.4110
2024-07-02,53.1000,53.9500,53.0000,53.5300,29907631.0000,0.6264
2024-07-03,53.6000,55.6700,53.3700,54.0300,63199465.0000,0.5445
2024-07-04,54.3700,56.4900,53.8000,55.4900,96909661.0000,0.5182
2024-07-07,55.9500,56.0000,54.5000,55.2000,54588551.0000,0.5215
2024-07-08,55.3000,55.8400,53.8600,55.3700,33858415.0000,0.3157
2024-07-09,55.6700,56.0000,53.9000,54.8900,37727227.0000,0.2762
2024-07-10,55.0000,55.0000,54.2000,54.7200,26061094.0000,0.5856
2024-07-11,55.0000,55.4300,53.6500,54.6300,37499020.0000,0.5861
2024-07-14,55.0000,55.0000,54.0200,54.6200,27141448.0000,0.6202
2024-07-15,54.9000,56.0000,54.4300,55.8800,76577863.0000,0.6479
2024-07-17,55.5000,55.7200,53.8200,55.3900,68196637.0000,0.4068
2024-07-18,55.3800,55.8700,53.8200,54.5500,52178598.0000,0.4009
2024-07-21,54.6600,55.4400,53.5000,55.0800,47805246.0000,0.5790
2024-07-22,57.2000,57.8300,54.0000,57.8300,281887693.0000,0.4900
2024-07-23,59.7000,60.7200,59.6300,60.7200,90757700.0000,0.5212
2024-07-24,62.2900,63.7500,60.8000,61.4700,170325709.0000,0.5775
2024-07-25,62.6800,63.0000,61.0000,61.8900,67858407.0000,0.6340
2024-07-28,62.9500,64.9800,62.3800,64.9800,97886927.0000,0.3028
2024-07-29,65.8100,68.2200,65.6300,68.2200,114489676.0000,0.3253
2024-07-30,70.1100,70.8900,68.2800,69.3800,131539602.0000,0.1564
2024-07-31,69.9300,70.9900,66.2200,67.9800,134824650.0000,0.4470
2024-08-01,67.8000,71.3700,67.0500,71.3500,131096033.0000,0.1216
2024-08-04,69.9000,71.6400,67.7800,67.8500,209904382.0000,0.3794
2024-08-05,68.7500,70.8500,65.6000,66.2700,96665562.0000,0.4256
2024-08-06,69.0000,69.5800,68.1100,69.5800,65576822.0000,0.2719
2024-08-07,71.0000,73.0500,70.5800,72.9200,212956025.0000,0.4545
2024-08-08,74.6000,76.5600,73.0000,76.5400,142611445.0000,0.1183
2024-08-11,77.1500,80.3600,74.6500,80.3600,131256497.0000,0.1224
2024-08-12,81.9700,84.2900,78.3500,80.7900,193725637.0000,0.5936
2024-08-13,82.1900,82.4100,76.7500,76.7700,141960840.0000,0.3161
2024-08-15,77.9500,80.5000,74.1200,79.9500,155613726.0000,0.1762
2024-08-18,80.6400,82.4500,79.2100,80.7100,96552950.0000,0.4133
2024-08-19,81.3100,81.5800,78.5000,79.4300,54449596.0000,0.5620
2024-08-20,79.4000,80.1500,78.6100,78.8500,38869576.0000,0.2295
2024-08-21,79.2300,79.5900,77.3000,77.5700,41519353.0000,0.4737
2024-08-22,77.7000,80.5000,77.7000,78.8400,67410388.0000,0.1512
2024-08-25,79.3400,79.7900,75.6600,76.4000,57918809.0000,0.1310
2024-08-26,77.2400,78.3000,76.6000,77.5000,32622346.0000,0.4188
2024-08-27,77.9500,79.7300,77.6600,78.9600,47724768.0000,0.4244
2024-08-28,78.6700,78.6900,76.2000,77.0000,41938870.0000,0.4825
2024-08-29,77.3000,77.5800,75.1200,75.8400,63934257.0000,0.5357
2024-09-01,75.8400,76.1000,72.5000,73.8100,71966033.0000,0.6855
2024-09-02,73.8100,76.3700,73.5400,74.4700,49347993.0000,0.4098
2024-09-03,74.4000,74.9000,73.3000,74.1600,28321394.0000,0.2938
2024-09-04,75.7000,77.0900,74.6600,76.0000,56483144.0000,0.5771
2024-09-05,76.7500,77.3500,74.5100,74.7200,43635971.0000,0.2625
2024-09-08,75.2800,77.2800,72.8200,74.3400,87247821.0000,0.3634
2024-09-09,75.8300,78.0500,75.3400,78.0500,144759489.0000,0.1471
2024-09-10,79.3400,81.9500,79.1000,81.9500,121404214.0000,0.1152
2024-09-11,86.0000,86.0400,80.4100,81.7000,186025037.0000,0.6776
2024-09-12,82.1400,84.5000,80.8000,83.1100,82750388.0000,0.6016
2024-09-15,83.8800,85.8500,83.6600,84.7000,67945786.0000,0.5176
2024-09-16,85.1800,85.4000,80.5700,82.0000,61029140.0000,0.3454
2024-09-17,82.2000,82.9800,80.5200,80.8200,37668180.0000,0.2040
2024-09-18,81.8900,83.0000,78.0000,80.9700,60446356.0000,0.1939
2024-09-19,82.2400,84.0000,81.3100,83.4500,74313107.0000,0.2501
2024-09-22,84.1900,84.9900,82.7000,82.8900,35307207.0000,0.4295
2024-09-23,83.0000,84.2000,82.3200,83.7900,34414038.0000,0.5288
2024-09-24,83.7000,83.7000,82.5000,82.9600,27040040.0000,0.4961
2024-09-25,82.9500,83.3600,81.5000,81.8400,24929699.0000,0.2680
2024-09-26,81.7500,82.7700,80.5000,81.0900,42523359.0000,0.6729
2024-09-29,80.8000,81.5800,79.3700,80.0500,42376466.0000,0.5427
2024-09-30,80.3000,81.5300,79.5000,79.7400,27494973.0000,0.4326
2024-10-02,76.7400,78.6000,75.7500,75.7500,79766127.0000,0.4670
2024-10-03,74.8500,76.6500,72.2200,74.6700,77974009.0000,0.3518
2024-10-06,75.6400,76.4900,70.9300,70.9300,76807728.0000,0.2486
2024-10-07,68.1000,74.2000,66.1000,73.6400,135896990.0000,0.3136
2024-10-08,74.5900,80.6000,74.5500,76.6900,136134618.0000,0.5547
2024-10-09,77.5000,77.8900,74.6700,75.4400,71016473.0000,0.1086
2024-10-10,75.7500,76.0700,74.2500,74.3900,32799505.0000,0.1696
2024-10-13,74.6500,75.0000,73.7500,74.0100,24979009.0000,0.1276
2024-10-14,74.1000,74.2400,72.1500,73.7100,42418804.0000,0.1244
2024-10-15,73.7100,75.6500,73.5200,75.0500,47156496.0000,0.6133
2024-10-16,75.3900,75.4500,72.4000,73.0100,32194681.0000,0.5222
2024-10-17,72.9000,73.3500,71.1000,72.1900,36018706.0000,0.3845
2024-10-20,72.4900,72.7700,70.3000,70.6300,27026007.0000,0.1587
2024-10-21,70.5900,71.3000,67.5000,68.5600,67732028.0000,0.3950
2024-10-22,67.3000,69.9400,66.1000,68.8500,55215451.0000,0.3841
2024-10-23,69.0800,71.1400,68.4000,69.1500,35058205.0000,0.2039
2024-10-24,69.8800,70.3000,66.0000,67.4700,49452859.0000,0.3603
2024-10-27,68.0000,72.6000,66.1400,70.8400,81820533.0000,0.3391
2024-10-28,72.7500,73.5000,66.8200,68.8700,129971042.0000,0.4695
2024-10-29,68.9900,69.6300,67.5600,68.1300,52761387.0000,0.4811
2024-10-30,67.9600,68.4400,66.7000,66.9500,41454018.0000,0.1272
2024-10-31,67.3000,68.4000,67.2000,68.1400,14965199.0000,0.3248
2024-11-03,68.1900,68.2400,65.2000,66.3200,55381082.0000,0.4755
2024-11-04,66.3000,68.2500,65.5300,67.3700,45626050.0000,0.4019
2024-11-05,68.0000,69.8500,67.4200,69.3200,50008246.0000,0.6139
2024-11-06,69.4500,69.4500,66.4400,66.8000,49354800.0000,0.4952
2024-11-07,66.5900,66.5900,61.8400,62.5000,86095752.0000,0.1978
2024-11-10,61.5000,63.1400,58.5600,62.1600,128104971.0000,0.1423
2024-11-11,62.1600,62.8700,59.1000,59.3900,67563924.0000,0.4855
2024-11-12,58.0000,59.2800,53.4500,54.0300,194511406.0000,0.1159
2024-11-13,54.0300,56.7300,53.6500,56.7300,56957801.0000,0.4515
2024-11-17,59.4500,59.5600,56.8000,59.2600,119110598.0000,0.6641
2024-11-18,60.5000,62.2200,59.4200,62.2200,74476083.0000,0.4453
2024-11-20,63.9000,65.3300,63.5000,65.3300,131579845.0000,0.3329
2024-11-21,66.8000,68.3300,64.6000,65.2200,130345329.0000,0.4860
2024-11-24,67.0000,67.5000,63.7100,64.2300,123922270.0000,0.3750
2024-11-25,64.6400,64.8500,63.3000,63.5700,35463228.0000,0.4274
2024-11-26,63.8800,64.2900,62.7100,63.5900,37152591.0000,0.6649
2024-11-27,63.6900,65.5000,62.9000,63.7300,42559541.0000,0.3317
2024-11-28,63.9000,64.2200,62.4100,62.9800,54815057.0000,0.6767
2024-12-01,63.1100,66.1200,62.2800,66.1200,61128869.0000,0.6432
2024-12-02,66.7900,67.3000,65.0000,65.4000,91100475.0000,0.2175
2024-12-03,65.9000,68.4500,65.3400,67.7200,97607170.0000,0.1416
2024-12-04,68.2000,68.8000,66.8800,68.2600,56295912.0000,0.1605
2024-12-05,68.0000,68.3900,67.2800,67.3900,38528682.0000,0.1109
2024-12-08,67.3800,67.8000,66.4000,67.3600,34635931.0000,0.1567
2024-12-09,67.3000,67.3600,65.8600,66.5500,29542425.0000,0.5098
2024-12-10,66.4200,67.2000,65.8500,66.1200,32530712.0000,0.1427
2024-12-11,65.6100,66.4300,64.8600,65.7000,33619161.0000,0.2914
2024-12-12,65.5000,67.6800,65.2600,66.2000,47952699.0000,0.6069
2024-12-15,67.5000,68.6200,66.1600,66.3600,56788124.0000,0.1140
2024-12-16,66.3600,69.6700,66.2100,69.5600,188345914.0000,0.5887
2024-12-17,69.8000,70.1800,67.3700,67.9500,68899550.0000,0.2691
2024-12-18,66.5000,68.5800,66.2000,67.0500,56237783.0000,0.1709
2024-12-19,67.5500,67.7900,63.9500,64.1300,55042543.0000,0.5180
2024-12-22,65.1600,65.1600,63.2800,63.8600,30077026.0000,0.4774
2024-12-23,63.9800,65.3800,63.7700,64.8700,24810689.0000,0.6265
2024-12-25,64.9900,65.1500,63.8700,64.3400,19522002.0000,0.5410
2024-12-26,64.5000,64.7300,63.0000,63.2500,20617504.0000,0.5821
2024-12-29,63.1900,63.8900,61.1100,61.4200,50198161.0000,0.2692
2024-12-30,61.4900,62.4200,61.0600,62.2200,34983814.0000,0.2065
2024-12-31,62.6400,65.3300,62.0700,65.3300,62229972.0000,0.5504
2025-01-01,65.0000,65.1000,62.5500,62.9200,67889756.0000,0.5841
2025-01-02,63.0000,63.2500,61.8000,61.9500,42686992.0000,0.6943
2025-01-05,62.0500,62.1200,58.8500,58.8500,62445389.0000,0.3476
2025-01-06,58.0600,61.7900,58.0600,60.8800,59115926.0000,0.3232
2025-01-07,60.8000,61.0000,59.0000,60.0300,37159538.0000,0.5658
2025-01-08,60.3400,60.3500,57.6500,57.8800,35053006.0000,0.3045
2025-01-09,58.0000,58.1500,55.5000,55.5700,64397011.0000,0.6585
2025-01-12,54.5000,57.0000,53.9800,54.4500,92083914.0000,0.6150
2025-01-13,55.2000,57.1700,55.1100,57.1700,41045252.0000,0.3574
2025-01-14,57.1700,59.8000,56.8100,57.2600,65243228.0000,0.5505
2025-01-15,58.7600,59.1900,56.7000,56.8700,39797323.0000,0.5527
2025-01-16,57.0000,57.3900,55.9400,56.8400,41806502.0000,0.1619
2025-01-19,57.5200,58.7900,56.2600,58.0900,49547406.0000,0.6415
2025-01-20,58.3500,58.4700,56.3500,57.4300,33972001.0000,0.4032
2025-01-21,57.4300,57.8400,54.5500,55.1200,48986568.0000,0.5959
2025-01-22,55.1200,56.6400,54.1900,54.3100,49582278.0000,0.2920
2025-01-23,54.9000,54.9900,52.1500,52.5400,64210167.0000,0.6373
2025-01-26,52.4000,52.4800,49.9100,50.2300,66288203.0000,0.3335
2025-01-27,50.5900,51.5900,47.8100,50.2600,86563217.0000,0.1065
2025-01-28,52.7700,52.7700,52.7700,52.7700,13990368.0000,0.6432
2025-01-29,55.4000,55.4000,55.4000,55.4000,10961611.0000,0.1548
2025-01-30,57.0000,58.1700,56.5500,58.1700,111500110.0000,0.2916
2025-01-31,60.5000,61.0700,56.5100,58.1600,168912946.0000,0.6700
2025-02-02,57.7800,59.1000,55.4100,56.3700,93425367.0000,0.6704
2025-02-03,57.1900,57.9800,55.9600,56.9200,42367489.0000,0.4441
2025-02-04,57.2400,57.7700,55.7700,55.9000,37787329.0000,0.4791
2025-02-05,55.9100,56.3800,54.5500,54.9200,31769107.0000,0.3691
2025-02-06,54.9700,55.0800,52.9200,53.6100,38821987.0000,0.2759
2025-02-09,53.3900,54.3900,52.3100,52.7200,31170558.0000,0.2972
2025-02-10,52.8500,53.0500,50.3200,51.9900,49471491.0000,0.5035
2025-02-11,51.9900,52.9900,49.0500,52.4000,69163693.0000,0.5514
2025-02-12,52.8100,53.9500,52.2900,53.3500,41607228.0000,0.5749
2025-02-13,53.5500,53.8800,50.4500,51.1400,45983899.0000,0.5738
2025-02-16,51.0000,51.6900,49.5000,51.4200,46742293.0000,0.1547
2025-02-17,51.0000,51.3500,49.4900,50.6400,38970008.0000,0.3967
2025-02-18,50.3000,55.2800,49.8400,54.1600,71927816.0000,0.1345
2025-02-19,54.0000,55.3500,53.2500,54.8800,38873355.0000,0.4297
2025-02-20,54.9000,56.3000,54.3000,55.1700,56799902.0000,0.3649
2025-02-23,54.6000,54.7000,53.4500,54.2900,43162800.0000,0.6326
2025-02-24,54.2900,55.0800,54.2700,54.5800,21791959.0000,0.3105
2025-02-26,54.6400,54.9400,51.7500,52.1300,39073334.0000,0.1702
2025-02-27,51.2100,51.9000,49.5100,49.7100,93211241.0000,0.1858
2025-03-02,50.0500,51.1900,46.6000,49.7800,108578059.0000,0.5569
2025-03-03,48.8500,51.4900,48.5200,50.1100,67731679.0000,0.4709
2025-03-04,50.6000,52.0500,50.5100,51.4900,72632328.0000,0.1607
2025-03-05,52.6900,52.8900,51.7200,52.1000,56090540.0000,0.1505
2025-03-06,51.9900,56.9400,51.6000,54.9200,106855231.0000,0.5206
2025-03-09,55.1100,56.7900,52.7600,53.2400,81450055.0000,0.1437
2025-03-10,52.0200,54.1500,51.6300,53.7600,58522186.0000,0.5931
2025-03-11,54.0600,54.4500,52.7700,53.8500,48314005.0000,0.5237
2025-03-12,54.3500,55.0000,53.6200,54.5800,43837645.0000,0.1488
2025-03-16,54.7400,56.5000,54.2500,54.5000,54133917.0000,0.1509
2025-03-17,54.5000,54.5000,54.5000,54.5000,0.0000,0.6920
2025-03-18,55.3900,58.0000,55.3400,57.7600,79465967.0000,0.3246
2025-03-19,58.9000,59.4000,56.6800,58.3900,51729766.0000,0.3224
2025-03-20,58.3800,58.6500,55.9400,56.5000,104724888.0000,0.5877
2025-03-23,57.6900,58.3600,57.0500,57.9100,58367956.0000,0.6683
2025-03-24,58.4600,59.4800,57.0500,57.6500,66615843.0000,0.6916
2025-03-25,57.9000,58.6300,56.3000,57.4300,52250161.0000,0.5520
2025-03-26,57.1100,57.9400,56.4400,57.0100,49678644.0000,0.3258
2025-03-27,57.3600,58.4000,56.4000,56.6600,43376048.0000,0.1501
2025-03-31,55.5000,56.9800,55.1100,55.7500,40810312.0000,0.5663
2025-04-01,55.8400,57.7400,54.3600,57.4300,49530064.0000,0.4350
2025-04-02,56.2100,57.8200,56.2000,57.4900,42914792.0000,0.3545
2025-04-03,57.4900,57.5000,54.6600,55.3600,51863551.0000,0.6438
2025-04-06,46.9000,53.1000,46.1500,52.1200,81905901.0000,0.1667
2025-04-07,54.3400,54.3400,52.7300,53.0800,40949448.0000,0.3956
2025-04-08,53.0700,53.7600,51.0100,51.2100,50850121.0000,0.1068
2025-04-10,53.9600,53.9600,52.1600,53.0000,49591603.0000,0.3812
2025-04-14,54.8800,55.6600,53.9100,54.3700,58941572.0000,0.1338
2025-04-15,54.5100,54.8900,53.8500,54.3400,34690956.0000,0.1713
2025-04-16,54.3300,55.7200,54.0100,55.0700,54279879.0000,0.1705
2025-04-20,55.5500,61.1000,55.5000,60.2900,169658526.0000,0.4895
2025-04-21,60.9500,61.5800,59.0200,59.2700,89155646.0000,0.5476
2025-04-22,59.6800,60.1700,58.1300,59.9900,97968387.0000,0.4500
2025-04-23,60.0000,61.4900,59.7200,60.1100,97850644.0000,0.6773
2025-04-24,60.3100,60.4500,56.7200,58.3000,104362729.0000,0.3249
2025-04-27,57.5000,58.4900,57.0000,57.7800,50641247.0000,0.2714
2025-04-28,58.0000,59.5000,57.3500,57.7000,51629064.0000,0.6212
2025-04-29,57.7000,57.9000,56.0000,56.4000,55507075.0000,0.2342
2025-05-01,56.1600,56.9900,55.8600,56.1300,35493371.0000,0.6779
2025-05-04,56.5000,57.2500,56.3500,56.9200,30173749.0000,0.1073
2025-05-05,57.0000,57.4900,53.4200,53.7400,59698908.0000,0.6819
2025-05-06,52.4000,55.1800,52.4000,54.7000,100831859.0000,0.1259
2025-05-07,55.5000,55.9800,52.8000,53.1500,65062799.0000,0.6347
2025-05-08,51.2500,53.0000,51.1000,52.6700,68598385.0000,0.4166
2025-05-11,56.2400,57.4000,55.2400,56.9500,89597903.0000,0.6958
2025-05-12,57.2000,58.1700,56.7100,57.6000,55623455.0000,0.1443
2025-05-13,57.9000,60.4000,57.4000,59.9200,97734016.0000,0.4323
2025-05-14,60.4000,61.7700,60.1000,61.2200,79989466.0000,0.6816
2025-05-15,61.6000,62.1300,60.3500,61.0800,77800547.0000,0.4139
2025-05-18,61.2100,62.6000,61.1200,61.5300,53353255.0000,0.4776
2025-05-19,61.9500,62.1900,60.1000,60.3500,64416562.0000,0.5174
2025-05-20,60.2000,61.6500,59.3500,61.2800,57916922.0000,0.3727
2025-05-21,61.0000,61.7200,60.3500,61.0100,43220436.0000,0.4765
2025-05-22,61.4500,62.9000,60.6600,62.2100,90698519.0000,0.4506
2025-05-25,62.8300,65.9500,62.7400,64.3700,127004476.0000,0.6407
2025-05-26,64.9000,66.0000,63.6100,65.3900,125848116.0000,0.1273
2025-05-27,65.7100,68.5000,65.5100,66.3200,162393521.0000,0.2686
2025-05-28,67.1900,67.6100,64.7500,65.4200,106020315.0000,0.6702
2025-05-29,71.5000,74.3000,70.5500,71.4800,547640042.0000,0.6342
2025-06-01,72.2000,73.5000,70.7100,71.1900,173588228.0000,0.3734
2025-06-02,71.7000,72.4000,67.9000,68.1500,166631797.0000,0.4721
2025-06-03,68.3500,68.5800,66.5000,66.7200,125734824.0000,0.2664
2025-06-04,67.0000,68.6000,66.5000,66.7700,116558636.0000,0.2129
2025-06-05,67.4000,67.5000,66.1000,66.7100,75950376.0000,0.3782
2025-06-08,67.7500,68.3000,67.0000,67.1300,110914040.0000,0.3120
2025-06-09,67.8300,69.5000,66.8000,68.2900,158113094.0000,0.4502
2025-06-10,68.6000,69.4000,67.1200,67.5900,99916334.0000,0.1466
2025-06-11,67.7500,67.8900,65.5000,65.6800,91116082.0000,0.6846
2025-06-12,64.1900,65.4800,63.3200,64.7300,90307455.0000,0.6917
2025-06-15,64.5000,65.8000,63.1600,65.4100,82798745.0000,0.5189
2025-06-16,65.4100,65.8700,64.1100,64.5200,62347373.0000,0.4217
2025-06-17,64.5200,65.2400,63.8100,64.0700,49246678.0000,0.2857
2025-06-18,64.0000,64.4000,61.7600,62.5300,90679408.0000,0.5883
2025-06-19,62.5600,64.4800,62.4200,63.2300,155351419.0000,0.5108
2025-06-22,62.6000,63.2000,62.0500,62.7900,48152988.0000,0.1976
2025-06-23,63.7000,64.6700,63.2600,64.3900,84498836.0000,0.6466
2025-06-24,64.9000,64.9000,63.9100,64.3200,51596980.0000,0.5935
2025-06-25,64.5400,65.5700,64.0800,64.5300,63684828.0000,0.6699
2025-06-26,64.8000,67.7000,64.4500,67.3200,157324744.0000,0.5354
2025-06-29,67.6500,68.1700,66.5000,67.7200,100164317.0000,0.4680
2025-06-30,67.7200,68.1200,67.0100,67.2000,49316098.0000,0.3509
2025-07-01,67.3800,67.5200,64.4000,64.7900,72931988.0000,0.6596
2025-07-02,65.4000,66.2100,64.9200,65.2700,48302742.0000,0.6196
2025-07-03,65.5000,65.7000,64.9200,65.5300,32254269.0000,0.1271
2025-07-06,65.8000,66.5900,65.1300,65.8800,41996456.0000,0.1158
2025-07-07,65.7900,66.5000,65.3000,66.2600,40707600.0000,0.3259
2025-07-08,66.4700,66.8500,65.7200,65.9400,39940889.0000,0.5863
2025-07-09,66.0000,66.5400,65.5100,65.9700,31012486.0000,0.6924
2025-07-10,65.9700,66.2600,65.2500,65.9200,32762054.0000,0.1903
2025-07-13,66.2200,66.4400,65.2600,65.4400,37954638.0000,0.4565
2025-07-14,65.4700,67.4000,65.4700,67.1700,68141681.0000,0.3285
2025-07-15,67.3000,68.3000,66.8500,67.0300,52713937.0000,0.6819
2025-07-16,67.1000,67.1400,66.0500,66.2600,31477927.0000,0.6053
2025-07-17,66.2600,66.5900,64.7700,65.0600,37155281.0000,0.6030
2025-07-20,65.2400,66.5000,65.0000,66.4200,35813725.0000,0.3812
2025-07-21,66.6800,66.7800,65.7000,66.5800,35735857.0000,0.3489
2025-07-22,66.1000,66.4400,65.5200,65.9800,32844030.0000,0.2640
2025-07-23,65.9800,66.2400,65.0500,65.3200,25857103.0000,0.1338
2025-07-24,65.3000,65.3200,62.8300,63.6200,55135489.0000,0.6188
2025-07-27,63.5000,63.5500,60.6500,60.8500,63833967.0000,0.5877
2025-07-28,60.6900,62.6100,59.9500,61.7900,53322991.0000,0.6998
2025-07-29,61.9800,62.0500,61.0100,61.2100,26142390.0000,0.6980
2025-07-30,60.0500,62.0200,59.7800,61.6000,52270070.0000,0.4333
2025-07-31,62.3000,66.8000,62.3000,65.9500,282885799.0000,0.5614
2025-08-03,66.6000,66.8100,64.6500,65.0000,72002898.0000,0.6669
2025-08-04,65.0000,66.1000,64.8700,65.4400,49369073.0000,0.6098
2025-08-05,65.7800,65.8500,64.5700,65.2600,47280146.0000,0.2484
2025-08-06,64.8100,65.2600,62.2100,64.2100,75542321.0000,0.3703
2025-08-07,64.5000,64.5200,62.9600,63.1900,44361456.0000,0.1775
2025-08-10,63.2000,64.7800,62.8900,63.3200,56446107.0000,0.6724
2025-08-11,64.2000,64.9500,62.5700,63.1300,98199194.0000,0.4637
2025-08-12,63.1500,63.8000,60.1000,60.3800,173116275.0000,0.2372
2025-08-13,60.6800,60.9900,60.0000,60.0600,61474611.0000,0.5030
2025-08-17,61.5000,61.6400,56.6200,58.0700,175241892.0000,0.4709
2025-08-18,58.2500,59.7500,57.7200,59.5900,100339049.0000,0.3149
2025-08-19,59.6500,60.3500,59.2000,59.8500,59028795.0000,0.1681
2025-08-20,60.1600,60.2400,58.0100,58.1600,53042863.0000,0.5029
2025-08-21,58.3900,59.2900,58.0600,58.5100,67410588.0000,0.4122
2025-08-24,59.0400,59.0400,57.3600,57.4300,55015151.0000,0.5634
2025-08-25,57.0400,57.4500,56.6100,56.9700,54251386.0000,0.4121
2025-08-27,57.3100,57.3100,55.8900,56.3200,57742437.0000,0.6113
2025-08-28,56.3500,57.1500,55.5300,56.4300,66053084.0000,0.4311
2025-08-31,56.9000,57.9800,56.5700,57.8600,62787374.0000,0.4366
2025-09-01,58.4500,59.1000,57.9000,58.2500,72989341.0000,0.6260
2025-09-02,58.2500,58.7200,57.9000,57.9900,44161578.0000,0.3421
2025-09-03,58.7400,58.9000,57.2700,57.4200,45523685.0000,0.1804
2025-09-04,57.6400,58.1500,57.3000,57.8700,36924536.0000,0.1173
2025-09-07,58.1000,58.2500,57.3500,57.4500,31288449.0000,0.5531
2025-09-08,57.7300,57.7500,57.0000,57.0600,28437335.0000,0.4722
2025-09-09,57.3000,58.0300,57.2100,57.5700,37061910.0000,0.5224
2025-09-10,57.5700,58.0400,56.8800,56.9400,35651527.0000,0.2278
2025-09-11,57.2600,57.4200,56.7300,57.1100,30872715.0000,0.1818
2025-09-14,57.3900,58.4500,57.2000,58.0700,47861584.0000,0.1087
2025-09-15,58.3000,59.6500,58.2900,58.9800,83962341.0000,0.3104
2025-09-16,60.0000,60.0800,58.7500,59.2900,63663995.0000,0.4540
2025-09-17,59.4100,59.6600,58.7500,59.0800,34615017.0000,0.3353
2025-09-18,59.2500,60.6100,59.0600,60.4000,84643232.0000,0.3625
2025-09-21,60.4000,60.9700,59.6700,59.9300,62077740.0000,0.6425
2025-09-22,60.0000,60.1300,58.6300,58.7500,43152416.0000,0.3090
2025-09-23,58.7800,58.8800,57.3600,57.5000,36883372.0000,0.4084
2025-09-24,57.5000,58.2000,56.4500,56.6400,38206699.0000,0.5702
2025-09-25,56.9600,57.2300,55.1500,55.2800,54393034.0000,0.3379
2025-09-28,55.7000,56.3600,55.1500,55.2800,49687799.0000,0.4733
2025-09-29,55.3800,55.4600,54.4100,55.0500,57639009.0000,0.6174
2025-09-30,55.0500,55.3600,54.6000,55.1800,46144026.0000,0.6697
2025-10-02,55.4400,55.4800,53.8500,54.4600,69042422.0000,0.1882
2025-10-05,55.0000,55.1700,53.9200,54.1100,45009790.0000,0.6560
2025-10-06,54.3500,54.8000,53.9500,54.0100,50646458.0000,0.3953
2025-10-07,54.1300,54.1400,52.6600,52.7700,60453406.0000,0.2549
2025-10-08,52.8000,53.5300,52.5500,53.1700,63749358.0000,0.3755
2025-10-09,53.3000,54.7500,53.2300,54.3100,58987213.0000,0.6880
2025-10-12,54.2900,54.4800,53.7200,54.3500,44487704.0000,0.3956
2025-10-13,54.6500,54.7000,53.6200,53.9500,40526897.0000,0.2973
2025-10-14,54.2100,54.6000,53.5800,53.7300,56703266.0000,0.4800
2025-10-15,53.9300,54.2000,53.4100,53.6100,48868416.0000,0.2441
2025-10-16,53.6100,53.9500,52.0000,52.9200,173663310.0000,0.1455
2025-10-19,53.1900,53.6900,52.9200,53.0900,34409429.0000,0.1773
2025-10-20,53.6000,54.3400,53.4000,54.1800,22821584.0000,0.1768
2025-10-22,54.5400,55.2500,54.2200,54.5300,76480331.0000,0.1911
2025-10-23,54.6800,55.1800,53.6500,53.8200,44370005.0000,0.1833
2025-10-26,54.1000,54.1600,53.6300,53.7100,24719719.0000,0.4845
2025-10-27,53.7100,56.4700,53.6000,56.2200,134473878.0000,0.2091
2025-10-28,56.4400,58.7800,55.9800,58.1900,154967971.0000,0.3074
2025-10-29,58.5000,59.3300,57.9200,58.5100,83463327.0000,0.6381
2025-10-30,58.7800,60.1800,58.6600,59.3000,108026021.0000,0.3844
2025-11-02,59.4700,59.8800,58.5300,59.2400,75149800.0000,0.5005
2025-11-03,59.5900,61.3700,58.8300,59.9900,317089760.0000,0.2034
2025-11-05,61.5000,61.5000,59.4600,59.6100,147235071.0000,0.2154
2025-11-06,59.5000,59.5000,56.9300,57.3800,122840652.0000,0.1245
2025-11-09,57.9000,58.2000,57.0100,57.4300,63054794.0000,0.2014
2025-11-10,57.6000,58.0500,56.8600,57.8200,50483890.0000,0.2672
2025-11-11,58.2000,58.9500,57.6700,58.4800,53042828.0000,0.2062
2025-11-12,58.2900,58.3400,57.4100,57.5800,40221624.0000,0.1532
2025-11-13,57.5000,58.2900,57.0300,57.6800,41214942.0000,0.1724
2025-11-16,57.8000,58.1600,57.5000,57.7000,36049802.0000,0.3765
2025-11-17,57.8800,57.8800,56.7000,56.9000,29797672.0000,0.2238
2025-11-18,56.9500,57.0800,56.3000,56.5300,35976206.0000,0.3186
2025-11-19,56.6000,57.1500,56.5200,56.7000,37658777.0000,0.4021
2025-11-20,56.6700,56.7200,55.0000,55.1000,42894379.0000,0.5142
2025-11-23,55.1000,55.5400,54.4000,54.6100,96347031.0000,0.1236
2025-11-24,54.5000,54.9500,54.1100,54.1900,36680917.0000,0.5796
2025-11-25,54.2000,55.6900,54.1400,55.5800,43866679.0000,0.4767
2025-11-26,55.7000,55.9000,54.8100,54.9300,28645872.0000,0.1491
2025-11-27,55.0000,55.0000,53.7500,54.0100,52551047.0000,0.6241
2025-11-30,54.3000,54.7400,53.5200,53.7200,33170385.0000,0.6525
2025-12-01,53.7500,54.1000,53.2100,53.4200,41115861.0000,0.1366
2025-12-02,53.4300,53.6500,52.2200,52.5900,42825048.0000,0.2661
2025-12-03,52.6500,52.8400,50.6000,50.8500,76794810.0000,0.5837
2025-12-04,51.1300,52.1500,50.7500,51.7400,61141969.0000,0.5490
2025-12-07,52.0100,53.0000,51.5700,51.7800,97482417.0000,0.2107
2025-12-08,51.9900,52.7700,51.0000,52.5500,64804664.0000,0.2256
2025-12-09,52.8000,53.2000,51.3500,51.5400,59123651.0000,0.3223
2025-12-10,51.7000,52.4400,51.3200,52.0400,52982896.0000,0.3907
2025-12-11,52.5000,53.1000,52.5000,53.0200,42524157.0000,0.4710
2025-12-14,52.9900,53.3500,52.5500,53.1400,30122901.0000,0.3213
2025-12-15,53.1400,53.1400,52.2500,52.6700,33821093.0000,0.3775
2025-12-16,52.6000,52.6500,51.8000,51.9400,30348315.0000,0.5485
2025-12-17,51.9100,52.0000,51.3200,51.7800,30872497.0000,0.1220
2025-12-18,51.8000,52.7500,51.5400,52.5900,37121138.0000,0.2515
2025-12-21,52.9000,53.7400,52.8000,53.5100,38903607.0000,0.5280
2025-12-22,53.5100,53.8400,53.3200,53.6200,30259539.0000,0.6371
2025-12-23,53.5900,55.0500,53.1600,53.3000,44076962.0000,0.4070
2025-12-25,53.3000,54.1300,53.1000,53.2000,41885960.0000,0.4193
2025-12-28,53.4400,53.8500,52.6100,52.7300,35515877.0000,0.1643
2025-12-29,52.7300,52.8000,51.8100,52.0000,101385408.0000,0.3684
2025-12-30,52.0000,53.1600,51.9100,52.6700,38744091.0000,0.4196
2025-12-31,52.7100,52.9800,52.0500,52.4700,26749342.0000,0.2455
2026-01-01,52.5900,54.4000,52.4400,54.2800,59517999.0000,0.2615
2026-01-04,54.4000,54.5400,53.3000,53.6700,40693570.0000,0.3264
2026-01-05,53.7000,53.9900,52.8700,53.4500,31119731.0000,0.1120
2026-01-06,53.3000,53.6900,52.6700,52.9000,48744390.0000,0.2932
2026-01-07,52.9000,53.4100,50.6500,50.9300,59316617.0000,0.2269
2026-01-08,50.8200,51.0900,48.8700,49.2000,89917429.0000,0.2965
2026-01-11,49.3000,49.3800,47.9000,49.2000,66498246.0000,0.1719
2026-01-12,49.5500,49.7000,47.8000,48.6900,75354673.0000,0.6343
2026-01-13,48.4900,49.8000,48.1600,49.0100,55863563.0000,0.4562
2026-01-14,49.0100,49.0100,49.0100,49.0100,0.0000,0.5075
2026-01-15,49.0200,49.3600,48.1500,48.4500,105047207.0000,0.5735
2026-01-18,48.6900,48.9200,47.4500,47.9800,52924798.0000,0.3991
2026-01-19,47.9800,48.3300,46.2000,46.3400,60935304.0000,0.1522
2026-01-20,46.3000,46.6900,45.3700,45.5300,78076574.0000,0.4223
2026-01-21,46.4000,47.2000,45.7500,46.9900,56239464.0000,0.4521
2026-01-22,47.4000,47.4000,45.5500,45.7000,49252985.0000,0.5473
2026-01-26,45.8500,46.2500,44.8800,45.7900,62941841.0000,0.3590
2026-01-27,46.0100,48.0000,46.0100,47.8000,59993734.0000,0.1765
2026-01-28,48.0300,48.0900,46.6300,47.4400,55397230.0000,0.2703
2026-01-29,47.4300,47.9700,46.7900,47.6700,60762661.0000,0.3178
2026-02-01,46.5000,47.2500,45.4100,46.9900,45471127.0000,0.4876
2026-02-02,49.3100,49.6900,48.4200,49.1600,78516505.0000,0.4425
2026-02-03,49.2600,50.0000,48.8000,49.7700,55580192.0000,0.3137
2026-02-04,50.0000,50.0200,47.0000,47.8500,121302173.0000,0.6919
2026-02-05,47.8500,48.2000,47.2500,48.0400,57960744.0000,0.4635
2026-02-08,48.2600,48.5700,47.6100,48.1900,51743958.0000,0.2423
2026-02-09,48.2000,48.3900,47.5500,47.6900,40362194.0000,0.1611
2026-02-10,47.7100,47.7400,46.7000,47.3800,57124692.0000,0.1917
2026-02-11,47.3000,47.5500,46.7200,46.8100,38946281.0000,0.2476
2026-02-12,46.6000,46.7400,45.5500,45.6700,52618195.0000,0.1964
2026-02-15,45.6700,46.3300,45.3400,46.2100,39325966.0000,0.2119
2026-02-16,46.1900,46.5700,45.7100,45.9400,39827932.0000,0.2711
2026-02-17,45.9500,46.2900,45.8100,46.0900,22066437.0000,0.2040
2026-02-18,46.0500,46.3900,45.0000,45.2500,36681650.0000,0.6381
2026-02-19,45.2000,45.3500,44.2600,44.4600,61647383.0000,0.1481
2026-02-22,44.5600,44.9600,43.8300,44.2500,49442100.0000,0.4147
2026-02-23,44.2500,44.3900,43.3600,44.1300,56568697.0000,0.3462
2026-02-24,44.3400,44.7400,42.6000,43.1800,75839738.0000,0.6894
2026-02-25,43.1800,43.9000,42.8700,43.2700,49800911.0000,0.1672
2026-02-26,43.2700,43.3000,42.4500,42.6700,85724851.0000,0.3387
2026-03-01,39.1300,41.7900,39.1300,40.9500,116013965.0000,0.6817
2026-03-03,40.2000,40.5500,39.7000,39.9300,71113339.0000,0.6193
2026-03-04,40.2500,40.6400,39.2200,40.2500,89173308.0000,0.5902
2026-03-05,40.2500,40.9900,39.8500,39.9900,63058597.0000,0.2547
2026-03-08,39.4900,39.7600,38.1900,39.6200,71721599.0000,0.2025
2026-03-09,40.3800,41.6400,40.0000,41.4500,70866917.0000,0.5012
2026-03-10,41.7200,42.0600,41.4000,41.6200,64189593.0000,0.6576
2026-03-11,41.5100,43.5400,40.9300,42.4300,108432510.0000,0.4341
2026-03-12,42.4200,42.8300,40.9800,41.4100,79497665.0000,0.4430
2026-03-15,41.4900,42.2300,40.7200,41.0100,81266796.0000,0.2680
2026-03-16,41.5000,41.6000,40.5100,41.2700,70423021.0000,0.5617
2026-03-17,41.3400,42.3000,41.2100,42.0600,58427254.0000,0.2122
2026-03-18,41.2000,41.7900,40.8200,41.0900,55593734.0000,0.2942
2026-03-19,41.4000,42.7300,41.3400,41.9500,71960845.0000,0.3553
2026-03-22,41.7600,41.7600,39.7000,39.9400,68192562.0000,0.4046
2026-03-23,41.3000,41.3000,39.9500,41.0400,65440981.0000,0.2454
2026-03-24,41.5000,42.8500,41.4300,42.2700,76079784.0000,0.1689
2026-03-26,41.8500,42.0500,40.6000,40.8200,73603173.0000,0.4664
2026-03-29,40.0000,40.8100,39.1000,39.5600,126591848.0000,0.2732
2026-03-31,41.3900,41.5900,40.8000,41.1200,58512083.0000,0.4487
2026-04-01,40.5000,40.9800,39.7700,40.7800,64825364.0000,0.1926
2026-04-05,40.9000,41.7300,39.8400,41.5900,66648727.0000,0.3887
2026-04-06,41.2900,41.9000,40.9300,41.5500,39145918.0000,0.4196
2026-04-07,43.4000,44.3800,42.6300,44.2300,98803804.0000,0.1311
2026-04-08,44.2300,44.5600,43.3600,44.2300,80302508.0000,0.3020
2026-04-09,44.4800,45.6500,44.3800,45.3200,67332752.0000,0.1806
2026-04-12,44.5000,46.4100,43.8900,45.8600,132245471.0000,0.1380
2026-04-14,47.0000,49.3600,46.7300,49.1300,215457241.0000,0.6940
2026-04-15,50.0300,50.5300,49.0100,50.2500,161130833.0000,0.2934
2026-04-16,50.7900,53.7400,50.5700,52.9300,337159969.0000,0.5859
2026-04-19,53.3400,53.4500,51.8700,52.5000,153681261.0000,0.2528
2026-04-20,52.8100,53.3500,52.2600,53.1000,114713319.0000,0.5089
2026-04-21,53.1500,54.7000,52.9000,54.5700,147736421.0000,0.5561
2026-04-22,54.5100,55.0500,53.5200,53.7300,114711783.0000,0.4574
2026-04-23,53.9000,54.2500,52.9300,53.9100,103128445.0000,0.3829
2026-04-26,54.2600,57.4800,54.2600,56.9300,215958603.0000,0.3471
2026-04-27,57.1500,57.8700,56.9000,57.3200,138320111.0000,0.3093
2026-04-28,57.7500,58.0600,56.4000,56.8100,127240966.0000,0.6577
2026-04-29,56.5000,56.5000,55.0000,55.5800,102354018.0000,0.5984
2026-04-30,55.5800,55.5800,55.5800,55.5800,0.0000,0.6790
2026-05-03,56.2000,56.3500,54.0700,54.9600,103192022.0000,0.1746
2026-05-04,54.9500,56.0000,54.5600,54.8500,71812106.0000,0.5385
2026-05-05,55.2900,55.3100,53.3100,54.3200,90584507.0000,0.6630
2026-05-06,54.5900,55.8700,53.7500,55.6500,98244179.0000,0.2087
2026-05-07,55.9000,55.9200,54.5700,54.9700,56797248.0000,0.1399
2026-05-10,54.3500,54.4300,53.0200,53.3000,70005148.0000,0.5447
2026-05-11,53.0000,53.9600,51.3100,51.5200,99265010.0000,0.4447
2026-05-12,51.3100,53.7400,51.3100,53.1000,93140759.0000,0.6051
2026-05-13,53.4100,53.9100,52.5100,53.4700,70978290.0000,0.1839
2026-05-14,53.4700,54.5100,52.9800,53.8400,82878733.0000,0.5772
2026-05-17,53.4800,53.4800,52.1500,53.2500,77363520.0000,0.2210
2026-05-18,53.5700,53.8300,52.5200,52.9100,54643439.0000,0.1982
2026-05-19,52.5500,52.7000,52.0000,52.5700,46459868.0000,0.1986
2026-05-20,53.0000,53.8400,52.6600,52.8700,55852452.0000,0.5887
2026-05-21,53.1700,53.9500,53.0000,53.7500,60760806.0000,0.4991
2026-05-24,54.7500,54.9000,53.1000,53.9900,132667695.0000,0.4138
2026-05-25,53.6400,55.4900,53.3800,54.5800,173729945.0000,0.3153
2026-05-26,54.8500,58.1000,54.4200,57.5300,227745007.0000,0.6263
2026-05-27,57.5300,57.5300,57.5300,57.5300,0.0000,0.3355
2026-05-28,58.0000,58.4200,55.6000,56.9900,221481859.0000,0.5900
2026-05-31,56.8100,56.9000,53.5000,53.9300,153165238.0000,0.3635
2026-06-01,56.8100,56.9000,53.5000,53.9300,103395195.0000,0.3262
