Date,Log_Return_pct,GARCH_Vol_Forecast,GARCH_Omega,GARCH_Alpha,GARCH_Beta,GARCH_Vol_Surprise,GARCH_Surprise_Score,GARCH_HighVol_Flag
2023-06-19,,,,,,,,0
2023-06-20,0.1643,,,,,,,0
2023-06-21,-2.5781,,,,,,,0
2023-06-22,-0.3376,,,,,,,0
2023-06-25,-0.4235,,,,,,,0
2023-06-26,2.1000,,,,,,,0
2023-06-27,-1.0865,,,,,,,0
2023-06-29,0.0000,,,,,,,0
2023-07-02,-0.8439,,,,,,,0
2023-07-03,2.4279,,,,,,,0
2023-07-04,0.4951,,,,,,,0
2023-07-05,0.2466,,,,,,,0
2023-07-06,-0.5764,,,,,,,0
2023-07-09,-1.6653,,,,,,,0
2023-07-10,0.2516,,,,,,,0
2023-07-11,-0.2516,,,,,,,0
2023-07-12,-0.6740,,,,,,,0
2023-07-13,-0.2539,,,,,,,0
2023-07-16,0.6757,,,,,,,0
2023-07-17,2.0001,,,,,,,0
2023-07-18,-0.4963,,,,,,,0
2023-07-19,-0.1660,,,,,,,0
2023-07-20,-0.2495,,,,,,,0
2023-07-23,-0.5846,,,,,,,0
2023-07-24,6.1708,,,,,,,0
2023-07-25,-0.8699,,,,,,,0
2023-07-26,-1.9247,,,,,,,0
2023-07-27,2.3210,,,,,,,0
2023-07-30,1.5699,,,,,,,0
2023-07-31,-0.3902,,,,,,,0
2023-08-01,-1.4967,,,,,,,0
2023-08-02,7.6373,,,,,,,0
2023-08-03,0.5134,,,,,,,0
2023-08-06,1.5245,,,,,,,0
2023-08-07,-2.8500,,,,,,,0
2023-08-08,1.3255,,,,,,,0
2023-08-09,-1.5481,,,,,,,0
2023-08-10,-1.4216,,,,,,,0
2023-08-13,-1.2894,,,,,,,0
2023-08-15,0.8362,,,,,,,0
2023-08-16,0.7542,,,,,,,0
2023-08-17,-4.8490,,,,,,,0
2023-08-20,1.9524,,,,,,,0
2023-08-21,2.3692,,,,,,,0
2023-08-22,0.0000,,,,,,,0
2023-08-23,-1.9833,,,,,,,0
2023-08-24,-0.0771,,,,,,,0
2023-08-27,4.5222,,,,,,,0
2023-08-28,3.6894,,,,,,,0
2023-08-29,0.1419,,,,,,,0
2023-08-30,-0.8547,,,,,,,0
2023-08-31,5.5647,,,,,,,0
2023-09-03,2.0094,,,,,,,0
2023-09-04,-3.3033,,,,,,,0
2023-09-05,-0.6188,,,,,,,0
2023-09-06,1.2337,,,,,,,0
2023-09-07,-1.3718,,,,,,,0
2023-09-10,1.7796,,,,,,,0
2023-09-11,-6.6621,,,,,,,0
2023-09-12,5.9814,,,,,,,0
2023-09-13,0.2729,,,,,,,0
2023-09-14,18.1981,3.0107,0.0962,0.0000,1.0000,6.0444,99.8529,0
2023-09-17,-5.1263,3.0107,0.0962,0.0000,1.0000,1.7027,91.9118,0
2023-09-19,-3.7763,3.0107,0.0962,0.0000,1.0000,1.2543,84.8529,0
2023-09-20,-2.0697,3.0107,0.0962,0.0000,1.0000,0.6874,61.0294,0
2023-09-21,4.2797,3.0107,0.0962,0.0000,1.0000,1.4215,88.3824,0
2023-09-24,0.3636,3.0107,0.0962,0.0000,1.0000,0.1208,14.1176,0
2023-09-25,-2.6979,3.0107,0.0962,0.0000,1.0000,0.8961,71.1765,0
2023-09-26,-1.3767,3.0107,0.0962,0.0000,1.0000,0.4573,45.8824,0
2023-09-27,6.4657,3.0107,0.0962,0.0000,1.0000,2.1476,96.6176,0
2023-09-28,-0.7708,3.0107,0.0962,0.0000,1.0000,0.2560,25.7353,0
2023-10-02,-1.9838,3.0107,0.0962,0.0000,1.0000,0.6589,58.9706,0
2023-10-03,-2.8327,3.0107,0.0962,0.0000,1.0000,0.9409,74.1176,0
2023-10-04,0.1248,3.0107,0.0962,0.0000,1.0000,0.0415,5.8824,0
2023-10-05,2.3429,3.0107,0.0962,0.0000,1.0000,0.7782,66.6176,0
2023-10-08,-8.1211,3.0107,0.0962,0.0000,1.0000,2.6974,97.6471,0
2023-10-09,2.9309,3.0107,0.0962,0.0000,1.0000,0.9735,75.2941,0
2023-10-10,4.2720,3.0107,0.0962,0.0000,1.0000,1.4189,88.0882,0
2023-10-11,-0.9268,3.0107,0.0962,0.0000,1.0000,0.3078,30.7353,0
2023-10-12,5.9638,3.0107,0.0962,0.0000,1.0000,1.9809,95.1471,0
2023-10-15,3.3921,3.0107,0.0962,0.0000,1.0000,1.1267,80.4412,0
2023-10-16,-0.7946,4.3592,0.1871,0.0000,1.0000,0.1823,19.2647,1
2023-10-17,-2.5975,4.3592,0.1871,0.0000,1.0000,0.5959,54.7059,1
2023-10-18,17.4985,4.3592,0.1871,0.0000,1.0000,4.0141,99.2647,1
2023-10-19,-7.9143,4.3592,0.1871,0.0000,1.0000,1.8155,93.0882,1
2023-10-22,-10.4652,4.3592,0.1871,0.0000,1.0000,2.4007,97.0588,1
2023-10-24,-4.7729,4.3592,0.1871,0.0000,1.0000,1.0949,79.4118,1
2023-10-25,0.1855,4.3592,0.1871,0.0000,1.0000,0.0425,6.0294,1
2023-10-26,3.6390,4.3592,0.1871,0.0000,1.0000,0.8348,69.1176,1
2023-10-29,0.4753,4.3592,0.1871,0.0000,1.0000,0.1090,12.6471,1
2023-10-30,-2.1571,4.3592,0.1871,0.0000,1.0000,0.4948,48.0882,1
2023-10-31,-0.4249,4.3592,0.1871,0.0000,1.0000,0.0975,11.9118,1
2023-11-01,0.5460,4.3592,0.1871,0.0000,1.0000,0.1252,15.2941,1
2023-11-02,-0.3636,4.3592,0.1871,0.0000,1.0000,0.0834,9.4118,1
2023-11-05,0.9668,4.3592,0.1871,0.0000,1.0000,0.2218,22.9412,1
2023-11-06,-1.8204,4.3592,0.1871,0.0000,1.0000,0.4176,42.0588,1
2023-11-07,-0.3681,4.3592,0.1871,0.0000,1.0000,0.0844,9.8529,1
2023-11-08,0.0614,4.3592,0.1871,0.0000,1.0000,0.0141,2.5000,1
2023-11-09,4.8556,4.3592,0.1871,0.0000,1.0000,1.1139,80.0000,1
2023-11-12,9.6958,4.3592,0.1871,0.0000,1.0000,2.2242,96.7647,1
2023-11-14,4.5167,4.3592,0.1871,0.0000,1.0000,1.0361,77.2059,1
2023-11-15,-1.9996,5.1617,0.2257,0.0000,1.0000,0.3874,39.1176,1
2023-11-16,-1.9875,5.1617,0.2257,0.0000,1.0000,0.3850,38.5294,1
2023-11-19,-2.0278,5.1617,0.2257,0.0000,1.0000,0.3929,40.5882,1
2023-11-20,-2.0148,5.1617,0.2257,0.0000,1.0000,0.3903,40.0000,1
2023-11-21,-2.0001,5.1617,0.2257,0.0000,1.0000,0.3875,39.2647,1
2023-11-22,-1.9836,5.1617,0.2257,0.0000,1.0000,0.3843,38.3824,1
2023-11-23,-1.6739,5.1617,0.2257,0.0000,1.0000,0.3243,31.9118,1
2023-11-27,1.9597,5.1617,0.2257,0.0000,1.0000,0.3797,37.9412,1
2023-11-28,0.0000,5.1617,0.2257,0.0000,1.0000,0.0000,0.6618,1
2023-11-29,0.3987,5.1617,0.2257,0.0000,1.0000,0.0773,8.8235,1
2023-11-30,-2.0098,5.1617,0.2257,0.0000,1.0000,0.3894,39.5588,1
2023-12-03,-1.4019,5.1617,0.2257,0.0000,1.0000,0.2716,27.7941,1
2023-12-04,-2.0203,5.1617,0.2257,0.0000,1.0000,0.3914,40.1471,1
2023-12-05,0.0000,5.1617,0.2257,0.0000,1.0000,0.0000,0.6618,1
2023-12-06,-2.0007,5.1617,0.2257,0.0000,1.0000,0.3876,39.4118,1
2023-12-07,-0.0613,5.1617,0.2257,0.0000,1.0000,0.0119,2.3529,1
2023-12-10,1.9418,5.1617,0.2257,0.0000,1.0000,0.3762,37.6471,1
2023-12-11,1.9638,5.1617,0.2257,0.0000,1.0000,0.3804,38.0882,1
2023-12-12,1.9259,5.1617,0.2257,0.0000,1.0000,0.3731,37.5000,1
2023-12-13,1.7192,5.1617,0.2257,0.0000,1.0000,0.3331,33.9706,1
2023-12-14,-2.0087,2.5769,0.4546,0.1360,0.8570,0.7795,66.7647,0
2023-12-17,-1.9907,2.5769,0.4546,0.1360,0.8570,0.7725,66.0294,0
2023-12-18,-1.2496,2.5769,0.4546,0.1360,0.8570,0.4849,47.5000,0
2023-12-19,-1.9958,2.5769,0.4546,0.1360,0.8570,0.7745,66.3235,0
2023-12-20,-0.9822,2.5769,0.4546,0.1360,0.8570,0.3812,38.2353,0
2023-12-21,1.9549,2.5769,0.4546,0.1360,0.8570,0.7586,65.4412,0
2023-12-25,4.8416,2.5769,0.4546,0.1360,0.8570,1.8788,93.9706,0
2023-12-26,-1.5684,2.5769,0.4546,0.1360,0.8570,0.6086,55.5882,0
2023-12-27,-2.0107,2.5769,0.4546,0.1360,0.8570,0.7803,66.9118,0
2023-12-28,1.6000,2.5769,0.4546,0.1360,0.8570,0.6209,56.6176,0
2023-12-31,0.8197,2.5769,0.4546,0.1360,0.8570,0.3181,31.6176,0
2024-01-01,0.0583,2.5769,0.4546,0.1360,0.8570,0.0226,3.9706,0
2024-01-02,3.0984,2.5769,0.4546,0.1360,0.8570,1.2023,83.2353,0
2024-01-03,2.1242,2.5769,0.4546,0.1360,0.8570,0.8243,68.6765,0
2024-01-04,4.8579,2.5769,0.4546,0.1360,0.8570,1.8852,94.1176,0
2024-01-07,-3.2667,2.5769,0.4546,0.1360,0.8570,1.2677,85.1471,0
2024-01-08,-1.3151,2.5769,0.4546,0.1360,0.8570,0.5103,49.4118,0
2024-01-09,-2.1746,2.5769,0.4546,0.1360,0.8570,0.8439,69.7059,0
2024-01-10,3.6529,2.5769,0.4546,0.1360,0.8570,1.4175,87.9412,0
2024-01-11,0.7580,2.5769,0.4546,0.1360,0.8570,0.2941,29.7059,0
2024-01-14,-2.7339,2.9733,0.4264,0.1289,0.8603,0.9195,72.2059,0
2024-01-15,-2.0157,2.9733,0.4264,0.1289,0.8603,0.6779,60.5882,0
2024-01-16,-2.1728,2.9733,0.4264,0.1289,0.8603,0.7308,63.8235,0
2024-01-17,0.2309,2.9733,0.4264,0.1289,0.8603,0.0777,8.9706,0
2024-01-18,4.8406,2.9733,0.4264,0.1289,0.8603,1.6280,91.0294,0
2024-01-22,-6.1174,2.9733,0.4264,0.1289,0.8603,2.0575,95.7353,0
2024-01-23,3.4447,2.9733,0.4264,0.1289,0.8603,1.1585,81.9118,0
2024-01-24,3.9286,2.9733,0.4264,0.1289,0.8603,1.3213,86.1765,0
2024-01-28,18.2050,2.9733,0.4264,0.1289,0.8603,6.1228,100.0000,0
2024-01-29,4.5965,2.9733,0.4264,0.1289,0.8603,1.5459,90.0000,0
2024-01-30,-2.1394,2.9733,0.4264,0.1289,0.8603,0.7195,62.9412,0
2024-01-31,-3.2290,2.9733,0.4264,0.1289,0.8603,1.0860,78.8235,0
2024-02-01,8.6821,2.9733,0.4264,0.1289,0.8603,2.9200,98.0882,0
2024-02-04,-1.4310,2.9733,0.4264,0.1289,0.8603,0.4813,47.0588,0
2024-02-05,-3.5379,2.9733,0.4264,0.1289,0.8603,1.1899,83.0882,0
2024-02-06,1.5687,2.9733,0.4264,0.1289,0.8603,0.5276,50.0000,0
2024-02-07,-2.9395,2.9733,0.4264,0.1289,0.8603,0.9886,75.8824,0
2024-02-08,-2.7535,2.9733,0.4264,0.1289,0.8603,0.9261,72.6471,0
2024-02-11,-2.7374,2.9733,0.4264,0.1289,0.8603,0.9206,72.3529,0
2024-02-12,-0.6134,2.9733,0.4264,0.1289,0.8603,0.2063,21.3235,0
2024-02-13,-5.5462,4.3550,0.7091,0.2012,0.7988,1.2735,85.4412,1
2024-02-14,4.9766,4.3550,0.7091,0.2012,0.7988,1.1427,81.3235,1
2024-02-15,2.7695,4.3550,0.7091,0.2012,0.7988,0.6359,57.7941,1
2024-02-18,0.0000,4.3550,0.7091,0.2012,0.7988,0.0000,0.6618,1
2024-02-19,-2.9600,4.3550,0.7091,0.2012,0.7988,0.6797,60.7353,1
2024-02-20,-4.0385,4.3550,0.7091,0.2012,0.7988,0.9273,72.7941,1
2024-02-21,1.4297,4.3550,0.7091,0.2012,0.7988,0.3283,32.7941,1
2024-02-22,1.1679,4.3550,0.7091,0.2012,0.7988,0.2682,27.6471,1
2024-02-25,1.2022,4.3550,0.7091,0.2012,0.7988,0.2761,28.0882,1
2024-02-26,-2.9100,4.3550,0.7091,0.2012,0.7988,0.6682,59.7059,1
2024-02-27,-5.1501,4.3550,0.7091,0.2012,0.7988,1.1826,82.7941,1
2024-02-28,4.2106,4.3550,0.7091,0.2012,0.7988,0.9668,75.0000,1
2024-02-29,-1.1492,4.3550,0.7091,0.2012,0.7988,0.2639,26.7647,1
2024-03-03,-1.5700,4.3550,0.7091,0.2012,0.7988,0.3605,36.4706,1
2024-03-04,-1.4914,4.3550,0.7091,0.2012,0.7988,0.3425,34.5588,1
2024-03-05,-2.3592,4.3550,0.7091,0.2012,0.7988,0.5417,51.0294,1
2024-03-06,0.8978,4.3550,0.7091,0.2012,0.7988,0.2062,21.1765,1
2024-03-10,-4.0778,4.3550,0.7091,0.2012,0.7988,0.9364,73.6765,1
2024-03-11,-5.8061,4.3550,0.7091,0.2012,0.7988,1.3332,86.6176,1
2024-03-12,-7.4063,4.3550,0.7091,0.2012,0.7988,1.7006,91.7647,1
2024-03-13,5.4725,5.7357,1.2658,0.3056,0.6944,0.9541,74.4118,1
2024-03-14,0.0000,5.7357,1.2658,0.3056,0.6944,0.0000,0.6618,1
2024-03-17,-0.1184,5.7357,1.2658,0.3056,0.6944,0.0206,3.8235,1
2024-03-18,-3.1290,5.7357,1.2658,0.3056,0.6944,0.5455,51.6176,1
2024-03-19,13.6888,5.7357,1.2658,0.3056,0.6944,2.3866,96.9118,1
2024-03-20,-4.2467,5.7357,1.2658,0.3056,0.6944,0.7404,64.2647,1
2024-03-21,0.0556,5.7357,1.2658,0.3056,0.6944,0.0097,2.2059,1
2024-03-25,-0.5574,5.7357,1.2658,0.3056,0.6944,0.0972,11.6176,1
2024-03-26,-0.1678,5.7357,1.2658,0.3056,0.6944,0.0293,4.7059,1
2024-03-27,-1.8080,5.7357,1.2658,0.3056,0.6944,0.3152,30.8824,1
2024-03-31,4.8410,5.7357,1.2658,0.3056,0.6944,0.8440,69.8529,1
2024-04-01,10.9480,5.7357,1.2658,0.3056,0.6944,1.9088,94.4118,1
2024-04-02,-1.1753,5.7357,1.2658,0.3056,0.6944,0.2049,21.0294,1
2024-04-03,-1.2392,5.7357,1.2658,0.3056,0.6944,0.2160,22.0588,1
2024-04-04,-0.0499,5.7357,1.2658,0.3056,0.6944,0.0087,1.9118,1
2024-04-07,2.9985,5.7357,1.2658,0.3056,0.6944,0.5228,49.8529,1
2024-04-08,-3.1983,5.7357,1.2658,0.3056,0.6944,0.5576,52.6471,1
2024-04-09,-0.1001,5.7357,1.2658,0.3056,0.6944,0.0174,3.0882,1
2024-04-11,-1.5129,5.7357,1.2658,0.3056,0.6944,0.2638,26.6176,1
2024-04-14,-2.7300,5.7357,1.2658,0.3056,0.6944,0.4760,46.7647,1
2024-04-15,2.6283,3.7916,0.7260,0.1940,0.8032,0.6932,61.7647,1
2024-04-17,-0.7659,3.7916,0.7260,0.1940,0.8032,0.2020,20.7353,1
2024-04-18,-0.4624,3.7916,0.7260,0.1940,0.8032,0.1219,14.2647,1
2024-04-21,2.3914,3.7916,0.7260,0.1940,0.8032,0.6307,57.5000,1
2024-04-22,-0.3526,3.7916,0.7260,0.1940,0.8032,0.0930,11.1765,1
2024-04-23,3.1780,3.7916,0.7260,0.1940,0.8032,0.8382,69.2647,1
2024-04-24,1.4074,3.7916,0.7260,0.1940,0.8032,0.3712,37.2059,1
2024-04-25,7.6961,3.7916,0.7260,0.1940,0.8032,2.0298,95.2941,1
2024-04-28,-4.1454,3.7916,0.7260,0.1940,0.8032,1.0933,79.1176,1
2024-04-29,1.4774,3.7916,0.7260,0.1940,0.8032,0.3897,39.7059,1
2024-05-01,-2.9298,3.7916,0.7260,0.1940,0.8032,0.7727,66.1765,1
2024-05-02,1.7310,3.7916,0.7260,0.1940,0.8032,0.4565,45.2941,1
2024-05-05,-3.1569,3.7916,0.7260,0.1940,0.8032,0.8326,68.9706,1
2024-05-06,-3.0622,3.7916,0.7260,0.1940,0.8032,0.8076,67.9412,1
2024-05-07,0.3941,3.7916,0.7260,0.1940,0.8032,0.1039,12.3529,1
2024-05-08,-1.6857,3.7916,0.7260,0.1940,0.8032,0.4446,43.6765,1
2024-05-09,0.1998,3.7916,0.7260,0.1940,0.8032,0.0527,6.9118,1
2024-05-12,-0.7513,3.7916,0.7260,0.1940,0.8032,0.1982,20.5882,1
2024-05-13,1.6950,3.7916,0.7260,0.1940,0.8032,0.4470,44.1176,1
2024-05-14,5.3885,3.7916,0.7260,0.1940,0.8032,1.4212,88.2353,1
2024-05-15,0.7931,3.4637,0.8010,0.1696,0.8097,0.2290,23.8235,0
2024-05-16,-0.7931,3.4637,0.8010,0.1696,0.8097,0.2290,23.6765,0
2024-05-20,-2.6580,3.4637,0.8010,0.1696,0.8097,0.7674,65.8824,0
2024-05-21,0.5277,3.4637,0.8010,0.1696,0.8097,0.1524,17.3529,0
2024-05-22,0.8101,3.4637,0.8010,0.1696,0.8097,0.2339,24.1176,0
2024-05-23,-1.0496,3.4637,0.8010,0.1696,0.8097,0.3030,30.2941,0
2024-05-26,-5.4707,3.4637,0.8010,0.1696,0.8097,1.5794,90.2941,0
2024-05-27,-0.4061,3.4637,0.8010,0.1696,0.8097,0.1172,13.8235,0
2024-05-28,-0.3057,3.4637,0.8010,0.1696,0.8097,0.0882,10.4412,0
2024-05-29,-3.1617,3.4637,0.8010,0.1696,0.8097,0.9128,72.0588,0
2024-05-30,-0.4751,3.4637,0.8010,0.1696,0.8097,0.1372,16.3235,0
2024-06-02,1.5748,3.4637,0.8010,0.1696,0.8097,0.4547,44.7059,0
2024-06-03,-7.1228,3.4637,0.8010,0.1696,0.8097,2.0564,95.5882,0
2024-06-04,4.2163,3.4637,0.8010,0.1696,0.8097,1.2173,83.5294,0
2024-06-05,2.9585,3.4637,0.8010,0.1696,0.8097,0.8541,70.0000,0
2024-06-06,3.7798,3.4637,0.8010,0.1696,0.8097,1.0913,78.9706,0
2024-06-09,4.0377,3.4637,0.8010,0.1696,0.8097,1.1657,82.2059,0
2024-06-10,-0.3376,3.4637,0.8010,0.1696,0.8097,0.0975,11.7647,0
2024-06-11,0.4049,3.4637,0.8010,0.1696,0.8097,0.1169,13.6765,0
2024-06-12,-1.1321,3.4637,0.8010,0.1696,0.8097,0.3269,32.6471,0
2024-06-13,2.2326,3.3190,0.8036,0.1363,0.8299,0.6727,60.2941,0
2024-06-17,0.1617,3.3190,0.8036,0.1363,0.8299,0.0487,6.3235,0
2024-06-18,-0.1331,3.3190,0.8036,0.1363,0.8299,0.0401,5.7353,0
2024-06-19,10.1166,3.3190,0.8036,0.1363,0.8299,3.0481,98.3824,0
2024-06-20,9.2257,3.3190,0.8036,0.1363,0.8299,2.7797,97.9412,0
2024-06-23,3.9058,3.3190,0.8036,0.1363,0.8299,1.1768,82.6471,0
2024-06-24,-5.0809,3.3190,0.8036,0.1363,0.8299,1.5309,89.5588,0
2024-06-25,4.3164,3.3190,0.8036,0.1363,0.8299,1.3005,85.7353,0
2024-06-26,-2.3758,3.3190,0.8036,0.1363,0.8299,0.7158,62.6471,0
2024-06-27,-0.0156,3.3190,0.8036,0.1363,0.8299,0.0047,1.3235,0
2024-06-30,8.3568,3.3190,0.8036,0.1363,0.8299,2.5179,97.3529,0
2024-07-01,-3.2372,3.3190,0.8036,0.1363,0.8299,0.9754,75.4412,0
2024-07-02,-1.6024,3.3190,0.8036,0.1363,0.8299,0.4828,47.3529,0
2024-07-03,0.4124,3.3190,0.8036,0.1363,0.8299,0.1242,14.8529,0
2024-07-04,1.1531,3.3190,0.8036,0.1363,0.8299,0.3474,35.2941,0
2024-07-07,-0.8692,3.3190,0.8036,0.1363,0.8299,0.2619,26.3235,0
2024-07-08,-1.0199,3.3190,0.8036,0.1363,0.8299,0.3073,30.5882,0
2024-07-09,-1.8025,3.3190,0.8036,0.1363,0.8299,0.5431,51.3235,0
2024-07-10,8.0267,3.3190,0.8036,0.1363,0.8299,2.4184,97.2059,0
2024-07-11,-3.0053,3.3190,0.8036,0.1363,0.8299,0.9055,71.7647,0
2024-07-14,3.7462,4.1789,0.8760,0.0968,0.8575,0.8964,71.3235,1
2024-07-15,-4.3832,4.1789,0.8760,0.0968,0.8575,1.0489,77.5000,1
2024-07-17,-2.4538,4.1789,0.8760,0.0968,0.8575,0.5872,54.2647,1
2024-07-18,-5.1357,4.1789,0.8760,0.0968,0.8575,1.2289,84.1176,1
2024-07-21,1.3851,4.1789,0.8760,0.0968,0.8575,0.3314,33.5294,1
2024-07-22,-2.4607,4.1789,0.8760,0.0968,0.8575,0.5888,54.5588,1
2024-07-23,3.0995,4.1789,0.8760,0.0968,0.8575,0.7417,64.4118,1
2024-07-24,3.1569,4.1789,0.8760,0.0968,0.8575,0.7554,65.1471,1
2024-07-25,-2.6302,4.1789,0.8760,0.0968,0.8575,0.6294,57.3529,1
2024-07-28,0.8155,4.1789,0.8760,0.0968,0.8575,0.1951,20.0000,1
2024-07-29,-1.4510,4.1789,0.8760,0.0968,0.8575,0.3472,35.1471,1
2024-07-30,-0.8275,4.1789,0.8760,0.0968,0.8575,0.1980,20.4412,1
2024-07-31,-3.6400,4.1789,0.8760,0.0968,0.8575,0.8710,70.4412,1
2024-08-01,1.1960,4.1789,0.8760,0.0968,0.8575,0.2862,28.5294,1
2024-08-04,-4.6027,4.1789,0.8760,0.0968,0.8575,1.1014,79.7059,1
2024-08-05,-2.7890,4.1789,0.8760,0.0968,0.8575,0.6674,59.5588,1
2024-08-06,0.7067,4.1789,0.8760,0.0968,0.8575,0.1691,18.2353,1
2024-08-07,0.1202,4.1789,0.8760,0.0968,0.8575,0.0288,4.5588,1
2024-08-08,1.7432,4.1789,0.8760,0.0968,0.8575,0.4171,41.9118,1
2024-08-11,-1.9750,4.1789,0.8760,0.0968,0.8575,0.4726,46.4706,1
2024-08-12,4.8745,3.1776,0.9386,0.0995,0.8464,1.5340,89.7059,0
2024-08-13,4.4914,3.1776,0.9386,0.0995,0.8464,1.4135,87.7941,0
2024-08-15,0.2736,3.1776,0.9386,0.0995,0.8464,0.0861,10.1471,0
2024-08-18,-1.2255,3.1776,0.9386,0.0995,0.8464,0.3857,38.8235,0
2024-08-19,-0.2295,3.1776,0.9386,0.0995,0.8464,0.0722,8.0882,0
2024-08-20,-0.8353,3.1776,0.9386,0.0995,0.8464,0.2629,26.4706,0
2024-08-21,-2.0663,3.1776,0.9386,0.0995,0.8464,0.6503,58.6765,0
2024-08-22,2.5365,3.1776,0.9386,0.0995,0.8464,0.7982,67.5000,0
2024-08-25,0.7525,3.1776,0.9386,0.0995,0.8464,0.2368,24.4118,0
2024-08-26,-0.9674,3.1776,0.9386,0.0995,0.8464,0.3045,30.4412,0
2024-08-27,-0.9286,3.1776,0.9386,0.0995,0.8464,0.2922,29.2647,0
2024-08-28,-1.5725,3.1776,0.9386,0.0995,0.8464,0.4949,48.2353,0
2024-08-29,-1.7472,3.1776,0.9386,0.0995,0.8464,0.5499,52.0588,0
2024-09-01,-0.9607,3.1776,0.9386,0.0995,0.8464,0.3023,30.1471,0
2024-09-02,1.2596,3.1776,0.9386,0.0995,0.8464,0.3964,40.8824,0
2024-09-03,-0.8825,3.1776,0.9386,0.0995,0.8464,0.2777,28.2353,0
2024-09-04,-1.0086,3.1776,0.9386,0.0995,0.8464,0.3174,31.3235,0
2024-09-05,-1.6610,3.1776,0.9386,0.0995,0.8464,0.5227,49.7059,0
2024-09-08,0.2145,3.1776,0.9386,0.0995,0.8464,0.0675,7.3529,0
2024-09-09,0.3679,3.1776,0.9386,0.0995,0.8464,0.1158,13.5294,0
2024-09-10,-0.7973,2.3972,0.6833,0.1256,0.8408,0.3326,33.6765,0
2024-09-11,-0.0861,2.3972,0.6833,0.1256,0.8408,0.0359,5.4412,0
2024-09-12,-3.0527,2.3972,0.6833,0.1256,0.8408,1.2734,85.2941,0
2024-09-15,0.0799,2.3972,0.6833,0.1256,0.8408,0.0333,5.1471,0
2024-09-16,-0.2043,2.3972,0.6833,0.1256,0.8408,0.0852,10.0000,0
2024-09-17,-1.5504,2.3972,0.6833,0.1256,0.8408,0.6468,58.3824,0
2024-09-18,-3.4176,2.3972,0.6833,0.1256,0.8408,1.4257,88.5294,0
2024-09-19,4.7454,2.3972,0.6833,0.1256,0.8408,1.9796,95.0000,0
2024-09-22,0.5777,2.3972,0.6833,0.1256,0.8408,0.2410,25.0000,0
2024-09-23,-1.3920,2.3972,0.6833,0.1256,0.8408,0.5807,54.1176,0
2024-09-24,-1.4390,2.3972,0.6833,0.1256,0.8408,0.6003,55.1471,0
2024-09-25,-0.5851,2.3972,0.6833,0.1256,0.8408,0.2441,25.1471,0
2024-09-26,0.2930,2.3972,0.6833,0.1256,0.8408,0.1222,14.5588,0
2024-09-29,-0.3939,2.3972,0.6833,0.1256,0.8408,0.1643,17.6471,0
2024-09-30,0.5218,2.3972,0.6833,0.1256,0.8408,0.2177,22.5000,0
2024-10-02,-2.4026,2.3972,0.6833,0.1256,0.8408,1.0023,76.3235,0
2024-10-03,4.8737,2.3972,0.6833,0.1256,0.8408,2.0331,95.4412,0
2024-10-06,-5.1359,2.3972,0.6833,0.1256,0.8408,2.1425,96.4706,0
2024-10-07,2.8200,2.3972,0.6833,0.1256,0.8408,1.1764,82.5000,0
2024-10-08,1.3222,2.3972,0.6833,0.1256,0.8408,0.5516,52.3529,0
2024-10-09,1.0649,3.2322,0.6332,0.1281,0.8418,0.3295,33.2353,0
2024-10-10,-0.0178,3.2322,0.6332,0.1281,0.8418,0.0055,1.4706,0
2024-10-13,-1.8057,3.2322,0.6332,0.1281,0.8418,0.5587,52.9412,0
2024-10-14,4.4590,3.2322,0.6332,0.1281,0.8418,1.3796,87.2059,0
2024-10-15,4.8732,3.2322,0.6332,0.1281,0.8418,1.5077,89.2647,0
2024-10-16,-0.8125,3.2322,0.6332,0.1281,0.8418,0.2514,25.4412,0
2024-10-17,-3.0171,3.2322,0.6332,0.1281,0.8418,0.9335,73.2353,0
2024-10-20,-3.2438,3.2322,0.6332,0.1281,0.8418,1.0036,76.4706,0
2024-10-21,-5.1373,3.2322,0.6332,0.1281,0.8418,1.5894,90.5882,0
2024-10-22,1.6288,3.2322,0.6332,0.1281,0.8418,0.5039,48.8235,0
2024-10-23,-1.1633,3.2322,0.6332,0.1281,0.8418,0.3599,36.3235,0
2024-10-24,-3.4581,3.2322,0.6332,0.1281,0.8418,1.0699,78.5294,0
2024-10-27,2.2340,3.2322,0.6332,0.1281,0.8418,0.6912,61.6176,0
2024-10-28,0.1597,3.2322,0.6332,0.1281,0.8418,0.0494,6.4706,0
2024-10-29,3.0231,3.2322,0.6332,0.1281,0.8418,0.9353,73.5294,0
2024-10-30,-1.3662,3.2322,0.6332,0.1281,0.8418,0.4227,42.5000,0
2024-10-31,1.8477,3.2322,0.6332,0.1281,0.8418,0.5716,53.5294,0
2024-11-03,-0.7003,3.2322,0.6332,0.1281,0.8418,0.2167,22.2059,0
2024-11-04,1.3777,3.2322,0.6332,0.1281,0.8418,0.4262,42.9412,0
2024-11-05,0.9497,3.2322,0.6332,0.1281,0.8418,0.2938,29.4118,0
2024-11-06,2.7787,2.6701,0.6064,0.1252,0.8432,1.0407,77.3529,0
2024-11-07,-1.9175,2.6701,0.6064,0.1252,0.8432,0.7181,62.7941,0
2024-11-10,-2.8878,2.6701,0.6064,0.1252,0.8432,1.0815,78.6765,0
2024-11-11,-4.8854,2.6701,0.6064,0.1252,0.8432,1.8297,93.6765,0
2024-11-12,1.1306,2.6701,0.6064,0.1252,0.8432,0.4234,42.6471,0
2024-11-13,-5.1368,2.6701,0.6064,0.1252,0.8432,1.9238,94.5588,0
2024-11-17,-3.6047,2.6701,0.6064,0.1252,0.8432,1.3500,86.9118,0
2024-11-18,2.9862,2.6701,0.6064,0.1252,0.8432,1.1184,80.2941,0
2024-11-20,-4.5763,2.6701,0.6064,0.1252,0.8432,1.7139,92.0588,0
2024-11-21,3.4289,2.6701,0.6064,0.1252,0.8432,1.2842,85.5882,0
2024-11-24,4.8699,2.6701,0.6064,0.1252,0.8432,1.8238,93.2353,0
2024-11-25,2.5793,2.6701,0.6064,0.1252,0.8432,0.9660,74.8529,0
2024-11-26,4.2223,2.6701,0.6064,0.1252,0.8432,1.5813,90.4412,0
2024-11-27,3.4961,2.6701,0.6064,0.1252,0.8432,1.3093,86.0294,0
2024-11-28,0.9436,2.6701,0.6064,0.1252,0.8432,0.3534,35.8824,0
2024-12-01,3.2968,2.6701,0.6064,0.1252,0.8432,1.2347,84.2647,0
2024-12-02,0.8716,2.6701,0.6064,0.1252,0.8432,0.3264,32.3529,0
2024-12-03,4.8790,2.6701,0.6064,0.1252,0.8432,1.8273,93.5294,0
2024-12-04,-2.5671,2.6701,0.6064,0.1252,0.8432,0.9614,74.7059,0
2024-12-05,-0.3398,2.6701,0.6064,0.1252,0.8432,0.1272,15.4412,0
2024-12-08,-0.9608,3.3251,0.6322,0.1213,0.8441,0.2889,28.8235,0
2024-12-09,-1.5168,3.3251,0.6322,0.1213,0.8441,0.4562,45.0000,0
2024-12-10,-2.1154,3.3251,0.6322,0.1213,0.8441,0.6362,57.9412,0
2024-12-11,-1.5820,3.3251,0.6322,0.1213,0.8441,0.4758,46.6176,0
2024-12-12,4.9767,3.3251,0.6322,0.1213,0.8441,1.4967,89.1176,0
2024-12-15,2.3984,3.3251,0.6322,0.1213,0.8441,0.7213,63.0882,0
2024-12-16,-1.6387,3.3251,0.6322,0.1213,0.8441,0.4928,47.9412,0
2024-12-17,1.5185,3.3251,0.6322,0.1213,0.8441,0.4567,45.5882,0
2024-12-18,-1.5185,3.3251,0.6322,0.1213,0.8441,0.4567,45.4412,0
2024-12-19,-3.7819,3.3251,0.6322,0.1213,0.8441,1.1374,81.0294,0
2024-12-22,-1.1476,3.3251,0.6322,0.1213,0.8441,0.3451,35.0000,0
2024-12-23,2.2906,3.3251,0.6322,0.1213,0.8441,0.6889,61.1765,0
2024-12-25,-10.9948,3.3251,0.6322,0.1213,0.8441,3.3066,98.9706,0
2024-12-26,-0.3738,3.3251,0.6322,0.1213,0.8441,0.1124,13.0882,0
2024-12-29,-2.2918,3.3251,0.6322,0.1213,0.8441,0.6892,61.4706,0
2024-12-30,-1.9247,3.3251,0.6322,0.1213,0.8441,0.5788,53.9706,0
2024-12-31,3.8507,3.3251,0.6322,0.1213,0.8441,1.1581,81.7647,0
2025-01-01,2.0278,3.3251,0.6322,0.1213,0.8441,0.6098,55.7353,0
2025-01-02,-1.3815,3.3251,0.6322,0.1213,0.8441,0.4155,41.7647,0
2025-01-05,-5.1043,3.3251,0.6322,0.1213,0.8441,1.5351,89.8529,0
2025-01-06,3.1528,3.8746,0.6768,0.1048,0.8547,0.8137,68.3824,1
2025-01-07,-1.4383,3.8746,0.6768,0.1048,0.8547,0.3712,37.3529,1
2025-01-08,-2.1773,3.8746,0.6768,0.1048,0.8547,0.5619,53.0882,1
2025-01-09,-1.7726,3.8746,0.6768,0.1048,0.8547,0.4575,46.0294,1
2025-01-12,-6.7000,3.8746,0.6768,0.1048,0.8547,1.7292,92.2059,1
2025-01-13,5.1508,3.8746,0.6768,0.1048,0.8547,1.3294,86.4706,1
2025-01-14,-0.7477,3.8746,0.6768,0.1048,0.8547,0.1930,19.8529,1
2025-01-15,3.8323,3.8746,0.6768,0.1048,0.8547,0.9891,76.0294,1
2025-01-16,-0.0792,3.8746,0.6768,0.1048,0.8547,0.0204,3.6765,1
2025-01-19,3.4166,3.8746,0.6768,0.1048,0.8547,0.8818,70.5882,1
2025-01-20,-3.6346,3.8746,0.6768,0.1048,0.8547,0.9381,73.9706,1
2025-01-21,0.0893,3.8746,0.6768,0.1048,0.8547,0.0230,4.1176,1
2025-01-22,0.7999,3.8746,0.6768,0.1048,0.8547,0.2064,21.4706,1
2025-01-23,-5.5303,3.8746,0.6768,0.1048,0.8547,1.4273,88.6765,1
2025-01-26,-6.3513,3.8746,0.6768,0.1048,0.8547,1.6392,91.1765,1
2025-01-27,2.4617,3.8746,0.6768,0.1048,0.8547,0.6353,57.6471,1
2025-01-28,1.7569,3.8746,0.6768,0.1048,0.8547,0.4534,44.4118,1
2025-01-29,-0.9174,3.8746,0.6768,0.1048,0.8547,0.2368,24.2647,1
2025-01-30,2.9462,3.8746,0.6768,0.1048,0.8547,0.7604,65.7353,1
2025-01-31,0.7671,3.8746,0.6768,0.1048,0.8547,0.1980,20.2941,1
2025-02-02,-4.4879,3.3796,0.6817,0.0964,0.8597,1.3279,86.3235,0
2025-02-03,0.3127,3.3796,0.6817,0.0964,0.8597,0.0925,11.0294,0
2025-02-04,2.9805,3.3796,0.6817,0.0964,0.8597,0.8819,70.7353,0
2025-02-05,-2.1016,3.3796,0.6817,0.0964,0.8597,0.6218,56.7647,0
2025-02-06,-0.3100,3.3796,0.6817,0.0964,0.8597,0.0917,10.8824,0
2025-02-09,-2.7238,3.3796,0.6817,0.0964,0.8597,0.8060,67.7941,0
2025-02-10,-5.2974,3.3796,0.6817,0.0964,0.8597,1.5674,90.1471,0
2025-02-11,-1.3077,3.3796,0.6817,0.0964,0.8597,0.3869,38.9706,0
2025-02-12,0.0235,3.3796,0.6817,0.0964,0.8597,0.0070,1.6176,0
2025-02-13,-5.5439,3.3796,0.6817,0.0964,0.8597,1.6404,91.3235,0
2025-02-16,-3.4493,3.3796,0.6817,0.0964,0.8597,1.0206,76.6176,0
2025-02-17,-6.3964,3.3796,0.6817,0.0964,0.8597,1.8926,94.2647,0
2025-02-18,5.4147,3.3796,0.6817,0.0964,0.8597,1.6021,90.7353,0
2025-02-19,6.9694,3.3796,0.6817,0.0964,0.8597,2.0622,95.8824,0
2025-02-20,-0.7169,3.3796,0.6817,0.0964,0.8597,0.2121,21.7647,0
2025-02-23,-3.1214,3.3796,0.6817,0.0964,0.8597,0.9236,72.5000,0
2025-02-24,6.0299,3.3796,0.6817,0.0964,0.8597,1.7842,92.7941,0
2025-02-26,-3.8274,3.3796,0.6817,0.0964,0.8597,1.1325,80.8824,0
2025-02-27,-3.7750,3.3796,0.6817,0.0964,0.8597,1.1170,80.1471,0
2025-03-02,-3.0101,3.3796,0.6817,0.0964,0.8597,0.8907,71.0294,0
2025-03-03,0.5386,4.1250,0.6943,0.0995,0.8574,0.1306,15.8824,1
2025-03-04,4.0314,4.1250,0.6943,0.0995,0.8574,0.9773,75.5882,1
2025-03-05,0.9019,4.1250,0.6943,0.0995,0.8574,0.2186,22.7941,1
2025-03-06,2.4270,4.1250,0.6943,0.0995,0.8574,0.5884,54.4118,1
2025-03-09,-4.3661,4.1250,0.6943,0.0995,0.8574,1.0584,77.7941,1
2025-03-10,-1.5892,4.1250,0.6943,0.0995,0.8574,0.3853,38.6765,1
2025-03-11,-2.5381,4.1250,0.6943,0.0995,0.8574,0.6153,56.0294,1
2025-03-12,-2.5906,4.1250,0.6943,0.0995,0.8574,0.6280,57.2059,1
2025-03-16,-4.8192,4.1250,0.6943,0.0995,0.8574,1.1683,82.3529,1
2025-03-17,0.0000,4.1250,0.6943,0.0995,0.8574,0.0000,0.6618,1
2025-03-18,7.2506,4.1250,0.6943,0.0995,0.8574,1.7577,92.6471,1
2025-03-19,-0.3057,4.1250,0.6943,0.0995,0.8574,0.0741,8.6765,1
2025-03-20,0.0665,4.1250,0.6943,0.0995,0.8574,0.0161,2.9412,1
2025-03-23,0.0399,4.1250,0.6943,0.0995,0.8574,0.0097,2.0588,1
2025-03-24,-3.3810,4.1250,0.6943,0.0995,0.8574,0.8196,68.5294,1
2025-03-25,-3.3427,4.1250,0.6943,0.0995,0.8574,0.8104,68.0882,1
2025-03-26,2.4724,4.1250,0.6943,0.0995,0.8574,0.5994,55.0000,1
2025-03-27,-1.7355,4.1250,0.6943,0.0995,0.8574,0.4207,42.3529,1
2025-03-31,4.5133,4.1250,0.6943,0.0995,0.8574,1.0941,79.2647,1
2025-04-01,-1.4545,4.1250,0.6943,0.0995,0.8574,0.3526,35.5882,1
2025-04-02,2.5417,3.3631,0.7112,0.0918,0.8606,0.7558,65.2941,0
2025-04-03,-6.1810,3.3631,0.7112,0.0918,0.8606,1.8379,93.8235,0
2025-04-06,-5.4422,3.3631,0.7112,0.0918,0.8606,1.6182,90.8824,0
2025-04-07,3.5934,3.3631,0.7112,0.0918,0.8606,1.0685,78.3824,0
2025-04-08,-1.8395,3.3631,0.7112,0.0918,0.8606,0.5470,51.9118,0
2025-04-10,3.5889,3.3631,0.7112,0.0918,0.8606,1.0671,78.2353,0
2025-04-14,3.1758,3.3631,0.7112,0.0918,0.8606,0.9443,74.2647,0
2025-04-15,1.9230,3.3631,0.7112,0.0918,0.8606,0.5718,53.6765,0
2025-04-16,0.4986,3.3631,0.7112,0.0918,0.8606,0.1482,17.2059,0
2025-04-20,1.7983,3.3631,0.7112,0.0918,0.8606,0.5347,50.5882,0
2025-04-21,1.2333,3.3631,0.7112,0.0918,0.8606,0.3667,36.9118,0
2025-04-22,3.1447,3.3631,0.7112,0.0918,0.8606,0.9351,73.3824,0
2025-04-23,-0.4940,3.3631,0.7112,0.0918,0.8606,0.1469,16.9118,0
2025-04-24,-4.5728,3.3631,0.7112,0.0918,0.8606,1.3597,87.0588,0
2025-04-27,-2.2313,3.3631,0.7112,0.0918,0.8606,0.6635,59.4118,0
2025-04-28,0.9739,3.3631,0.7112,0.0918,0.8606,0.2896,28.9706,0
2025-04-29,-3.2561,3.3631,0.7112,0.0918,0.8606,0.9682,75.1471,0
2025-05-01,-0.2227,3.3631,0.7112,0.0918,0.8606,0.0662,7.2059,0
2025-05-04,2.0417,3.3631,0.7112,0.0918,0.8606,0.6071,55.2941,0
2025-05-05,-2.3768,3.3631,0.7112,0.0918,0.8606,0.7067,62.3529,0
2025-05-06,-0.7862,3.0308,0.7156,0.0911,0.8594,0.2594,26.0294,0
2025-05-07,-1.1910,3.0308,0.7156,0.0911,0.8594,0.3930,40.7353,0
2025-05-08,-1.5090,3.0308,0.7156,0.0911,0.8594,0.4979,48.5294,0
2025-05-11,5.9176,3.0308,0.7156,0.0911,0.8594,1.9525,94.7059,0
2025-05-12,0.8020,3.0308,0.7156,0.0911,0.8594,0.2646,27.0588,0
2025-05-13,2.0768,3.0308,0.7156,0.0911,0.8594,0.6852,60.8824,0
2025-05-14,-0.2390,3.0308,0.7156,0.0911,0.8594,0.0789,9.1176,0
2025-05-15,15.3828,3.0308,0.7156,0.0911,0.8594,5.0755,99.5588,0
2025-05-18,-2.2709,3.0308,0.7156,0.0911,0.8594,0.7493,64.7059,0
2025-05-19,-1.9782,3.0308,0.7156,0.0911,0.8594,0.6527,58.8235,0
2025-05-20,2.1645,3.0308,0.7156,0.0911,0.8594,0.7142,62.5000,0
2025-05-21,-2.4623,3.0308,0.7156,0.0911,0.8594,0.8124,68.2353,0
2025-05-22,0.3453,3.0308,0.7156,0.0911,0.8594,0.1139,13.2353,0
2025-05-25,2.2333,3.0308,0.7156,0.0911,0.8594,0.7369,64.1176,0
2025-05-26,-1.1810,3.0308,0.7156,0.0911,0.8594,0.3897,39.8529,0
2025-05-27,0.2819,3.0308,0.7156,0.0911,0.8594,0.0930,11.3235,0
2025-05-28,-2.3017,3.0308,0.7156,0.0911,0.8594,0.7594,65.5882,0
2025-05-29,-0.6140,3.0308,0.7156,0.0911,0.8594,0.2026,20.8824,0
2025-06-01,0.0966,3.0308,0.7156,0.0911,0.8594,0.0319,5.0000,0
2025-06-02,0.0724,3.0308,0.7156,0.0911,0.8594,0.0239,4.2647,0
2025-06-03,-2.1200,3.3851,0.8194,0.0502,0.8878,0.6263,57.0588,0
2025-06-04,3.4611,3.3851,0.8194,0.0502,0.8878,1.0225,76.7647,0
2025-06-05,-1.5463,3.3851,0.8194,0.0502,0.8878,0.4568,45.7353,0
2025-06-08,1.4035,3.3851,0.8194,0.0502,0.8878,0.4146,41.6176,0
2025-06-09,12.1864,3.3851,0.8194,0.0502,0.8878,3.6001,99.1176,0
2025-06-10,-0.1900,3.3851,0.8194,0.0502,0.8878,0.0561,7.0588,0
2025-06-11,-2.4817,3.3851,0.8194,0.0502,0.8878,0.7331,63.9706,0
2025-06-12,2.8929,3.3851,0.8194,0.0502,0.8878,0.8546,70.1471,0
2025-06-15,-1.1961,3.3851,0.8194,0.0502,0.8878,0.3533,35.7353,0
2025-06-16,3.5770,3.3851,0.8194,0.0502,0.8878,1.0567,77.6471,0
2025-06-17,-1.1054,3.3851,0.8194,0.0502,0.8878,0.3266,32.5000,0
2025-06-18,-7.2032,3.3851,0.8194,0.0502,0.8878,2.1280,96.1765,0
2025-06-19,0.8781,3.3851,0.8194,0.0502,0.8878,0.2594,26.1765,0
2025-06-22,0.6178,3.3851,0.8194,0.0502,0.8878,0.1825,19.5588,0
2025-06-23,-0.4630,3.3851,0.8194,0.0502,0.8878,0.1368,16.1765,0
2025-06-24,1.3282,3.3851,0.8194,0.0502,0.8878,0.3924,40.4412,0
2025-06-25,-0.4152,3.3851,0.8194,0.0502,0.8878,0.1227,14.7059,0
2025-06-26,1.3270,3.3851,0.8194,0.0502,0.8878,0.3920,40.2941,0
2025-06-29,0.5710,3.3851,0.8194,0.0502,0.8878,0.1687,18.0882,0
2025-06-30,-1.8433,3.3851,0.8194,0.0502,0.8878,0.5445,51.4706,0
2025-07-01,-0.7359,3.4682,0.5855,0.0226,0.9324,0.2122,21.9118,0
2025-07-02,0.2532,3.4682,0.5855,0.0226,0.9324,0.0730,8.3824,0
2025-07-03,-0.5956,3.4682,0.5855,0.0226,0.9324,0.1717,18.5294,0
2025-07-06,-0.5101,3.4682,0.5855,0.0226,0.9324,0.1471,17.0588,0
2025-07-07,-0.8262,3.4682,0.5855,0.0226,0.9324,0.2382,24.7059,0
2025-07-08,-1.5820,3.4682,0.5855,0.0226,0.9324,0.4561,44.8529,0
2025-07-09,-0.2737,3.4682,0.5855,0.0226,0.9324,0.0789,9.2647,0
2025-07-10,-1.1024,3.4682,0.5855,0.0226,0.9324,0.3179,31.4706,0
2025-07-13,-2.3247,3.4682,0.5855,0.0226,0.9324,0.6703,60.0000,0
2025-07-14,2.1398,3.4682,0.5855,0.0226,0.9324,0.6170,56.3235,0
2025-07-15,0.8295,3.4682,0.5855,0.0226,0.9324,0.2392,24.8529,0
2025-07-16,1.8641,3.4682,0.5855,0.0226,0.9324,0.5375,50.7353,0
2025-07-17,-1.9215,3.4682,0.5855,0.0226,0.9324,0.5540,52.5000,0
2025-07-20,-0.3450,3.4682,0.5855,0.0226,0.9324,0.0995,12.2059,0
2025-07-21,-1.3803,3.4682,0.5855,0.0226,0.9324,0.3980,41.0294,0
2025-07-22,2.5029,3.4682,0.5855,0.0226,0.9324,0.7217,63.3824,0
2025-07-23,-0.9154,3.4682,0.5855,0.0226,0.9324,0.2640,26.9118,0
2025-07-24,-2.9160,3.4682,0.5855,0.0226,0.9324,0.8408,69.5588,0
2025-07-27,-2.1172,3.4682,0.5855,0.0226,0.9324,0.6105,55.8824,0
2025-07-28,0.9265,3.4682,0.5855,0.0226,0.9324,0.2672,27.5000,0
2025-07-29,-0.6248,2.8804,0.7775,0.0574,0.8824,0.2169,22.3529,0
2025-07-30,-1.7508,2.8804,0.7775,0.0574,0.8824,0.6078,55.4412,0
2025-07-31,-2.2827,2.8804,0.7775,0.0574,0.8824,0.7925,67.2059,0
2025-08-03,-1.7724,2.8804,0.7775,0.0574,0.8824,0.6153,56.1765,0
2025-08-04,0.0511,2.8804,0.7775,0.0574,0.8824,0.0177,3.2353,0
2025-08-05,-0.3837,2.8804,0.7775,0.0574,0.8824,0.1332,16.0294,0
2025-08-06,-1.2639,2.8804,0.7775,0.0574,0.8824,0.4388,43.3824,0
2025-08-07,-0.1299,2.8804,0.7775,0.0574,0.8824,0.0451,6.1765,0
2025-08-10,-2.5934,2.8804,0.7775,0.0574,0.8824,0.9004,71.4706,0
2025-08-11,0.3594,2.8804,0.7775,0.0574,0.8824,0.1248,15.1471,0
2025-08-12,2.6749,2.8804,0.7775,0.0574,0.8824,0.9286,72.9412,0
2025-08-13,-3.3415,2.8804,0.7775,0.0574,0.8824,1.1601,82.0588,0
2025-08-17,3.5225,2.8804,0.7775,0.0574,0.8824,1.2229,83.8235,0
2025-08-18,-0.2069,2.8804,0.7775,0.0574,0.8824,0.0718,7.9412,0
2025-08-19,3.0587,2.8804,0.7775,0.0574,0.8824,1.0619,77.9412,0
2025-08-20,3.7568,2.8804,0.7775,0.0574,0.8824,1.3043,85.8824,0
2025-08-21,-0.6549,2.8804,0.7775,0.0574,0.8824,0.2274,23.5294,0
2025-08-24,-0.9782,2.8804,0.7775,0.0574,0.8824,0.3396,34.2647,0
2025-08-25,-3.8837,2.8804,0.7775,0.0574,0.8824,1.3483,86.7647,0
2025-08-27,-0.2558,2.8804,0.7775,0.0574,0.8824,0.0888,10.5882,0
2025-08-28,-0.2051,2.9481,0.6665,0.0678,0.8815,0.0696,7.6471,0
2025-08-31,2.6094,2.9481,0.6665,0.0678,0.8815,0.8851,70.8824,0
2025-09-01,-0.8538,2.9481,0.6665,0.0678,0.8815,0.2896,29.1176,0
2025-09-02,9.1750,2.9481,0.6665,0.0678,0.8815,3.1122,98.5294,0
2025-09-03,-2.3279,2.9481,0.6665,0.0678,0.8815,0.7896,67.0588,0
2025-09-04,1.3451,2.9481,0.6665,0.0678,0.8815,0.4563,45.1471,0
2025-09-07,0.0232,2.9481,0.6665,0.0678,0.8815,0.0079,1.7647,0
2025-09-08,0.0929,2.9481,0.6665,0.0678,0.8815,0.0315,4.8529,0
2025-09-09,-2.2059,2.9481,0.6665,0.0678,0.8815,0.7482,64.5588,0
2025-09-10,-1.2175,2.9481,0.6665,0.0678,0.8815,0.4130,41.4706,0
2025-09-11,0.6703,2.9481,0.6665,0.0678,0.8815,0.2274,23.3824,0
2025-09-14,2.3461,2.9481,0.6665,0.0678,0.8815,0.7958,67.3529,0
2025-09-15,0.2676,2.9481,0.6665,0.0678,0.8815,0.0908,10.7353,0
2025-09-16,-1.4515,2.9481,0.6665,0.0678,0.8815,0.4924,47.7941,0
2025-09-17,1.5212,2.9481,0.6665,0.0678,0.8815,0.5160,49.5588,0
2025-09-18,0.3825,2.9481,0.6665,0.0678,0.8815,0.1297,15.7353,0
2025-09-21,-4.8715,2.9481,0.6665,0.0678,0.8815,1.6524,91.4706,0
2025-09-22,-0.2919,2.9481,0.6665,0.0678,0.8815,0.0990,12.0588,0
2025-09-23,-1.5715,2.9481,0.6665,0.0678,0.8815,0.5331,50.2941,0
2025-09-24,-1.9746,2.9481,0.6665,0.0678,0.8815,0.6698,59.8529,0
2025-09-25,-1.3341,2.9792,0.6682,0.0579,0.8890,0.4478,44.2647,0
2025-09-28,-1.2485,2.9792,0.6682,0.0579,0.8890,0.4191,42.2059,0
2025-09-29,-0.3633,2.9792,0.6682,0.0579,0.8890,0.1219,14.4118,0
2025-09-30,5.2294,2.9792,0.6682,0.0579,0.8890,1.7553,92.5000,0
2025-10-02,-0.9669,2.9792,0.6682,0.0579,0.8890,0.3246,32.0588,0
2025-10-05,-1.7086,2.9792,0.6682,0.0579,0.8890,0.5735,53.8235,0
2025-10-06,-0.3427,2.9792,0.6682,0.0579,0.8890,0.1150,13.3824,0
2025-10-07,-2.9680,2.9792,0.6682,0.0579,0.8890,0.9962,76.1765,0
2025-10-08,1.4046,2.9792,0.6682,0.0579,0.8890,0.4715,46.3235,0
2025-10-09,-0.2069,2.9792,0.6682,0.0579,0.8890,0.0694,7.5000,0
2025-10-12,-1.5915,2.9792,0.6682,0.0579,0.8890,0.5342,50.4412,0
2025-10-13,-1.0974,2.9792,0.6682,0.0579,0.8890,0.3684,37.0588,0
2025-10-14,-0.3329,2.9792,0.6682,0.0579,0.8890,0.1117,12.9412,0
2025-10-15,0.4126,2.9792,0.6682,0.0579,0.8890,0.1385,16.6176,0
2025-10-16,0.8202,2.9792,0.6682,0.0579,0.8890,0.2753,27.9412,0
2025-10-19,-1.2062,2.9792,0.6682,0.0579,0.8890,0.4049,41.3235,0
2025-10-20,2.0067,2.9792,0.6682,0.0579,0.8890,0.6736,60.4412,0
2025-10-22,-0.6951,2.9792,0.6682,0.0579,0.8890,0.2333,23.9706,0
2025-10-23,-1.0851,2.9792,0.6682,0.0579,0.8890,0.3642,36.7647,0
2025-10-26,1.4005,2.9792,0.6682,0.0579,0.8890,0.4701,46.1765,0
2025-10-27,-1.2277,2.5443,0.5822,0.0692,0.8849,0.4825,47.2059,0
2025-10-28,0.5695,2.5443,0.5822,0.0692,0.8849,0.2238,23.2353,0
2025-10-29,-0.8355,2.5443,0.5822,0.0692,0.8849,0.3284,32.9412,0
2025-10-30,0.2129,2.5443,0.5822,0.0692,0.8849,0.0837,9.5588,0
2025-11-02,0.0399,2.5443,0.5822,0.0692,0.8849,0.0157,2.7941,0
2025-11-03,-3.1166,2.5443,0.5822,0.0692,0.8849,1.2249,83.9706,0
2025-11-05,-1.3799,2.5443,0.5822,0.0692,0.8849,0.5423,51.1765,0
2025-11-06,0.3052,2.5443,0.5822,0.0692,0.8849,0.1200,13.9706,0
2025-11-09,-2.3831,2.5443,0.5822,0.0692,0.8849,0.9366,73.8235,0
2025-11-10,1.7717,2.5443,0.5822,0.0692,0.8849,0.6963,61.9118,0
2025-11-11,0.8051,2.5443,0.5822,0.0692,0.8849,0.3164,31.0294,0
2025-11-12,-6.8667,2.5443,0.5822,0.0692,0.8849,2.6988,97.7941,0
2025-11-13,0.6053,2.5443,0.5822,0.0692,0.8849,0.2379,24.5588,0
2025-11-16,-0.4278,2.5443,0.5822,0.0692,0.8849,0.1681,17.9412,0
2025-11-17,-1.2644,2.5443,0.5822,0.0692,0.8849,0.4970,48.3824,0
2025-11-18,0.2392,2.5443,0.5822,0.0692,0.8849,0.0940,11.4706,0
2025-11-19,-1.7932,2.5443,0.5822,0.0692,0.8849,0.7048,62.2059,0
2025-11-20,-2.8688,2.5443,0.5822,0.0692,0.8849,1.1275,80.5882,0
2025-11-23,-2.1030,2.5443,0.5822,0.0692,0.8849,0.8265,68.8235,0
2025-11-24,-2.9185,2.5443,0.5822,0.0692,0.8849,1.1471,81.6176,0
2025-11-25,0.4596,2.8363,0.5399,0.0712,0.8863,0.1620,17.5000,0
2025-11-26,1.0265,2.8363,0.5399,0.0712,0.8863,0.3619,36.6176,0
2025-11-27,0.5174,2.8363,0.5399,0.0712,0.8863,0.1824,19.4118,0
2025-11-30,-1.4293,2.8363,0.5399,0.0712,0.8863,0.5039,48.9706,0
2025-12-01,0.9443,2.8363,0.5399,0.0712,0.8863,0.3329,33.8235,0
2025-12-02,-0.0973,2.8363,0.5399,0.0712,0.8863,0.0343,5.2941,0
2025-12-03,-1.0108,2.8363,0.5399,0.0712,0.8863,0.3564,36.1765,0
2025-12-04,-1.9858,2.8363,0.5399,0.0712,0.8863,0.7001,62.0588,0
2025-12-07,-15.3037,2.8363,0.5399,0.0712,0.8863,5.3956,99.7059,0
2025-12-08,8.3124,2.8363,0.5399,0.0712,0.8863,2.9307,98.2353,0
2025-12-09,0.5541,2.8363,0.5399,0.0712,0.8863,0.1954,20.1471,0
2025-12-10,0.5865,2.8363,0.5399,0.0712,0.8863,0.2068,21.6176,0
2025-12-11,1.0752,2.8363,0.5399,0.0712,0.8863,0.3791,37.7941,0
2025-12-14,-0.9335,2.8363,0.5399,0.0712,0.8863,0.3291,33.0882,0
2025-12-15,-1.5336,2.8363,0.5399,0.0712,0.8863,0.5407,50.8824,0
2025-12-16,-2.9358,2.8363,0.5399,0.0712,0.8863,1.0351,77.0588,0
2025-12-17,-0.9109,2.8363,0.5399,0.0712,0.8863,0.3211,31.7647,0
2025-12-18,3.1434,2.8363,0.5399,0.0712,0.8863,1.1082,79.8529,0
2025-12-21,3.5378,2.8363,0.5399,0.0712,0.8863,1.2473,84.7059,0
2025-12-22,7.4370,2.8363,0.5399,0.0712,0.8863,2.6221,97.5000,0
2025-12-23,0.8718,3.8970,0.6851,0.0447,0.8988,0.2237,23.0882,1
2025-12-25,-2.9361,3.8970,0.6851,0.0447,0.8988,0.7534,65.0000,1
2025-12-28,-1.7197,3.8970,0.6851,0.0447,0.8988,0.4413,43.5294,1
2025-12-29,-2.8354,3.8970,0.6851,0.0447,0.8988,0.7276,63.6765,1
2025-12-30,3.1380,3.8970,0.6851,0.0447,0.8988,0.8053,67.6471,1
2025-12-31,-1.3353,3.8970,0.6851,0.0447,0.8988,0.3426,34.7059,1
2026-01-01,12.6723,3.8970,0.6851,0.0447,0.8988,3.2519,98.8235,1
2026-01-04,2.5310,3.8970,0.6851,0.0447,0.8988,0.6495,58.5294,1
2026-01-05,0.0584,3.8970,0.6851,0.0447,0.8988,0.0150,2.6471,1
2026-01-06,-4.9097,3.8970,0.6851,0.0447,0.8988,1.2599,85.0000,1
2026-01-07,-2.9267,3.8970,0.6851,0.0447,0.8988,0.7510,64.8529,1
2026-01-08,-3.6356,3.8970,0.6851,0.0447,0.8988,0.9329,73.0882,1
2026-01-11,0.8483,3.8970,0.6851,0.0447,0.8988,0.2177,22.6471,1
2026-01-12,0.4861,3.8970,0.6851,0.0447,0.8988,0.1248,15.0000,1
2026-01-13,3.5571,3.8970,0.6851,0.0447,0.8988,0.9128,71.9118,1
2026-01-14,0.0000,3.8970,0.6851,0.0447,0.8988,0.0000,0.6618,1
2026-01-15,-3.8160,3.8970,0.6851,0.0447,0.8988,0.9792,75.7353,1
2026-01-18,-0.5037,3.8970,0.6851,0.0447,0.8988,0.1293,15.5882,1
2026-01-19,-5.4393,3.8970,0.6851,0.0447,0.8988,1.3958,87.5000,1
2026-01-20,1.1458,3.8970,0.6851,0.0447,0.8988,0.2940,29.5588,1
2026-01-21,0.5934,3.5867,0.6353,0.0384,0.9092,0.1654,17.7941,0
2026-01-22,-3.4391,3.5867,0.6353,0.0384,0.9092,0.9588,74.5588,0
2026-01-26,-3.6886,3.5867,0.6353,0.0384,0.9092,1.0284,76.9118,0
2026-01-27,2.2259,3.5867,0.6353,0.0384,0.9092,0.6206,56.4706,0
2026-01-28,5.2056,3.5867,0.6353,0.0384,0.9092,1.4514,88.8235,0
2026-01-29,-2.0258,3.5867,0.6353,0.0384,0.9092,0.5648,53.3824,0
2026-02-01,-1.5948,3.5867,0.6353,0.0384,0.9092,0.4446,43.8235,0
2026-02-02,2.5872,3.5867,0.6353,0.0384,0.9092,0.7213,63.2353,0
2026-02-03,0.4926,3.5867,0.6353,0.0384,0.9092,0.1373,16.4706,0
2026-02-04,-1.7261,3.5867,0.6353,0.0384,0.9092,0.4812,46.9118,0
2026-02-05,2.1488,3.5867,0.6353,0.0384,0.9092,0.5991,54.8529,0
2026-02-08,0.3873,3.5867,0.6353,0.0384,0.9092,0.1080,12.5000,0
2026-02-09,1.7988,3.5867,0.6353,0.0384,0.9092,0.5015,48.6765,0
2026-02-10,-2.0007,3.5867,0.6353,0.0384,0.9092,0.5578,52.7941,0
2026-02-11,0.1851,3.5867,0.6353,0.0384,0.9092,0.0516,6.7647,0
2026-02-12,-2.3126,3.5867,0.6353,0.0384,0.9092,0.6448,58.2353,0
2026-02-15,-1.9104,3.5867,0.6353,0.0384,0.9092,0.5326,50.1471,0
2026-02-16,-0.6156,3.5867,0.6353,0.0384,0.9092,0.1716,18.3824,0
2026-02-17,-0.3004,3.5867,0.6353,0.0384,0.9092,0.0837,9.7059,0
2026-02-18,-0.0708,3.5867,0.6353,0.0384,0.9092,0.0197,3.3824,0
2026-02-19,-1.9310,2.9262,0.6956,0.0442,0.8969,0.6599,59.1176,0
2026-02-22,0.2164,2.9262,0.6956,0.0442,0.8969,0.0740,8.5294,0
2026-02-23,-3.5761,2.9262,0.6956,0.0442,0.8969,1.2221,83.6765,0
2026-02-24,0.7811,2.9262,0.6956,0.0442,0.8969,0.2669,27.3529,0
2026-02-25,3.1187,2.9262,0.6956,0.0442,0.8969,1.0658,78.0882,0
2026-02-26,-0.7751,2.9262,0.6956,0.0442,0.8969,0.2649,27.2059,0
2026-03-01,-3.6301,2.9262,0.6956,0.0442,0.8969,1.2405,84.5588,0
2026-03-03,-1.2462,2.9262,0.6956,0.0442,0.8969,0.4259,42.7941,0
2026-03-04,2.1243,2.9262,0.6956,0.0442,0.8969,0.7260,63.5294,0
2026-03-05,-0.5409,2.9262,0.6956,0.0442,0.8969,0.1848,19.7059,0
2026-03-08,-5.3392,2.9262,0.6956,0.0442,0.8969,1.8246,93.3824,0
2026-03-09,1.4299,2.9262,0.6956,0.0442,0.8969,0.4886,47.6471,0
2026-03-10,0.2525,2.9262,0.6956,0.0442,0.8969,0.0863,10.2941,0
2026-03-11,-0.7203,2.9262,0.6956,0.0442,0.8969,0.2462,25.2941,0
2026-03-12,-4.0675,2.9262,0.6956,0.0442,0.8969,1.3901,87.3529,0
2026-03-15,-4.1339,2.9262,0.6956,0.0442,0.8969,1.4127,87.6471,0
2026-03-16,0.8448,2.9262,0.6956,0.0442,0.8969,0.2887,28.6765,0
2026-03-17,4.3418,2.9262,0.6956,0.0442,0.8969,1.4838,88.9706,0
2026-03-18,-5.0806,2.9262,0.6956,0.0442,0.8969,1.7363,92.3529,0
2026-03-19,-0.2121,2.9262,0.6956,0.0442,0.8969,0.0725,8.2353,0
2026-03-22,-5.8583,3.2353,0.6960,0.0457,0.8952,1.8107,92.9412,0
2026-03-23,-0.5870,3.2353,0.6960,0.0457,0.8952,0.1814,19.1176,0
2026-03-24,0.5645,3.2353,0.6960,0.0457,0.8952,0.1745,18.6765,0
2026-03-26,-4.9387,3.2353,0.6960,0.0457,0.8952,1.5265,89.4118,0
2026-03-29,-10.2028,3.2353,0.6960,0.0457,0.8952,3.1536,98.6765,0
2026-03-31,15.1415,3.2353,0.6960,0.0457,0.8952,4.6801,99.4118,0
2026-04-01,1.3864,3.2353,0.6960,0.0457,0.8952,0.4285,43.0882,0
2026-04-05,-1.0941,3.2353,0.6960,0.0457,0.8952,0.3382,34.1176,0
2026-04-06,1.0719,3.2353,0.6960,0.0457,0.8952,0.3313,33.3824,0
2026-04-07,6.3260,3.2353,0.6960,0.0457,0.8952,1.9553,94.8529,0
2026-04-08,-0.8375,3.2353,0.6960,0.0457,0.8952,0.2589,25.8824,0
2026-04-09,5.4421,3.2353,0.6960,0.0457,0.8952,1.6821,91.6176,0
2026-04-12,-0.9604,3.2353,0.6960,0.0457,0.8952,0.2968,29.8529,0
2026-04-14,6.7625,3.2353,0.6960,0.0457,0.8952,2.0902,96.0294,0
2026-04-15,-0.4520,3.2353,0.6960,0.0457,0.8952,0.1397,16.7647,0
2026-04-16,2.7185,3.2353,0.6960,0.0457,0.8952,0.8402,69.4118,0
2026-04-19,-1.0525,3.2353,0.6960,0.0457,0.8952,0.3253,32.2059,0
2026-04-20,-1.0262,3.2353,0.6960,0.0457,0.8952,0.3172,31.1765,0
2026-04-21,1.6369,3.2353,0.6960,0.0457,0.8952,0.5060,49.1176,0
2026-04-22,0.1291,3.2353,0.6960,0.0457,0.8952,0.0399,5.5882,0
2026-04-23,-2.2360,3.5823,0.8932,0.0626,0.8655,0.6242,56.9118,0
2026-04-26,7.6689,3.5823,0.8932,0.0626,0.8655,2.1408,96.3235,0
2026-04-27,3.9355,3.5823,0.8932,0.0626,0.8655,1.0986,79.5588,0
2026-04-28,-4.0403,3.5823,0.8932,0.0626,0.8655,1.1278,80.7353,0
2026-04-29,-2.4046,3.5823,0.8932,0.0626,0.8655,0.6713,60.1471,0
2026-04-30,0.0000,3.5823,0.8932,0.0626,0.8655,0.0000,0.6618,0
2026-05-03,-0.6463,3.5823,0.8932,0.0626,0.8655,0.1804,18.9706,0
2026-05-04,-0.3970,3.5823,0.8932,0.0626,0.8655,0.1108,12.7941,0
2026-05-05,2.2883,3.5823,0.8932,0.0626,0.8655,0.6388,58.0882,0
2026-05-06,4.2390,3.5823,0.8932,0.0626,0.8655,1.1833,82.9412,0
2026-05-07,1.5965,3.5823,0.8932,0.0626,0.8655,0.4457,43.9706,0
2026-05-10,-4.3096,3.5823,0.8932,0.0626,0.8655,1.2030,83.3824,0
2026-05-11,-4.1040,3.5823,0.8932,0.0626,0.8655,1.1456,81.4706,0
2026-05-12,1.8151,3.5823,0.8932,0.0626,0.8655,0.5067,49.2647,0
2026-05-13,0.0890,3.5823,0.8932,0.0626,0.8655,0.0248,4.4118,0
2026-05-14,-1.9586,3.5823,0.8932,0.0626,0.8655,0.5467,51.7647,0
2026-05-17,-2.7782,3.5823,0.8932,0.0626,0.8655,0.7755,66.4706,0
2026-05-18,1.6285,3.5823,0.8932,0.0626,0.8655,0.4546,44.5588,0
2026-05-19,0.2566,3.5823,0.8932,0.0626,0.8655,0.0716,7.7941,0
2026-05-20,0.0732,3.5823,0.8932,0.0626,0.8655,0.0204,3.5294,0
2026-05-21,-0.7714,3.0374,0.8960,0.0620,0.8648,0.2539,25.5882,0
2026-05-24,2.0077,3.0374,0.8960,0.0620,0.8648,0.6610,59.2647,0
2026-05-25,1.0784,3.0374,0.8960,0.0620,0.8648,0.3550,36.0294,0
2026-05-26,0.5349,3.0374,0.8960,0.0620,0.8648,0.1761,18.8235,0
2026-05-27,0.0000,3.0374,0.8960,0.0620,0.8648,0.0000,0.6618,0
2026-05-28,-3.4552,3.0374,0.8960,0.0620,0.8648,1.1375,81.1765,0
2026-05-31,-2.6106,3.0374,0.8960,0.0620,0.8648,0.8595,70.2941,0
2026-06-01,-0.1513,3.0374,0.8960,0.0620,0.8648,0.0498,6.6176,0
2026-06-02,-0.9124,3.0374,0.8960,0.0620,0.8648,0.3004,30.0000,0
2026-06-03,-1.0558,3.0374,0.8960,0.0620,0.8648,0.3476,35.4412,0
2026-06-04,1.0367,3.0374,0.8960,0.0620,0.8648,0.3413,34.4118,0
2026-06-07,-1.7144,3.0374,0.8960,0.0620,0.8648,0.5644,53.2353,0
2026-06-08,1.0437,3.0374,0.8960,0.0620,0.8648,0.3436,34.8529,0
2026-06-09,-0.8690,3.0374,0.8960,0.0620,0.8648,0.2861,28.3824,0
2026-06-10,-1.2294,3.0374,0.8960,0.0620,0.8648,0.4048,41.1765,0
2026-06-11,1.3070,3.0374,0.8960,0.0620,0.8648,0.4303,43.2353,0
2026-06-14,1.6720,3.0374,0.8960,0.0620,0.8648,0.5505,52.2059,0
2026-06-15,2.7445,3.0374,0.8960,0.0620,0.8648,0.9036,71.6176,0
2026-06-16,3.7665,3.0374,0.8960,0.0620,0.8648,1.2400,84.4118,0
2026-06-17,-2.0932,3.0374,0.8960,0.0620,0.8648,0.6891,61.3235,0
