Date,Log_Return_pct,GARCH_Vol_Forecast,GARCH_Omega,GARCH_Alpha,GARCH_Beta,GARCH_Vol_Surprise,GARCH_Surprise_Score,GARCH_HighVol_Flag
2023-06-05,,,,,,,,0
2023-06-06,-0.630312,,,,,,,0
2023-06-07,-1.181253,,,,,,,0
2023-06-08,0.456023,,,,,,,0
2023-06-11,-2.674205,,,,,,,0
2023-06-12,0.186677,,,,,,,0
2023-06-13,-0.093295,,,,,,,0
2023-06-14,3.486677,,,,,,,0
2023-06-15,0.897543,,,,,,,0
2023-06-18,3.942740,,,,,,,0
2023-06-19,-0.862867,,,,,,,0
2023-06-20,-2.990578,,,,,,,0
2023-06-21,-4.380219,,,,,,,0
2023-06-22,1.573393,,,,,,,0
2023-06-25,-0.552482,,,,,,,0
2023-06-26,2.282109,,,,,,,0
2023-06-27,1.344785,,,,,,,0
2023-06-29,2.375889,,,,,,,0
2023-07-02,-0.610695,,,,,,,0
2023-07-03,0.523556,,,,,,,0
2023-07-04,-1.225864,,,,,,,0
2023-07-05,11.474413,,,,,,,0
2023-07-06,-1.743343,,,,,,,0
2023-07-09,-3.746382,,,,,,,0
2023-07-10,0.990915,,,,,,,0
2023-07-11,-0.659462,,,,,,,0
2023-07-12,-1.248526,,,,,,,0
2023-07-13,7.111217,,,,,,,0
2023-07-16,-1.889801,,,,,,,0
2023-07-17,1.811794,,,,,,,0
2023-07-18,0.389582,,,,,,,0
2023-07-19,-0.467650,,,,,,,0
2023-07-20,-1.654295,,,,,,,0
2023-07-23,0.633514,,,,,,,0
2023-07-24,-3.452870,,,,,,,0
2023-07-25,-1.647412,,,,,,,0
2023-07-26,1.073908,,,,,,,0
2023-07-27,-1.656966,,,,,,,0
2023-07-30,0.583058,,,,,,,0
2023-07-31,0.497096,,,,,,,0
2023-08-01,-2.172272,,,,,,,0
2023-08-02,1.008570,,,,,,,0
2023-08-03,2.803012,,,,,,,0
2023-08-06,1.452796,,,,,,,0
2023-08-07,0.080229,,,,,,,0
2023-08-08,-0.320820,,,,,,,0
2023-08-09,-1.456321,,,,,,,0
2023-08-10,-2.225121,,,,,,,0
2023-08-13,4.878969,,,,,,,0
2023-08-15,-1.037069,,,,,,,0
2023-08-16,0.798772,,,,,,,0
2023-08-17,0.555304,,,,,,,0
2023-08-20,2.113638,,,,,,,0
2023-08-21,0.771652,,,,,,,0
2023-08-22,-0.616907,,,,,,,0
2023-08-23,0.385974,,,,,,,0
2023-08-24,-1.318372,,,,,,,0
2023-08-27,-1.177779,,,,,,,0
2023-08-28,-0.316505,,,,,,,0
2023-08-29,0.395436,,,,,,,0
2023-08-30,2.185908,,,,,,,0
2023-08-31,-0.697477,2.498752,6.243761,0.000000,0.000000,0.279130,21.354934,0
2023-09-03,-0.155588,2.498752,6.243761,0.000000,0.000000,0.062266,4.860088,0
2023-09-04,0.775687,2.498752,6.243761,0.000000,0.000000,0.310430,23.564065,0
2023-09-05,2.518307,2.498752,6.243761,0.000000,0.000000,1.007826,71.870398,0
2023-09-06,-0.453168,2.498752,6.243761,0.000000,0.000000,0.181358,13.549337,0
2023-09-07,-1.756448,2.498752,6.243761,0.000000,0.000000,0.702930,52.871870,0
2023-09-10,4.739537,2.498752,6.243761,0.000000,0.000000,1.896762,91.163476,0
2023-09-11,-3.514368,2.498752,6.243761,0.000000,0.000000,1.406449,83.652430,0
2023-09-12,-0.610785,2.498752,6.243761,0.000000,0.000000,0.244436,18.114875,0
2023-09-13,3.091082,2.498752,6.243761,0.000000,0.000000,1.237050,78.792342,0
2023-09-14,0.222542,2.498752,6.243761,0.000000,0.000000,0.089061,6.185567,0
2023-09-17,1.689360,2.498752,6.243761,0.000000,0.000000,0.676082,51.399116,0
2023-09-19,-1.837567,2.498752,6.243761,0.000000,0.000000,0.735394,54.050074,0
2023-09-20,0.812580,2.498752,6.243761,0.000000,0.000000,0.325194,24.889543,0
2023-09-21,-0.147225,2.498752,6.243761,0.000000,0.000000,0.058919,4.712813,0
2023-09-24,-0.073694,2.498752,6.243761,0.000000,0.000000,0.029492,2.209131,0
2023-09-25,4.822882,2.498752,6.243761,0.000000,0.000000,1.930116,91.310751,0
2023-09-26,4.868947,2.498752,6.243761,0.000000,0.000000,1.948552,91.605302,0
2023-09-27,0.799996,2.498752,6.243761,0.000000,0.000000,0.320158,24.447717,0
2023-09-28,-0.199467,2.498752,6.243761,0.000000,0.000000,0.079826,5.743741,0
2023-10-02,1.715152,2.442605,5.966318,0.000000,0.000000,0.702182,52.724595,0
2023-10-03,0.521805,2.442605,5.966318,0.000000,0.000000,0.213626,16.347570,0
2023-10-04,4.826327,2.442605,5.966318,0.000000,0.000000,1.975894,91.752577,0
2023-10-05,0.494822,2.442605,5.966318,0.000000,0.000000,0.202580,15.316642,0
2023-10-08,-5.061199,2.442605,5.966318,0.000000,0.000000,2.072050,93.961708,0
2023-10-09,-0.259950,2.442605,5.966318,0.000000,0.000000,0.106423,7.658321,0
2023-10-10,-0.325858,2.442605,5.966318,0.000000,0.000000,0.133406,10.162003,0
2023-10-11,0.520916,2.442605,5.966318,0.000000,0.000000,0.213263,16.200295,0
2023-10-12,-0.651505,2.442605,5.966318,0.000000,0.000000,0.266725,20.471281,0
2023-10-15,2.453251,2.442605,5.966318,0.000000,0.000000,1.004358,71.575847,0
2023-10-16,2.767528,2.442605,5.966318,0.000000,0.000000,1.133023,76.141384,0
2023-10-17,-0.497467,2.442605,5.966318,0.000000,0.000000,0.203662,15.611193,0
2023-10-18,0.868980,2.442605,5.966318,0.000000,0.000000,0.355760,27.393225,0
2023-10-19,-1.118707,2.442605,5.966318,0.000000,0.000000,0.457998,33.431517,0
2023-10-22,-3.887145,2.442605,5.966318,0.000000,0.000000,1.591393,89.101620,0
2023-10-24,-1.571726,2.442605,5.966318,0.000000,0.000000,0.643463,48.748159,0
2023-10-25,1.506750,2.442605,5.966318,0.000000,0.000000,0.616862,44.329897,0
2023-10-26,2.883926,2.442605,5.966318,0.000000,0.000000,1.180676,77.172312,0
2023-10-29,-0.760934,2.442605,5.966318,0.000000,0.000000,0.311526,23.858616,0
2023-10-30,0.000000,2.442605,5.966318,0.000000,0.000000,0.000000,0.662739,0
2023-10-31,-1.798403,2.397080,5.745995,0.000000,0.000000,0.750247,55.670103,0
2023-11-01,-0.389607,2.397080,5.745995,0.000000,0.000000,0.162534,12.223859,0
2023-11-02,-0.195309,2.397080,5.745995,0.000000,0.000000,0.081478,5.891016,0
2023-11-05,0.130248,2.397080,5.745995,0.000000,0.000000,0.054336,4.565538,0
2023-11-06,0.000000,2.397080,5.745995,0.000000,0.000000,0.000000,0.662739,0
2023-11-07,1.293623,2.397080,5.745995,0.000000,0.000000,0.539666,38.733432,0
2023-11-08,4.830136,2.397080,5.745995,0.000000,0.000000,2.015008,92.488954,0
2023-11-09,4.841108,2.397080,5.745995,0.000000,0.000000,2.019585,92.636230,0
2023-11-12,9.668724,2.397080,5.745995,0.000000,0.000000,4.033542,98.969072,0
2023-11-14,1.940858,2.397080,5.745995,0.000000,0.000000,0.809676,59.204713,0
2023-11-15,1.954740,2.397080,5.745995,0.000000,0.000000,0.815467,59.499264,0
2023-11-16,-1.695322,2.397080,5.745995,0.000000,0.000000,0.707245,53.313697,0
2023-11-19,1.542431,2.397080,5.745995,0.000000,0.000000,0.643462,48.600884,0
2023-11-20,0.050990,2.397080,5.745995,0.000000,0.000000,0.021272,1.914580,0
2023-11-21,-2.008855,2.397080,5.745995,0.000000,0.000000,0.838042,61.855670,0
2023-11-22,-1.996858,2.397080,5.745995,0.000000,0.000000,0.833037,61.413844,0
2023-11-23,-1.983517,2.397080,5.745995,0.000000,0.000000,0.827472,60.824742,0
2023-11-27,-2.023547,2.397080,5.745995,0.000000,0.000000,0.844171,62.297496,0
2023-11-28,1.969409,2.397080,5.745995,0.000000,0.000000,0.821586,59.941090,0
2023-11-29,1.931371,2.397080,5.745995,0.000000,0.000000,0.805718,58.910162,0
2023-11-30,1.946986,2.363769,4.866136,0.192385,0.054791,0.823678,60.235641,0
2023-12-03,1.960792,2.363769,4.866136,0.192385,0.054791,0.829519,61.119293,0
2023-12-04,1.973280,2.363769,4.866136,0.192385,0.054791,0.834802,61.561119,0
2023-12-05,1.935094,2.363769,4.866136,0.192385,0.054791,0.818647,59.646539,0
2023-12-06,-1.985189,2.363769,4.866136,0.192385,0.054791,0.839841,62.002946,0
2023-12-07,-2.025398,2.363769,4.866136,0.192385,0.054791,0.856851,63.328424,0
2023-12-10,1.975278,2.363769,4.866136,0.192385,0.054791,0.835648,61.708395,0
2023-12-11,0.000000,2.363769,4.866136,0.192385,0.054791,0.000000,0.662739,0
2023-12-12,-1.109463,2.363769,4.866136,0.192385,0.054791,0.469362,34.462445,0
2023-12-13,-1.997536,2.363769,4.866136,0.192385,0.054791,0.845064,62.444772,0
2023-12-14,-1.985380,2.363769,4.866136,0.192385,0.054791,0.839922,62.150221,0
2023-12-17,-0.794751,2.363769,4.866136,0.192385,0.054791,0.336222,25.478645,0
2023-12-18,-0.586837,2.363769,4.866136,0.192385,0.054791,0.248263,19.293078,0
2023-12-19,-1.563798,2.363769,4.866136,0.192385,0.054791,0.661570,50.515464,0
2023-12-20,1.937608,2.363769,4.866136,0.192385,0.054791,0.819711,59.793814,0
2023-12-21,1.953152,2.363769,4.866136,0.192385,0.054791,0.826287,60.677467,0
2023-12-25,4.846617,2.363769,4.866136,0.192385,0.054791,2.050377,93.078056,0
2023-12-26,4.860026,2.363769,4.866136,0.192385,0.054791,2.056049,93.372607,0
2023-12-27,4.860940,2.363769,4.866136,0.192385,0.054791,2.056436,93.519882,0
2023-12-28,4.851049,2.363769,4.866136,0.192385,0.054791,2.052252,93.225331,0
2023-12-31,4.872873,3.189107,4.533930,0.277799,0.041384,1.527974,87.923417,0
2024-01-01,4.841931,3.189107,4.533930,0.277799,0.041384,1.518272,87.628866,0
2024-01-02,4.879016,3.189107,4.533930,0.277799,0.041384,1.529900,88.070692,0
2024-01-03,-1.726129,3.189107,4.533930,0.277799,0.041384,0.541258,38.880707,0
2024-01-04,-2.026442,3.189107,4.533930,0.277799,0.041384,0.635426,47.864507,0
2024-01-07,-1.989552,3.189107,4.533930,0.277799,0.041384,0.623859,47.275405,0
2024-01-08,1.950933,3.189107,4.533930,0.277799,0.041384,0.611749,43.446244,0
2024-01-09,1.951410,3.189107,4.533930,0.277799,0.041384,0.611898,43.740795,0
2024-01-10,1.951287,3.189107,4.533930,0.277799,0.041384,0.611860,43.593520,0
2024-01-11,1.950377,3.189107,4.533930,0.277799,0.041384,0.611575,43.151694,0
2024-01-14,1.948869,3.189107,4.533930,0.277799,0.041384,0.611102,43.004418,0
2024-01-15,-0.609436,3.189107,4.533930,0.277799,0.041384,0.191099,14.432990,0
2024-01-16,-0.143959,3.189107,4.533930,0.277799,0.041384,0.045141,3.387334,0
2024-01-17,1.961236,3.189107,4.533930,0.277799,0.041384,0.614980,44.035346,0
2024-01-18,1.958061,3.189107,4.533930,0.277799,0.041384,0.613984,43.888071,0
2024-01-22,3.370532,3.189107,4.533930,0.277799,0.041384,1.056889,74.521355,0
2024-01-23,-1.994985,3.189107,4.533930,0.277799,0.041384,0.625562,47.422680,0
2024-01-24,-2.000759,3.189107,4.533930,0.277799,0.041384,0.627373,47.569956,0
2024-01-28,-2.006065,3.189107,4.533930,0.277799,0.041384,0.629037,47.717231,0
2024-01-29,1.971228,3.189107,4.533930,0.277799,0.041384,0.618113,44.771723,0
2024-01-30,1.967291,2.256856,4.173067,0.327169,0.042942,0.871695,64.506627,0
2024-01-31,1.962840,2.256856,4.173067,0.327169,0.042942,0.869723,64.359352,0
2024-02-01,1.957909,2.256856,4.173067,0.327169,0.042942,0.867538,63.770250,0
2024-02-04,1.952531,2.256856,4.173067,0.327169,0.042942,0.865155,63.622975,0
2024-02-05,1.978389,2.256856,4.173067,0.327169,0.042942,0.876613,65.095729,0
2024-02-06,0.472778,2.256856,4.173067,0.327169,0.042942,0.209485,16.053019,0
2024-02-07,-2.000967,2.256856,4.173067,0.327169,0.042942,0.886617,65.684831,0
2024-02-08,-2.009163,2.256856,4.173067,0.327169,0.042942,0.890249,66.273932,0
2024-02-11,-2.016965,2.256856,4.173067,0.327169,0.042942,0.893706,66.421208,0
2024-02-12,-2.024340,2.256856,4.173067,0.327169,0.042942,0.896974,67.010309,0
2024-02-13,-1.996627,2.256856,4.173067,0.327169,0.042942,0.884694,65.537555,0
2024-02-14,-2.001838,2.256856,4.173067,0.327169,0.042942,0.887003,65.979381,0
2024-02-15,-2.006472,2.256856,4.173067,0.327169,0.042942,0.889056,66.126657,0
2024-02-18,0.649346,2.256856,4.173067,0.327169,0.042942,0.287722,22.238586,0
2024-02-19,-5.127445,2.256856,4.173067,0.327169,0.042942,2.271942,96.759941,0
2024-02-20,-5.125371,2.256856,4.173067,0.327169,0.042942,2.271022,96.612666,0
2024-02-21,4.365522,2.256856,4.173067,0.327169,0.042942,1.934338,91.458027,0
2024-02-22,-0.996599,2.256856,4.173067,0.327169,0.042942,0.441588,32.547865,0
2024-02-25,-3.648180,2.256856,4.173067,0.327169,0.042942,1.616488,89.543446,0
2024-02-26,-4.787160,2.256856,4.173067,0.327169,0.042942,2.121163,94.550810,0
2024-02-27,-5.116056,3.649055,4.337017,0.306595,0.059555,1.402022,83.505155,1
2024-02-28,1.140322,3.649055,4.337017,0.306595,0.059555,0.312498,24.005891,1
2024-02-29,-0.262006,3.649055,4.337017,0.306595,0.059555,0.071801,5.301915,1
2024-03-03,-2.344712,3.649055,4.337017,0.306595,0.059555,0.642553,48.453608,1
2024-03-04,-3.739597,3.649055,4.337017,0.306595,0.059555,1.024813,73.048601,1
2024-03-05,-4.855830,3.649055,4.337017,0.306595,0.059555,1.330709,81.222386,1
2024-03-06,4.855830,3.649055,4.337017,0.306595,0.059555,1.330709,81.222386,1
2024-03-10,4.763881,3.649055,4.337017,0.306595,0.059555,1.305511,80.706922,1
2024-03-11,-4.485461,3.649055,4.337017,0.306595,0.059555,1.229212,78.203240,1
2024-03-12,-5.134250,3.649055,4.337017,0.306595,0.059555,1.407008,83.799705,1
2024-03-13,3.263276,3.649055,4.337017,0.306595,0.059555,0.894280,66.568483,1
2024-03-14,-1.283017,3.649055,4.337017,0.306595,0.059555,0.351603,26.804124,1
2024-03-17,0.904623,3.649055,4.337017,0.306595,0.059555,0.247906,19.145803,1
2024-03-18,4.856440,3.649055,4.337017,0.306595,0.059555,1.330876,81.443299,1
2024-03-19,-1.135150,3.649055,4.337017,0.306595,0.059555,0.311081,23.711340,1
2024-03-20,3.190637,3.649055,4.337017,0.306595,0.059555,0.874374,64.801178,1
2024-03-21,-5.080526,3.649055,4.337017,0.306595,0.059555,1.392285,83.063328,1
2024-03-25,0.046506,3.649055,4.337017,0.306595,0.059555,0.012745,1.767305,1
2024-03-26,-0.186156,3.649055,4.337017,0.306595,0.059555,0.051015,4.123711,1
2024-03-27,0.325638,3.649055,4.337017,0.306595,0.059555,0.089239,6.332842,1
2024-03-31,2.839050,2.171569,4.607949,0.357984,0.022071,1.307373,81.001473,0
2024-04-01,3.155098,2.171569,4.607949,0.357984,0.022071,1.452911,85.272459,0
2024-04-02,2.420116,2.171569,4.607949,0.357984,0.022071,1.114455,75.846834,0
2024-04-03,4.712199,2.171569,4.607949,0.357984,0.022071,2.169951,95.434462,0
2024-04-04,-0.203885,2.171569,4.607949,0.357984,0.022071,0.093888,6.627393,0
2024-04-07,-2.730799,2.171569,4.607949,0.357984,0.022071,1.257523,79.528719,0
2024-04-08,-2.076835,2.171569,4.607949,0.357984,0.022071,0.956375,69.661267,0
2024-04-09,-1.466822,2.171569,4.607949,0.357984,0.022071,0.675466,51.104566,0
2024-04-11,-3.089388,2.171569,4.607949,0.357984,0.022071,1.422652,84.241532,0
2024-04-14,-4.304681,2.171569,4.607949,0.357984,0.022071,1.982291,92.194404,0
2024-04-15,2.495575,2.171569,4.607949,0.357984,0.022071,1.149204,76.435935,0
2024-04-17,4.811568,2.171569,4.607949,0.357984,0.022071,2.215710,95.729013,0
2024-04-18,3.168097,2.171569,4.607949,0.357984,0.022071,1.458898,86.008837,0
2024-04-21,-2.431359,2.171569,4.607949,0.357984,0.022071,1.119632,75.994109,0
2024-04-22,4.846133,2.171569,4.607949,0.357984,0.022071,2.231627,96.023564,0
2024-04-23,4.857482,2.171569,4.607949,0.357984,0.022071,2.236854,96.318115,0
2024-04-24,4.594941,2.171569,4.607949,0.357984,0.022071,2.115954,94.403535,0
2024-04-25,-2.003461,2.171569,4.607949,0.357984,0.022071,0.922587,68.630339,0
2024-04-28,-2.005471,2.171569,4.607949,0.357984,0.022071,0.923513,68.777614,0
2024-04-29,-2.006775,2.171569,4.607949,0.357984,0.022071,0.924113,68.924890,0
2024-05-01,-0.637901,2.648602,4.661631,0.356950,0.040744,0.240844,17.967599,0
2024-05-02,-2.020304,2.648602,4.661631,0.356950,0.040744,0.762781,57.290133,0
2024-05-05,-2.020236,2.648602,4.661631,0.356950,0.040744,0.762756,57.142857,0
2024-05-06,-2.019484,2.648602,4.661631,0.356950,0.040744,0.762472,56.995582,0
2024-05-07,-1.974322,2.648602,4.661631,0.356950,0.040744,0.745420,55.228277,0
2024-05-08,-2.013999,2.648602,4.661631,0.356950,0.040744,0.760401,56.553756,0
2024-05-09,-2.010366,2.648602,4.661631,0.356950,0.040744,0.759029,56.406480,0
2024-05-12,1.966054,2.648602,4.661631,0.356950,0.040744,0.742299,54.639175,0
2024-05-13,1.971610,2.648602,4.661631,0.356950,0.040744,0.744397,54.933726,0
2024-05-14,1.976018,2.648602,4.661631,0.356950,0.040744,0.746061,55.375552,0
2024-05-15,1.979422,2.648602,4.661631,0.356950,0.040744,0.747346,55.522828,0
2024-05-16,-2.021952,2.648602,4.661631,0.356950,0.040744,0.763403,57.437408,0
2024-05-20,3.265221,2.648602,4.661631,0.356950,0.040744,1.232809,78.645066,0
2024-05-21,-1.954724,2.648602,4.661631,0.356950,0.040744,0.738021,54.344624,0
2024-05-22,-1.993697,2.648602,4.661631,0.356950,0.040744,0.752736,55.964654,0
2024-05-23,-0.601600,2.648602,4.661631,0.356950,0.040744,0.227139,16.789396,0
2024-05-26,0.000000,2.648602,4.661631,0.356950,0.040744,0.000000,0.662739,0
2024-05-27,-1.739185,2.648602,4.661631,0.356950,0.040744,0.656643,50.220913,0
2024-05-28,-0.704250,2.648602,4.661631,0.356950,0.040744,0.265895,20.176730,0
2024-05-29,0.616435,2.648602,4.661631,0.356950,0.040744,0.232740,17.673049,0
2024-05-30,-1.950367,2.179720,4.494283,0.343966,0.043751,0.894779,66.715758,0
2024-06-02,0.446654,2.179720,4.494283,0.343966,0.043751,0.204913,15.758468,0
2024-06-03,-5.120017,2.179720,4.494283,0.343966,0.043751,2.348934,97.496318,0
2024-06-04,3.048796,2.179720,4.494283,0.343966,0.043751,1.398710,83.357879,0
2024-06-05,4.839947,2.179720,4.494283,0.343966,0.043751,2.220445,95.876289,0
2024-06-06,2.567595,2.179720,4.494283,0.343966,0.043751,1.177947,77.025037,0
2024-06-09,0.227866,2.179720,4.494283,0.343966,0.043751,0.104539,7.363770,0
2024-06-10,0.730742,2.179720,4.494283,0.343966,0.043751,0.335246,25.331370,0
2024-06-11,4.875453,2.179720,4.494283,0.343966,0.043751,2.236734,96.170839,0
2024-06-12,4.504021,2.179720,4.494283,0.343966,0.043751,2.066330,93.667158,0
2024-06-13,-1.954350,2.179720,4.494283,0.343966,0.043751,0.896606,66.863034,0
2024-06-17,-3.325868,2.179720,4.494283,0.343966,0.043751,1.525824,87.776141,0
2024-06-18,-1.041648,2.179720,4.494283,0.343966,0.043751,0.477882,35.051546,0
2024-06-19,3.603154,2.179720,4.494283,0.343966,0.043751,1.653035,89.690722,0
2024-06-20,1.638565,2.179720,4.494283,0.343966,0.043751,0.751732,55.817378,0
2024-06-23,11.977513,2.179720,4.494283,0.343966,0.043751,5.494979,99.558174,0
2024-06-24,2.303279,2.179720,4.494283,0.343966,0.043751,1.056686,74.374080,0
2024-06-25,-5.271354,2.179720,4.494283,0.343966,0.043751,2.418364,98.085420,0
2024-06-26,-3.109801,2.179720,4.494283,0.343966,0.043751,1.426698,84.683358,0
2024-06-27,-2.947403,2.179720,4.494283,0.343966,0.043751,1.352194,81.737850,0
2024-06-30,4.832001,3.035563,4.263973,0.228839,0.242129,1.591798,89.248895,0
2024-07-01,1.239260,3.035563,4.263973,0.228839,0.242129,0.408247,31.075110,0
2024-07-02,-0.373727,3.035563,4.263973,0.228839,0.242129,0.123116,9.425626,0
2024-07-03,-0.765816,3.035563,4.263973,0.228839,0.242129,0.252281,19.440353,0
2024-07-04,3.614068,3.035563,4.263973,0.228839,0.242129,1.190576,77.466863,0
2024-07-07,-1.598668,3.035563,4.263973,0.228839,0.242129,0.526646,37.997054,0
2024-07-08,14.375191,3.035563,4.263973,0.228839,0.242129,4.735593,99.116348,0
2024-07-09,6.451980,3.035563,4.263973,0.228839,0.242129,2.125464,94.698085,0
2024-07-10,-1.466542,3.035563,4.263973,0.228839,0.242129,0.483120,35.493373,0
2024-07-11,-6.372681,3.035563,4.263973,0.228839,0.242129,2.099341,94.256259,0
2024-07-14,6.608032,3.035563,4.263973,0.228839,0.242129,2.176872,95.581738,0
2024-07-15,-2.785418,3.035563,4.263973,0.228839,0.242129,0.917595,68.483063,0
2024-07-17,-5.528037,3.035563,4.263973,0.228839,0.242129,1.821091,90.721649,0
2024-07-18,-3.037023,3.035563,4.263973,0.228839,0.242129,1.000481,71.428571,0
2024-07-21,9.064992,3.035563,4.263973,0.228839,0.242129,2.986264,98.674521,0
2024-07-22,-3.201522,3.035563,4.263973,0.228839,0.242129,1.054672,74.226804,0
2024-07-23,0.102953,3.035563,4.263973,0.228839,0.242129,0.033916,2.503682,0
2024-07-24,16.412119,3.035563,4.263973,0.228839,0.242129,5.406615,99.410898,0
2024-07-25,1.524040,3.035563,4.263973,0.228839,0.242129,0.502062,36.671576,0
2024-07-28,-0.858538,3.035563,4.263973,0.228839,0.242129,0.282827,21.649485,0
2024-07-29,0.280174,6.017231,0.442872,0.099104,0.867193,0.046562,3.681885,1
2024-07-30,7.713075,6.017231,0.442872,0.099104,0.867193,1.281831,80.265096,1
2024-07-31,0.239957,6.017231,0.442872,0.099104,0.867193,0.039878,2.798233,1
2024-08-01,-1.414921,6.017231,0.442872,0.099104,0.867193,0.235145,17.820324,1
2024-08-04,-2.124113,6.017231,0.442872,0.099104,0.867193,0.353005,27.098675,1
2024-08-05,1.603298,6.017231,0.442872,0.099104,0.867193,0.266451,20.324006,1
2024-08-06,0.258349,6.017231,0.442872,0.099104,0.867193,0.042935,3.240059,1
2024-08-07,0.846942,6.017231,0.442872,0.099104,0.867193,0.140753,10.456554,1
2024-08-08,2.197810,6.017231,0.442872,0.099104,0.867193,0.365253,27.982327,1
2024-08-11,-0.041737,6.017231,0.442872,0.099104,0.867193,0.006936,1.472754,1
2024-08-12,-6.232164,6.017231,0.442872,0.099104,0.867193,1.035720,73.490427,1
2024-08-13,-1.396457,6.017231,0.442872,0.099104,0.867193,0.232076,17.525773,1
2024-08-15,-2.472536,6.017231,0.442872,0.099104,0.867193,0.410909,31.369661,1
2024-08-18,4.415323,6.017231,0.442872,0.099104,0.867193,0.733780,53.902798,1
2024-08-19,0.913619,6.017231,0.442872,0.099104,0.867193,0.151834,11.192931,1
2024-08-20,1.678373,6.017231,0.442872,0.099104,0.867193,0.278928,21.207658,1
2024-08-21,-0.388127,6.017231,0.442872,0.099104,0.867193,0.064503,5.007364,1
2024-08-22,3.412368,6.017231,0.442872,0.099104,0.867193,0.567099,39.911635,1
2024-08-25,4.220411,6.017231,0.442872,0.099104,0.867193,0.701388,52.577320,1
2024-08-26,3.031863,6.017231,0.442872,0.099104,0.867193,0.503864,37.113402,1
2024-08-27,-4.705052,3.115145,0.614515,0.094981,0.846450,1.510380,87.334315,0
2024-08-28,-3.648305,3.115145,0.614515,0.094981,0.846450,1.171151,76.877761,0
2024-08-29,1.716357,3.115145,0.614515,0.094981,0.846450,0.550972,39.617084,0
2024-09-01,-1.923002,3.115145,0.614515,0.094981,0.846450,0.617307,44.477172,0
2024-09-02,4.454750,3.115145,0.614515,0.094981,0.846450,1.430030,84.830633,0
2024-09-03,1.455197,3.115145,0.614515,0.094981,0.846450,0.467136,34.020619,0
2024-09-04,0.345080,3.115145,0.614515,0.094981,0.846450,0.110775,8.100147,0
2024-09-05,-0.771411,3.115145,0.614515,0.094981,0.846450,0.247632,18.851252,0
2024-09-08,-2.834619,3.115145,0.614515,0.094981,0.846450,0.909948,68.188513,0
2024-09-09,-0.882936,3.115145,0.614515,0.094981,0.846450,0.283433,21.796760,0
2024-09-10,-0.858159,3.115145,0.614515,0.094981,0.846450,0.275480,20.913108,0
2024-09-11,0.613037,3.115145,0.614515,0.094981,0.846450,0.196792,15.022091,0
2024-09-12,-0.524563,3.115145,0.614515,0.094981,0.846450,0.168391,12.518409,0
2024-09-15,-0.902429,3.115145,0.614515,0.094981,0.846450,0.289691,22.385862,0
2024-09-16,-3.042351,3.115145,0.614515,0.094981,0.846450,0.976632,70.103093,0
2024-09-17,-0.689971,3.115145,0.614515,0.094981,0.846450,0.221489,16.642121,0
2024-09-18,-1.612063,3.115145,0.614515,0.094981,0.846450,0.517492,37.555228,0
2024-09-19,-0.372263,3.115145,0.614515,0.094981,0.846450,0.119501,8.836524,0
2024-09-22,-1.669911,3.115145,0.614515,0.094981,0.846450,0.536062,38.438881,0
2024-09-23,-0.298832,3.115145,0.614515,0.094981,0.846450,0.095929,6.774669,0
2024-09-24,4.186843,2.406407,0.624721,0.100581,0.837020,1.739873,90.279823,0
2024-09-25,-2.741668,2.406407,0.624721,0.100581,0.837020,1.139321,76.288660,0
2024-09-26,-2.244639,2.406407,0.624721,0.100581,0.837020,0.932776,69.219440,0
2024-09-29,-0.826602,2.406407,0.624721,0.100581,0.837020,0.343500,25.773196,0
2024-09-30,-1.380726,2.406407,0.624721,0.100581,0.837020,0.573771,40.353461,0
2024-10-02,-2.134298,2.406407,0.624721,0.100581,0.837020,0.886923,65.832106,0
2024-10-03,-5.132680,2.406407,0.624721,0.100581,0.837020,2.132923,94.992636,0
2024-10-06,-5.132017,2.406407,0.624721,0.100581,0.837020,2.132647,94.845361,0
2024-10-07,4.878790,2.406407,0.624721,0.100581,0.837020,2.027417,92.930781,0
2024-10-08,1.626473,2.406407,0.624721,0.100581,0.837020,0.675893,51.251841,0
2024-10-09,0.927131,2.406407,0.624721,0.100581,0.837020,0.385276,29.160530,0
2024-10-10,-2.446654,2.406407,0.624721,0.100581,0.837020,1.016725,72.459499,0
2024-10-13,4.834821,2.406407,0.624721,0.100581,0.837020,2.009145,92.341679,0
2024-10-14,4.877727,2.406407,0.624721,0.100581,0.837020,2.026975,92.783505,0
2024-10-15,2.182674,2.406407,0.624721,0.100581,0.837020,0.907026,67.599411,0
2024-10-16,-2.679358,2.406407,0.624721,0.100581,0.837020,1.113427,75.699558,0
2024-10-17,2.574366,2.406407,0.624721,0.100581,0.837020,1.069797,74.815906,0
2024-10-20,-3.886888,2.406407,0.624721,0.100581,0.837020,1.615225,89.396171,0
2024-10-21,-5.133149,2.406407,0.624721,0.100581,0.837020,2.133118,95.139912,0
2024-10-22,-1.134329,2.406407,0.624721,0.100581,0.837020,0.471379,34.609720,0
2024-10-23,-2.591716,3.403342,0.671418,0.101599,0.834115,0.761521,56.848306,1
2024-10-24,-3.710846,3.403342,0.671418,0.101599,0.834115,1.090354,75.110457,1
2024-10-27,2.274127,3.403342,0.671418,0.101599,0.834115,0.668204,50.662739,1
2024-10-28,4.343634,3.403342,0.671418,0.101599,0.834115,1.276285,79.970545,1
2024-10-29,1.848640,3.403342,0.671418,0.101599,0.834115,0.543184,39.322533,1
2024-10-30,-0.925538,3.403342,0.671418,0.101599,0.834115,0.271950,20.765832,1
2024-10-31,1.632936,3.403342,0.671418,0.101599,0.834115,0.479804,35.346097,1
2024-11-03,-3.359702,3.403342,0.671418,0.101599,0.834115,0.987177,70.544919,1
2024-11-04,0.166804,3.403342,0.671418,0.101599,0.834115,0.049012,3.829161,1
2024-11-05,2.804697,3.403342,0.671418,0.101599,0.834115,0.824101,60.530191,1
2024-11-06,-2.799177,3.403342,0.671418,0.101599,0.834115,0.822479,60.088365,1
2024-11-07,0.177649,3.403342,0.671418,0.101599,0.834115,0.052198,4.270987,1
2024-11-10,-2.891736,3.403342,0.671418,0.101599,0.834115,0.849675,62.886598,1
2024-11-11,-3.437629,3.403342,0.671418,0.101599,0.834115,1.010074,72.164948,1
2024-11-12,-2.198055,3.403342,0.671418,0.101599,0.834115,0.645852,49.042710,1
2024-11-13,3.547688,3.403342,0.671418,0.101599,0.834115,1.042413,73.784978,1
2024-11-17,2.293228,3.403342,0.671418,0.101599,0.834115,0.673817,50.810015,1
2024-11-18,-2.983378,3.403342,0.671418,0.101599,0.834115,0.876603,64.948454,1
2024-11-20,-3.469342,3.403342,0.671418,0.101599,0.834115,1.019393,72.754050,1
2024-11-21,1.842258,3.403342,0.671418,0.101599,0.834115,0.541309,39.027982,1
2024-11-24,-0.826627,2.968068,0.684451,0.099310,0.832958,0.278507,21.060383,0
2024-11-25,18.231139,2.968068,0.684451,0.099310,0.832958,6.142426,99.852725,0
2024-11-26,-1.291427,2.968068,0.684451,0.099310,0.832958,0.435107,32.106038,0
2024-11-27,2.283917,2.968068,0.684451,0.099310,0.832958,0.769496,57.731959,0
2024-11-28,-1.072711,2.968068,0.684451,0.099310,0.832958,0.361417,27.540501,0
2024-12-01,2.575044,2.968068,0.684451,0.099310,0.832958,0.867582,63.917526,0
2024-12-02,0.112350,2.968068,0.684451,0.099310,0.832958,0.037853,2.650957,0
2024-12-03,-0.322775,2.968068,0.684451,0.099310,0.832958,0.108749,7.805596,0
2024-12-04,4.108062,2.968068,0.684451,0.099310,0.832958,1.384086,82.768778,0
2024-12-05,0.847451,2.968068,0.684451,0.099310,0.832958,0.285523,22.091311,0
2024-12-08,1.490066,2.968068,0.684451,0.099310,0.832958,0.502032,36.524300,0
2024-12-09,-1.401525,2.968068,0.684451,0.099310,0.832958,0.472201,34.756996,0
2024-12-10,0.520348,2.968068,0.684451,0.099310,0.832958,0.175315,13.107511,0
2024-12-11,-2.017461,2.968068,0.684451,0.099310,0.832958,0.679722,51.546392,0
2024-12-12,-0.773688,2.968068,0.684451,0.099310,0.832958,0.260671,20.029455,0
2024-12-15,1.028682,2.968068,0.684451,0.099310,0.832958,0.346583,26.362297,0
2024-12-16,14.256975,2.968068,0.684451,0.099310,0.832958,4.803453,99.263623,0
2024-12-17,-2.182989,2.968068,0.684451,0.099310,0.832958,0.735492,54.197349,0
2024-12-18,-5.066877,2.968068,0.684451,0.099310,0.832958,1.707130,89.985272,0
2024-12-19,-2.587964,2.968068,0.684451,0.099310,0.832958,0.871936,64.653903,0
2024-12-22,1.744569,4.387956,0.474382,0.052335,0.908055,0.397581,30.191458,1
2024-12-23,-4.188321,4.387956,0.474382,0.052335,0.908055,0.954504,69.513991,1
2024-12-25,-3.985716,4.387956,0.474382,0.052335,0.908055,0.908331,67.746686,1
2024-12-26,-2.618082,4.387956,0.474382,0.052335,0.908055,0.596652,41.678940,1
2024-12-29,-1.518060,4.387956,0.474382,0.052335,0.908055,0.345961,26.215022,1
2024-12-30,-2.658026,4.387956,0.474382,0.052335,0.908055,0.605755,42.709867,1
2024-12-31,0.564955,4.387956,0.474382,0.052335,0.908055,0.128751,10.014728,1
2025-01-01,1.251985,4.387956,0.474382,0.052335,0.908055,0.285323,21.944035,1
2025-01-02,2.531876,4.387956,0.474382,0.052335,0.908055,0.577006,40.500736,1
2025-01-05,-5.129577,4.387956,0.474382,0.052335,0.908055,1.169013,76.583211,1
2025-01-06,-1.659154,4.387956,0.474382,0.052335,0.908055,0.378116,28.718704,1
2025-01-07,-2.020463,4.387956,0.474382,0.052335,0.908055,0.460457,33.578792,1
2025-01-08,-2.514000,4.387956,0.474382,0.052335,0.908055,0.572932,40.206186,1
2025-01-09,-2.714915,4.387956,0.474382,0.052335,0.908055,0.618720,45.213549,1
2025-01-12,-4.177270,4.387956,0.474382,0.052335,0.908055,0.951985,69.366716,1
2025-01-13,4.421013,4.387956,0.474382,0.052335,0.908055,1.007534,71.723122,1
2025-01-14,1.120147,4.387956,0.474382,0.052335,0.908055,0.255278,19.882180,1
2025-01-15,0.996998,4.387956,0.474382,0.052335,0.908055,0.227212,16.936672,1
2025-01-16,-1.704790,4.387956,0.474382,0.052335,0.908055,0.388516,29.455081,1
2025-01-19,3.015166,4.387956,0.474382,0.052335,0.908055,0.687146,51.840943,1
2025-01-20,0.556337,3.266461,0.561593,0.047924,0.901508,0.170318,12.665685,0
2025-01-21,-3.441906,3.266461,0.561593,0.047924,0.901508,1.053711,73.932253,0
2025-01-22,-0.338368,3.266461,0.561593,0.047924,0.901508,0.103589,7.216495,0
2025-01-23,-3.191288,3.266461,0.561593,0.047924,0.901508,0.976986,70.250368,0
2025-01-26,-4.564260,3.266461,0.561593,0.047924,0.901508,1.397310,83.210604,0
2025-01-27,0.347350,3.266461,0.561593,0.047924,0.901508,0.106338,7.511046,0
2025-01-28,4.850606,3.266461,0.561593,0.047924,0.901508,1.484973,86.156112,0
2025-01-29,2.794536,3.266461,0.561593,0.047924,0.901508,0.855524,63.181149,0
2025-01-30,1.936708,3.266461,0.561593,0.047924,0.901508,0.592907,41.531664,0
2025-01-31,-2.281039,3.266461,0.561593,0.047924,0.901508,0.698321,52.430044,0
2025-02-02,-4.192325,3.266461,0.561593,0.047924,0.901508,1.283446,80.412371,0
2025-02-03,1.782655,3.266461,0.561593,0.047924,0.901508,0.545745,39.469809,0
2025-02-04,2.115112,3.266461,0.561593,0.047924,0.901508,0.647524,49.484536,0
2025-02-05,-1.641206,3.266461,0.561593,0.047924,0.901508,0.502442,36.818851,0
2025-02-06,-1.148136,3.266461,0.561593,0.047924,0.901508,0.351492,26.509573,0
2025-02-09,-1.380057,3.266461,0.561593,0.047924,0.901508,0.422493,31.811487,0
2025-02-10,-2.357418,3.266461,0.561593,0.047924,0.901508,0.721704,53.755523,0
2025-02-11,-3.932964,3.266461,0.561593,0.047924,0.901508,1.204044,77.761414,0
2025-02-12,-1.446198,3.266461,0.561593,0.047924,0.901508,0.442742,32.695140,0
2025-02-13,-5.132040,3.266461,0.561593,0.047924,0.901508,1.571131,88.807069,0
2025-02-16,-5.012930,3.229838,0.589281,0.046641,0.899508,1.552069,88.512518,0
2025-02-17,-5.136020,3.229838,0.589281,0.046641,0.899508,1.590179,88.954345,0
2025-02-18,4.419277,3.229838,0.589281,0.046641,0.899508,1.368266,82.326951,0
2025-02-19,-0.413946,3.229838,0.589281,0.046641,0.899508,0.128163,9.867452,0
2025-02-20,-1.447855,3.229838,0.589281,0.046641,0.899508,0.448275,33.136966,0
2025-02-23,-5.059821,3.229838,0.589281,0.046641,0.899508,1.566587,88.659794,0
2025-02-24,-3.210851,3.229838,0.589281,0.046641,0.899508,0.994121,70.986745,0
2025-02-26,-4.390401,3.229838,0.589281,0.046641,0.899508,1.359326,82.032401,0
2025-02-27,-3.836141,3.229838,0.589281,0.046641,0.899508,1.187719,77.319588,0
2025-03-02,2.066488,3.229838,0.589281,0.046641,0.899508,0.639812,48.306333,0
2025-03-03,4.875018,3.229838,0.589281,0.046641,0.899508,1.509369,86.745214,0
2025-03-04,4.876727,3.229838,0.589281,0.046641,0.899508,1.509898,87.187040,0
2025-03-05,4.874688,3.229838,0.589281,0.046641,0.899508,1.509267,86.597938,0
2025-03-06,4.875933,3.229838,0.589281,0.046641,0.899508,1.509652,87.039764,0
2025-03-09,-4.875933,3.229838,0.589281,0.046641,0.899508,1.509652,86.892489,0
2025-03-10,1.730193,3.229838,0.589281,0.046641,0.899508,0.535690,38.291605,0
2025-03-11,-4.446176,3.229838,0.589281,0.046641,0.899508,1.376594,82.474227,0
2025-03-12,2.120399,3.229838,0.589281,0.046641,0.899508,0.656503,50.073638,0
2025-03-16,-2.284239,3.229838,0.589281,0.046641,0.899508,0.707230,53.166421,0
2025-03-17,0.000000,3.229838,0.589281,0.046641,0.899508,0.000000,0.662739,0
2025-03-18,7.762609,3.447125,0.610001,0.049432,0.896310,2.251908,96.465390,1
2025-03-19,-2.266869,3.447125,0.610001,0.049432,0.896310,0.657611,50.368189,1
2025-03-20,0.660976,3.447125,0.610001,0.049432,0.896310,0.191747,14.727541,1
2025-03-23,1.454050,3.447125,0.610001,0.049432,0.896310,0.421815,31.664212,1
2025-03-24,0.413561,3.447125,0.610001,0.049432,0.896310,0.119973,9.131075,1
2025-03-25,1.312046,3.447125,0.610001,0.049432,0.896310,0.380620,28.865979,1
2025-03-26,-4.293112,3.447125,0.610001,0.049432,0.896310,1.245418,78.939617,1
2025-03-27,-2.708073,3.447125,0.610001,0.049432,0.896310,0.785603,58.321060,1
2025-03-31,4.797907,3.447125,0.610001,0.049432,0.896310,1.391858,82.916053,1
2025-04-01,4.875991,3.447125,0.610001,0.049432,0.896310,1.414510,83.946981,1
2025-04-02,4.876211,3.447125,0.610001,0.049432,0.896310,1.414573,84.094256,1
2025-04-03,-0.504908,3.447125,0.610001,0.049432,0.896310,0.146472,10.898380,1
2025-04-06,-5.134340,3.447125,0.610001,0.049432,0.896310,1.489456,86.303387,1
2025-04-07,4.314782,3.447125,0.610001,0.049432,0.896310,1.251705,79.234168,1
2025-04-08,-2.840389,3.447125,0.610001,0.049432,0.896310,0.823988,60.382916,1
2025-04-10,3.025252,3.447125,0.610001,0.049432,0.896310,0.877616,65.243004,1
2025-04-14,2.744530,3.447125,0.610001,0.049432,0.896310,0.796179,58.468336,1
2025-04-15,-1.190294,3.447125,0.610001,0.049432,0.896310,0.345301,25.920471,1
2025-04-16,-0.786718,3.447125,0.610001,0.049432,0.896310,0.228224,17.231222,1
2025-04-20,4.315922,3.447125,0.610001,0.049432,0.896310,1.252035,79.381443,1
2025-04-21,4.877865,3.346509,0.589787,0.047864,0.899793,1.457598,85.861561,1
2025-04-22,-2.716687,3.346509,0.589787,0.047864,0.899793,0.811797,59.351988,1
2025-04-23,2.156071,3.346509,0.589787,0.047864,0.899793,0.644275,48.895434,1
2025-04-24,-5.131497,3.346509,0.589787,0.047864,0.899793,1.533388,88.217968,1
2025-04-27,-1.221571,3.346509,0.589787,0.047864,0.899793,0.365029,27.835052,1
2025-04-28,-1.067995,3.346509,0.589787,0.047864,0.899793,0.319137,24.300442,1
2025-04-29,-1.814242,3.346509,0.589787,0.047864,0.899793,0.542130,39.175258,1
2025-05-01,0.310997,3.346509,0.589787,0.047864,0.899793,0.092932,6.480118,1
2025-05-04,1.553168,3.346509,0.589787,0.047864,0.899793,0.464116,33.726068,1
2025-05-05,-5.133614,3.346509,0.589787,0.047864,0.899793,1.534021,88.365243,1
2025-05-06,-2.077218,3.346509,0.589787,0.047864,0.899793,0.620712,47.128130,1
2025-05-07,-3.306503,3.346509,0.589787,0.047864,0.899793,0.988045,70.692194,1
2025-05-08,-1.684597,3.346509,0.589787,0.047864,0.899793,0.503389,36.966127,1
2025-05-11,4.877019,3.346509,0.589787,0.047864,0.899793,1.457345,85.714286,1
2025-05-12,4.874222,3.346509,0.589787,0.047864,0.899793,1.456509,85.567010,1
2025-05-13,4.873204,3.346509,0.589787,0.047864,0.899793,1.456205,85.419735,1
2025-05-14,0.413266,3.346509,0.589787,0.047864,0.899793,0.123492,9.572901,1
2025-05-15,3.656287,3.346509,0.589787,0.047864,0.899793,1.092568,75.405007,1
2025-05-18,1.980036,3.346509,0.589787,0.047864,0.899793,0.591672,41.384389,1
2025-05-19,-2.020949,3.346509,0.589787,0.047864,0.899793,0.603898,42.120766,1
2025-05-20,-2.020930,3.266584,0.587425,0.046029,0.901451,0.618668,44.918999,1
2025-05-21,-2.025988,3.266584,0.587425,0.046029,0.901451,0.620216,46.539028,1
2025-05-22,-2.024329,3.266584,0.587425,0.046029,0.901451,0.619708,45.802651,1
2025-05-25,1.975592,3.266584,0.587425,0.046029,0.901451,0.604788,42.268041,1
2025-05-26,-1.529094,3.266584,0.587425,0.046029,0.901451,0.468102,34.315169,1
2025-05-27,0.000000,3.266584,0.587425,0.046029,0.901451,0.000000,0.662739,1
2025-05-28,-2.025289,3.266584,0.587425,0.046029,0.901451,0.620002,46.097202,1
2025-05-29,-2.022069,3.266584,0.587425,0.046029,0.901451,0.619016,45.508100,1
2025-06-01,-2.024394,3.266584,0.587425,0.046029,0.901451,0.619728,45.949926,1
2025-06-02,-2.025875,3.266584,0.587425,0.046029,0.901451,0.620181,46.391753,1
2025-06-03,-2.026729,3.266584,0.587425,0.046029,0.901451,0.620443,46.833579,1
2025-06-04,-2.026709,3.266584,0.587425,0.046029,0.901451,0.620437,46.686303,1
2025-06-05,-2.025829,3.266584,0.587425,0.046029,0.901451,0.620167,46.244477,1
2025-06-08,1.976934,3.266584,0.587425,0.046029,0.901451,0.605199,42.415317,1
2025-06-09,-2.026829,3.266584,0.587425,0.046029,0.901451,0.620474,46.980854,1
2025-06-10,-1.741587,3.266584,0.587425,0.046029,0.901451,0.533152,38.144330,1
2025-06-11,-2.016534,3.266584,0.587425,0.046029,0.901451,0.617322,44.624448,1
2025-06-12,1.980242,3.266584,0.587425,0.046029,0.901451,0.606212,42.857143,1
2025-06-15,1.977454,3.266584,0.587425,0.046029,0.901451,0.605358,42.562592,1
2025-06-16,-2.021051,3.266584,0.587425,0.046029,0.901451,0.618705,45.066274,1
2025-06-17,-0.320193,2.825108,0.600803,0.050435,0.894114,0.113338,8.394698,0
2025-06-18,-2.024700,2.825108,0.600803,0.050435,0.894114,0.716681,53.460972,0
2025-06-19,-1.839014,2.825108,0.600803,0.050435,0.894114,0.650954,49.631811,0
2025-06-22,-2.874305,2.825108,0.600803,0.050435,0.894114,1.017414,72.606775,0
2025-06-23,-0.343650,2.825108,0.600803,0.050435,0.894114,0.121641,9.278351,0
2025-06-24,4.878321,2.825108,0.600803,0.050435,0.894114,1.726773,90.132548,0
2025-06-25,2.770289,2.825108,0.600803,0.050435,0.894114,0.980596,70.397644,0
2025-06-26,0.758127,2.825108,0.600803,0.050435,0.894114,0.268353,20.618557,0
2025-06-29,-2.100646,2.825108,0.600803,0.050435,0.894114,0.743563,54.786451,0
2025-06-30,-2.898988,2.825108,0.600803,0.050435,0.894114,1.026151,73.195876,0
2025-07-01,3.907581,2.825108,0.600803,0.050435,0.894114,1.383162,82.621502,0
2025-07-02,-1.686635,2.825108,0.600803,0.050435,0.894114,0.597016,41.826215,0
2025-07-03,-0.846621,2.825108,0.600803,0.050435,0.894114,0.299677,23.122239,0
2025-07-06,-0.591010,2.825108,0.600803,0.050435,0.894114,0.209199,15.905744,0
2025-07-07,0.120031,2.825108,0.600803,0.050435,0.894114,0.042487,3.092784,0
2025-07-08,-1.039514,2.825108,0.600803,0.050435,0.894114,0.367955,28.129602,0
2025-07-09,4.058270,2.825108,0.600803,0.050435,0.894114,1.436501,85.125184,0
2025-07-10,2.576686,2.825108,0.600803,0.050435,0.894114,0.912066,68.335788,0
2025-07-13,-2.569389,2.825108,0.600803,0.050435,0.894114,0.909483,67.893962,0
2025-07-14,-0.942278,2.825108,0.600803,0.050435,0.894114,0.333537,25.184094,0
2025-07-15,-1.657571,2.834614,0.564993,0.051331,0.895642,0.584761,40.795287,0
2025-07-16,1.833533,2.834614,0.564993,0.051331,0.895642,0.646837,49.337261,0
2025-07-17,-0.979109,2.834614,0.564993,0.051331,0.895642,0.345412,26.067747,0
2025-07-20,-1.573320,2.834614,0.564993,0.051331,0.895642,0.555039,39.764359,0
2025-07-21,-2.149840,2.834614,0.564993,0.051331,0.895642,0.758424,56.259205,0
2025-07-22,-1.181796,2.834614,0.564993,0.051331,0.895642,0.416916,31.516937,0
2025-07-23,0.912695,2.834614,0.564993,0.051331,0.895642,0.321982,24.594993,0
2025-07-24,-1.755356,2.834614,0.564993,0.051331,0.895642,0.619258,45.655376,0
2025-07-27,-4.741600,2.834614,0.564993,0.051331,0.895642,1.672750,89.837997,0
2025-07-28,2.507127,2.834614,0.564993,0.051331,0.895642,0.884469,65.390280,0
2025-07-29,-0.893368,2.834614,0.564993,0.051331,0.895642,0.315164,24.153166,0
2025-07-30,0.475830,2.834614,0.564993,0.051331,0.895642,0.167864,12.371134,0
2025-07-31,2.824253,2.834614,0.564993,0.051331,0.895642,0.996345,71.134021,0
2025-08-03,0.437050,2.834614,0.564993,0.051331,0.895642,0.154183,11.487482,0
2025-08-04,-2.149083,2.834614,0.564993,0.051331,0.895642,0.758157,56.111929,0
2025-08-05,-2.579333,2.834614,0.564993,0.051331,0.895642,0.909941,68.041237,0
2025-08-06,3.679318,2.834614,0.564993,0.051331,0.895642,1.297996,80.559647,0
2025-08-07,-2.639604,2.834614,0.564993,0.051331,0.895642,0.931204,69.072165,0
2025-08-10,-0.648502,2.834614,0.564993,0.051331,0.895642,0.228780,17.378498,0
2025-08-11,-6.710719,2.834614,0.564993,0.051331,0.895642,2.367419,97.643594,0
2025-08-12,-1.719462,3.190887,0.565107,0.051755,0.894932,0.538867,38.586156,0
2025-08-13,-2.717758,3.190887,0.565107,0.051755,0.894932,0.851725,63.033873,0
2025-08-17,-0.236733,3.190887,0.565107,0.051755,0.894932,0.074190,5.596465,0
2025-08-18,2.288583,3.190887,0.565107,0.051755,0.894932,0.717225,53.608247,0
2025-08-19,0.559632,3.190887,0.565107,0.051755,0.894932,0.175384,13.254786,0
2025-08-20,-0.515028,3.190887,0.565107,0.051755,0.894932,0.161406,11.782032,0
2025-08-21,1.861223,3.190887,0.565107,0.051755,0.894932,0.583293,40.648012,0
2025-08-24,7.377108,3.190887,0.565107,0.051755,0.894932,2.311930,97.054492,0
2025-08-25,-0.684241,3.190887,0.565107,0.051755,0.894932,0.214436,16.494845,0
2025-08-27,4.084119,3.190887,0.565107,0.051755,0.894932,1.279932,80.117820,0
2025-08-28,3.113330,3.190887,0.565107,0.051755,0.894932,0.975694,69.955817,0
2025-08-31,18.229636,3.190887,0.565107,0.051755,0.894932,5.713031,99.705449,0
2025-09-01,-8.855680,3.190887,0.565107,0.051755,0.894932,2.775304,98.379971,0
2025-09-02,-2.709707,3.190887,0.565107,0.051755,0.894932,0.849202,62.739323,0
2025-09-03,7.450397,3.190887,0.565107,0.051755,0.894932,2.334898,97.349043,0
2025-09-04,-4.547011,3.190887,0.565107,0.051755,0.894932,1.424999,84.536082,0
2025-09-07,3.930850,3.190887,0.565107,0.051755,0.894932,1.231899,78.497791,0
2025-09-08,0.159425,3.190887,0.565107,0.051755,0.894932,0.049963,3.976436,0
2025-09-09,-1.188112,3.190887,0.565107,0.051755,0.894932,0.372345,28.276878,0
2025-09-10,0.006672,3.190887,0.565107,0.051755,0.894932,0.002091,1.325479,0
2025-09-11,-1.311091,4.503600,0.694069,0.063635,0.877586,0.291121,22.533137,1
2025-09-14,-1.115009,4.503600,0.694069,0.063635,0.877586,0.247582,18.703976,1
2025-09-15,-0.330776,4.503600,0.694069,0.063635,0.877586,0.073447,5.449190,1
2025-09-16,0.728979,4.503600,0.694069,0.063635,0.877586,0.161866,11.929308,1
2025-09-17,-0.508316,4.503600,0.694069,0.063635,0.877586,0.112869,8.247423,1
2025-09-18,-3.126706,4.503600,0.694069,0.063635,0.877586,0.694268,52.282769,1
2025-09-21,-2.875969,4.503600,0.694069,0.063635,0.877586,0.638593,48.159057,1
2025-09-22,0.570845,4.503600,0.694069,0.063635,0.877586,0.126753,9.720177,1
2025-09-23,-1.982598,4.503600,0.694069,0.063635,0.877586,0.440225,32.400589,1
2025-09-24,-1.137907,4.503600,0.694069,0.063635,0.877586,0.252666,19.587629,1
2025-09-25,-1.846487,4.503600,0.694069,0.063635,0.877586,0.410002,31.222386,1
2025-09-28,-1.600282,4.503600,0.694069,0.063635,0.877586,0.355334,27.245950,1
2025-09-29,-1.483835,4.503600,0.694069,0.063635,0.877586,0.329477,25.036819,1
2025-09-30,0.701481,4.503600,0.694069,0.063635,0.877586,0.155760,11.634757,1
2025-10-02,0.641981,4.503600,0.694069,0.063635,0.877586,0.142548,10.603829,1
2025-10-05,-0.846400,4.503600,0.694069,0.063635,0.877586,0.187939,14.285714,1
2025-10-06,-1.378895,4.503600,0.694069,0.063635,0.877586,0.306176,23.269514,1
2025-10-07,-0.608294,4.503600,0.694069,0.063635,0.877586,0.135068,10.309278,1
2025-10-08,-1.806522,4.503600,0.694069,0.063635,0.877586,0.401128,30.486009,1
2025-10-09,-0.204574,4.503600,0.694069,0.063635,0.877586,0.045425,3.534610,1
2025-10-12,-1.194856,2.665544,0.926579,0.074178,0.842444,0.448260,32.989691,0
2025-10-13,-2.552401,2.665544,0.926579,0.074178,0.842444,0.957553,69.808542,0
2025-10-14,3.984524,2.665544,0.926579,0.074178,0.842444,1.494826,86.450663,0
2025-10-15,-2.039118,2.665544,0.926579,0.074178,0.842444,0.764991,57.584683,0
2025-10-16,-1.571923,2.665544,0.926579,0.074178,0.842444,0.589719,41.089838,0
2025-10-19,1.630288,2.665544,0.926579,0.074178,0.842444,0.611616,43.298969,0
2025-10-20,2.705423,2.665544,0.926579,0.074178,0.842444,1.014961,72.312224,0
2025-10-22,-0.520580,2.665544,0.926579,0.074178,0.842444,0.195300,14.874816,0
2025-10-23,-2.209852,2.665544,0.926579,0.074178,0.842444,0.829044,60.972018,0
2025-10-26,1.069795,2.665544,0.926579,0.074178,0.842444,0.401342,30.633284,0
2025-10-27,-1.336952,2.665544,0.926579,0.074178,0.842444,0.501568,36.377025,0
2025-10-28,1.188363,2.665544,0.926579,0.074178,0.842444,0.445824,32.842415,0
2025-10-29,-0.405613,2.665544,0.926579,0.074178,0.842444,0.152169,11.340206,0
2025-10-30,-1.000342,2.665544,0.926579,0.074178,0.842444,0.375286,28.571429,0
2025-11-02,0.033506,2.665544,0.926579,0.074178,0.842444,0.012570,1.620029,0
2025-11-03,-1.834138,2.665544,0.926579,0.074178,0.842444,0.688092,51.988218,0
2025-11-05,-2.846582,2.665544,0.926579,0.074178,0.842444,1.067918,74.668630,0
2025-11-06,1.800440,2.665544,0.926579,0.074178,0.842444,0.675449,50.957290,0
2025-11-09,-1.240313,2.665544,0.926579,0.074178,0.842444,0.465313,33.873343,0
2025-11-10,-1.035188,2.665544,0.926579,0.074178,0.842444,0.388359,29.307806,0
2025-11-11,3.219227,2.582634,0.815195,0.082103,0.844285,1.246490,79.086892,0
2025-11-12,1.785686,2.582634,0.815195,0.082103,0.844285,0.691420,52.135493,0
2025-11-13,-5.988572,2.582634,0.815195,0.082103,0.844285,2.318784,97.201767,0
2025-11-16,0.444287,2.582634,0.815195,0.082103,0.844285,0.172029,12.960236,0
2025-11-17,-0.453193,2.582634,0.815195,0.082103,0.844285,0.175477,13.402062,0
2025-11-18,-2.015182,2.582634,0.815195,0.082103,0.844285,0.780281,58.026510,0
2025-11-19,-2.316706,2.582634,0.815195,0.082103,0.844285,0.897032,67.157585,0
2025-11-20,-3.694652,2.582634,0.815195,0.082103,0.844285,1.430575,84.977909,0
2025-11-23,1.036876,2.582634,0.815195,0.082103,0.844285,0.401480,30.780560,0
2025-11-24,-1.114111,2.582634,0.815195,0.082103,0.844285,0.431385,31.958763,0
2025-11-25,1.276348,2.582634,0.815195,0.082103,0.844285,0.494204,36.082474,0
2025-11-26,-0.305606,2.582634,0.815195,0.082103,0.844285,0.118331,8.689249,0
2025-11-27,-0.105268,2.582634,0.815195,0.082103,0.844285,0.040760,2.945508,0
2025-11-30,3.472146,2.582634,0.815195,0.082103,0.844285,1.344420,81.590574,0
2025-12-01,-0.770556,2.582634,0.815195,0.082103,0.844285,0.298360,22.827688,0
2025-12-02,2.603284,2.582634,0.815195,0.082103,0.844285,1.007995,72.017673,0
2025-12-03,-1.694102,2.582634,0.815195,0.082103,0.844285,0.655959,49.926362,0
2025-12-04,-1.011750,2.582634,0.815195,0.082103,0.844285,0.391751,29.749632,0
2025-12-07,-3.175171,2.582634,0.815195,0.082103,0.844285,1.229431,78.350515,0
2025-12-08,1.168036,2.582634,0.815195,0.082103,0.844285,0.452265,33.284242,0
2025-12-09,-1.341530,2.725133,0.798368,0.080339,0.846290,0.492281,35.935199,0
2025-12-10,-0.086860,2.725133,0.798368,0.080339,0.846290,0.031874,2.356406,0
2025-12-11,-1.087284,2.725133,0.798368,0.080339,0.846290,0.398984,30.338733,0
2025-12-14,-0.175850,2.725133,0.798368,0.080339,0.846290,0.064529,5.154639,0
2025-12-15,-1.686181,2.725133,0.798368,0.080339,0.846290,0.618752,45.360825,0
2025-12-16,-2.029201,2.725133,0.798368,0.080339,0.846290,0.744624,55.081001,0
2025-12-17,-2.705231,2.725133,0.798368,0.080339,0.846290,0.992697,70.839470,0
2025-12-18,1.274299,2.725133,0.798368,0.080339,0.846290,0.467610,34.167894,0
2025-12-21,4.124192,2.725133,0.798368,0.080339,0.846290,1.513391,87.481591,0
2025-12-22,5.646119,2.725133,0.798368,0.080339,0.846290,2.071869,93.814433,0
2025-12-23,-1.287309,2.725133,0.798368,0.080339,0.846290,0.472384,34.904271,0
2025-12-25,-2.102524,2.725133,0.798368,0.080339,0.846290,0.771531,57.879234,0
2025-12-28,-2.127948,2.725133,0.798368,0.080339,0.846290,0.780860,58.173785,0
2025-12-29,-1.611174,2.725133,0.798368,0.080339,0.846290,0.591227,41.237113,0
2025-12-30,0.957900,2.725133,0.798368,0.080339,0.846290,0.351506,26.656848,0
2025-12-31,-0.228662,2.725133,0.798368,0.080339,0.846290,0.083909,6.038292,0
2026-01-01,1.413276,2.725133,0.798368,0.080339,0.846290,0.518608,37.702504,0
2026-01-04,-2.725723,2.725133,0.798368,0.080339,0.846290,1.000217,71.281296,0
2026-01-05,-0.495376,2.725133,0.798368,0.080339,0.846290,0.181780,13.696613,0
2026-01-06,-0.274014,2.725133,0.798368,0.080339,0.846290,0.100551,7.069219,0
2026-01-07,-2.094963,2.614460,0.754553,0.083075,0.846778,0.801299,58.615611,0
2026-01-08,-3.334346,2.614460,0.754553,0.083075,0.846778,1.275348,79.823270,0
2026-01-11,-1.840875,2.614460,0.754553,0.083075,0.846778,0.704113,53.019146,0
2026-01-12,-0.801014,2.614460,0.754553,0.083075,0.846778,0.306378,23.416789,0
2026-01-13,-1.063251,2.614460,0.754553,0.083075,0.846778,0.406681,30.927835,0
2026-01-15,0.499807,2.614460,0.754553,0.083075,0.846778,0.191170,14.580265,0
2026-01-18,-1.271062,2.614460,0.754553,0.083075,0.846778,0.486166,35.787923,0
2026-01-19,-0.596479,2.614460,0.754553,0.083075,0.846778,0.228146,17.083947,0
2026-01-20,-1.329489,2.614460,0.754553,0.083075,0.846778,0.508514,37.260677,0
2026-01-21,2.708358,2.614460,0.754553,0.083075,0.846778,1.035915,73.637703,0
2026-01-22,-1.356295,2.614460,0.754553,0.083075,0.846778,0.518767,37.849779,0
2026-01-26,-4.903283,2.614460,0.754553,0.083075,0.846778,1.875448,90.868925,0
2026-01-27,4.677320,2.614460,0.754553,0.083075,0.846778,1.789020,90.574374,0
2026-01-28,-3.417071,2.614460,0.754553,0.083075,0.846778,1.306989,80.854197,0
2026-01-29,-0.445749,2.614460,0.754553,0.083075,0.846778,0.170494,12.812960,0
2026-02-01,-2.114847,2.614460,0.754553,0.083075,0.846778,0.808904,59.057437,0
2026-02-02,3.120821,2.614460,0.754553,0.083075,0.846778,1.193677,77.614138,0
2026-02-03,5.634337,2.614460,0.754553,0.083075,0.846778,2.155068,95.287187,0
2026-02-04,-3.561008,2.614460,0.754553,0.083075,0.846778,1.362044,82.179676,0
2026-02-05,0.488999,2.614460,0.754553,0.083075,0.846778,0.187036,14.138439,0
2026-02-08,4.079023,3.201206,0.757193,0.085457,0.844355,1.274214,79.675994,0
2026-02-09,2.197417,3.201206,0.757193,0.085457,0.844355,0.686434,51.693667,0
2026-02-10,-0.170612,3.201206,0.757193,0.085457,0.844355,0.053296,4.418262,0
2026-02-11,-6.003781,3.201206,0.757193,0.085457,0.844355,1.875475,91.016200,0
2026-02-12,-9.429075,3.201206,0.757193,0.085457,0.844355,2.945476,98.527246,0
2026-02-15,-1.872973,3.201206,0.757193,0.085457,0.844355,0.585083,40.942563,0
2026-02-16,0.594600,3.201206,0.757193,0.085457,0.844355,0.185742,13.991163,0
2026-02-17,-1.128952,3.201206,0.757193,0.085457,0.844355,0.352665,26.951399,0
2026-02-18,-0.383436,3.201206,0.757193,0.085457,0.844355,0.119779,8.983800,0
2026-02-19,6.338534,3.201206,0.757193,0.085457,0.844355,1.980045,91.899853,0
2026-02-22,-2.778634,3.201206,0.757193,0.085457,0.844355,0.867996,64.064801,0
2026-02-23,-2.781786,3.201206,0.757193,0.085457,0.844355,0.868980,64.212077,0
2026-02-24,-2.092906,3.201206,0.757193,0.085457,0.844355,0.653787,49.779087,0
2026-02-25,0.349719,3.201206,0.757193,0.085457,0.844355,0.109246,7.952872,0
2026-02-26,-0.518539,3.201206,0.757193,0.085457,0.844355,0.161982,12.076583,0
2026-03-01,-5.613446,3.201206,0.757193,0.085457,0.844355,1.753541,90.427099,0
2026-03-03,-4.556469,3.201206,0.757193,0.085457,0.844355,1.423360,84.388807,0
2026-03-04,0.373403,3.201206,0.757193,0.085457,0.844355,0.116644,8.541973,0
2026-03-05,0.785326,3.201206,0.757193,0.085457,0.844355,0.245322,18.262150,0
2026-03-08,-2.069337,3.201206,0.757193,0.085457,0.844355,0.646424,49.189985,0
2026-03-09,1.212311,3.149210,0.778490,0.085746,0.842790,0.384957,29.013255,0
2026-03-10,2.395409,3.149210,0.778490,0.085746,0.842790,0.760638,56.701031,0
2026-03-11,-1.509942,3.149210,0.778490,0.085746,0.842790,0.479467,35.198822,0
2026-03-12,-1.230345,3.149210,0.778490,0.085746,0.842790,0.390684,29.602356,0
2026-03-15,-0.780351,3.149210,0.778490,0.085746,0.842790,0.247793,18.998527,0
2026-03-16,2.620237,3.149210,0.778490,0.085746,0.842790,0.832030,61.266568,0
2026-03-17,2.718506,3.149210,0.778490,0.085746,0.842790,0.863234,63.475700,0
2026-03-18,-6.242276,3.149210,0.778490,0.085746,0.842790,1.982172,92.047128,0
2026-03-19,-1.148423,3.149210,0.778490,0.085746,0.842790,0.364670,27.687776,0
2026-03-22,-8.221694,3.149210,0.778490,0.085746,0.842790,2.610716,98.232695,0
2026-03-23,3.444803,3.149210,0.778490,0.085746,0.842790,1.093862,75.552283,0
2026-03-24,-0.638880,3.149210,0.778490,0.085746,0.842790,0.202870,15.463918,0
2026-03-26,-7.243791,3.149210,0.778490,0.085746,0.842790,2.300193,96.907216,0
2026-03-29,-6.581665,3.149210,0.778490,0.085746,0.842790,2.089942,94.108984,0
2026-03-31,11.532684,3.149210,0.778490,0.085746,0.842790,3.662088,98.821797,0
2026-04-01,3.319219,3.149210,0.778490,0.085746,0.842790,1.053985,74.079529,0
2026-04-05,3.810129,3.149210,0.778490,0.085746,0.842790,1.209868,78.055965,0
2026-04-06,3.411501,3.149210,0.778490,0.085746,0.842790,1.083288,74.963181,0
2026-04-07,7.592622,3.149210,0.778490,0.085746,0.842790,2.410961,97.938144,0
2026-04-08,-2.841869,3.149210,0.778490,0.085746,0.842790,0.902407,67.304860,0
2026-04-09,2.948550,4.788437,0.790914,0.100313,0.832827,0.615765,44.182622,1
2026-04-12,-1.612288,4.788437,0.790914,0.100313,0.832827,0.336704,25.625920,1
2026-04-14,4.048061,4.788437,0.790914,0.100313,0.832827,0.845383,62.592047,1
2026-04-15,-1.784824,4.788437,0.790914,0.100313,0.832827,0.372736,28.424153,1
2026-04-16,4.896670,4.788437,0.790914,0.100313,0.832827,1.022603,72.901325,1
2026-04-19,-1.179543,4.788437,0.790914,0.100313,0.832827,0.246332,18.556701,1
2026-04-20,0.952328,4.788437,0.790914,0.100313,0.832827,0.198881,15.169367,1
2026-04-21,5.769887,4.788437,0.790914,0.100313,0.832827,1.204962,77.908689,1
2026-04-22,0.689494,4.788437,0.790914,0.100313,0.832827,0.143991,10.751105,1
2026-04-23,-5.603707,4.788437,0.790914,0.100313,0.832827,1.170258,76.730486,1
2026-04-26,2.475068,4.788437,0.790914,0.100313,0.832827,0.516884,37.407953,1
2026-04-27,-1.887896,4.788437,0.790914,0.100313,0.832827,0.394261,30.044183,1
2026-04-28,-2.318652,4.788437,0.790914,0.100313,0.832827,0.484219,35.640648,1
2026-04-29,1.430314,4.788437,0.790914,0.100313,0.832827,0.298702,22.974963,1
2026-04-30,0.000000,4.788437,0.790914,0.100313,0.832827,0.000000,0.662739,1
2026-05-03,-1.175666,4.788437,0.790914,0.100313,0.832827,0.245522,18.409426,1
2026-05-04,-1.215393,4.788437,0.790914,0.100313,0.832827,0.253818,19.734904,1
2026-05-05,2.879996,4.788437,0.790914,0.100313,0.832827,0.601448,41.973490,1
2026-05-06,1.353974,4.788437,0.790914,0.100313,0.832827,0.282759,21.502209,1
2026-05-07,-2.107179,4.788437,0.790914,0.100313,0.832827,0.440056,32.253314,1
2026-05-10,-1.805516,2.830238,0.859855,0.098093,0.825603,0.637938,48.011782,0
2026-05-11,-6.726227,2.830238,0.859855,0.098093,0.825603,2.376559,97.790869,0
2026-05-12,0.520122,2.830238,0.859855,0.098093,0.825603,0.183773,13.843888,0
2026-05-13,-0.081945,2.830238,0.859855,0.098093,0.825603,0.028953,2.061856,0
2026-05-14,-2.098655,2.830238,0.859855,0.098093,0.825603,0.741512,54.491900,0
2026-05-17,-3.840062,2.830238,0.859855,0.098093,0.825603,1.356798,81.885125,0
2026-05-18,1.110241,2.830238,0.859855,0.098093,0.825603,0.392278,29.896907,0
2026-05-19,-0.416697,2.830238,0.859855,0.098093,0.825603,0.147230,11.045655,0
2026-05-20,-0.273953,2.830238,0.859855,0.098093,0.825603,0.096795,6.921944,0
2026-05-21,2.930925,2.830238,0.859855,0.098093,0.825603,1.035576,73.343152,0
2026-05-24,1.613387,2.830238,0.859855,0.098093,0.825603,0.570053,40.058910,0
2026-05-25,0.920147,2.830238,0.859855,0.098093,0.825603,0.325113,24.742268,0
2026-05-26,2.564243,2.830238,0.859855,0.098093,0.825603,0.906017,67.452135,0
2026-05-27,0.000000,2.830238,0.859855,0.098093,0.825603,0.000000,0.662739,0
2026-05-28,0.835937,2.830238,0.859855,0.098093,0.825603,0.295359,22.680412,0
2026-05-31,-18.052613,2.830238,0.859855,0.098093,0.825603,6.378479,100.000000,0
2026-06-01,-3.086069,2.830238,0.859855,0.098093,0.825603,1.090392,75.257732,0
2026-06-02,-1.413800,2.830238,0.859855,0.098093,0.825603,0.499534,36.229750,0
2026-06-03,2.275243,2.830238,0.859855,0.098093,0.825603,0.803905,58.762887,0
