Date,Open,High,Low,Close,Volume,Dividends,Stock_Splits,Delivery_Percentage
2023-06-06 00:00:00+05:30,24.52040324873602,24.52040324873602,24.05862539650715,24.428049087524414,36462.0,0.0,0.0,0.3247
2023-06-07 00:00:00+05:30,24.428051197455034,24.428051197455034,24.104806320666565,24.335695266723633,72499.0,0.0,0.0,0.6704
2023-06-08 00:00:00+05:30,23.966272182096315,24.428050052567976,23.596848476484762,24.012449264526367,84758.0,0.0,0.0,0.5392
2023-06-09 00:00:00+05:30,24.012451555374533,24.289517599473214,23.781562598111318,23.873918533325195,43844.0,0.0,0.0,0.4592
2023-06-12 00:00:00+05:30,23.873917585371583,24.058627686922165,23.18125074108542,23.50449562072754,69932.0,0.0,0.0,0.1936
2023-06-13 00:00:00+05:30,23.50449585429729,24.47422874131723,23.181250971443013,23.3659610748291,130098.0,0.0,0.0,0.1936
2023-06-14 00:00:00+05:30,23.227426135579485,23.550670991695622,23.227426135579485,23.412137985229492,58495.0,0.0,0.0,0.1349
2023-06-15 00:00:00+05:30,23.45831584031839,23.45831584031839,22.858004951477053,23.08889389038086,79507.0,0.0,0.0,0.6197
2023-06-16 00:00:00+05:30,22.99653945246672,24.243340155636616,22.99653945246672,23.27360725402832,48106.0,0.0,0.0,0.4607
2023-06-19 00:00:00+05:30,23.27360574612103,23.550671768188476,22.90418203464069,23.08889389038086,79546.0,0.0,0.0,0.5248
2023-06-20 00:00:00+05:30,22.765649393093014,23.412139137133316,22.673293463723994,22.950361251831055,116729.0,0.0,0.0,0.1124
2023-06-21 00:00:00+05:30,23.31978129401611,23.31978129401611,22.9041805267334,22.9041805267334,53620.0,0.0,0.0,0.6819
2023-06-22 00:00:00+05:30,23.273604585363614,23.273604585363614,22.62711488405912,22.765647888183594,54199.0,0.0,0.0,0.5995
2023-06-23 00:00:00+05:30,22.950362218068374,22.950362218068374,22.48858431332472,22.58094024658203,38189.0,0.0,0.0,0.2274
2023-06-26 00:00:00+05:30,22.58093893850704,23.042716816500697,22.16533814369562,22.303871154785156,43661.0,0.0,0.0,0.2091
2023-06-27 00:00:00+05:30,22.58093873710166,22.811827674039133,22.1653379459971,22.39622688293457,54030.0,0.0,0.0,0.21
2023-06-28 00:00:00+05:30,22.580937997518262,23.319781866902023,22.211514301283646,22.67329216003418,64425.0,0.0,0.0,0.2825
2023-06-30 00:00:00+05:30,22.67329509604555,23.78156280517578,22.396229049534472,23.78156280517578,99530.0,0.0,0.0,0.4149
2023-07-03 00:00:00+05:30,24.93600480037989,24.93600480037989,23.78156013369564,24.10480499267578,86862.0,0.0,0.0,0.3592
2023-07-04 00:00:00+05:30,24.104804030360874,24.797470802718703,23.41213725800305,23.6892032623291,52359.0,0.0,0.0,0.2747
2023-07-05 00:00:00+05:30,23.92009467037351,24.197162465013697,23.135071894540616,23.50449562072754,40562.0,0.0,0.0,0.4671
2023-07-06 00:00:00+05:30,23.735384597958816,23.735384597958816,23.135071922939606,23.458316802978516,37158.0,0.0,0.0,0.1837
2023-07-07 00:00:00+05:30,23.135070774221685,23.781560502199568,23.08889369145589,23.181249618530273,62109.0,0.0,0.0,0.2753
2023-07-10 00:00:00+05:30,23.08889291206774,23.31978184118842,22.627115053826387,22.719470977783203,63058.0,0.0,0.0,0.3198
2023-07-11 00:00:00+05:30,22.71947080732301,22.95035973471137,22.580937803198537,22.765647888183594,40196.0,0.0,0.0,0.3736
2023-07-12 00:00:00+05:30,22.719470444696512,23.08889237031298,22.48858152099338,22.9041805267334,68257.0,0.0,0.0,0.5711
2023-07-13 00:00:00+05:30,22.719470376417426,23.088892300923668,21.88827060589271,22.16533660888672,76377.0,0.0,0.0,0.2198
2023-07-14 00:00:00+05:30,22.211516183649962,22.53476106447802,21.28796038788002,21.934450149536133,112489.0,0.0,0.0,0.4085
2023-07-17 00:00:00+05:30,22.35004997253418,22.85800493309699,21.934449178224384,22.35004997253418,41982.0,0.0,0.0,0.4554
2023-07-18 00:00:00+05:30,22.62711482774403,22.950359677591774,21.70355912048917,22.026803970336914,73492.0,0.0,0.0,0.1279
2023-07-19 00:00:00+05:30,22.026806081421704,22.303872115535533,21.703561200593647,21.934450149536133,51290.0,0.0,0.0,0.4645
2023-07-20 00:00:00+05:30,22.257694648689647,22.257694648689647,21.888272689025086,22.072982788085938,49647.0,0.0,0.0,0.2023
2023-07-21 00:00:00+05:30,22.350048820184657,22.580937746998373,21.795915043523202,22.026803970336914,41037.0,0.0,0.0,0.139
2023-07-24 00:00:00+05:30,22.488583010599744,22.488583010599744,22.026805132606086,22.303871154785156,48384.0,0.0,0.0,0.6693
2023-07-25 00:00:00+05:30,22.630497367541572,22.817141356787246,22.39719327096898,22.4438533782959,54188.0,0.25,0.0,0.6794
2023-07-26 00:00:00+05:30,22.44385248819893,22.630496470042523,21.55729802436419,22.210548400878906,44308.0,0.0,0.0,0.585
2023-07-27 00:00:00+05:30,22.39719302528783,22.490515018886992,21.650620636432492,22.163888931274414,65988.0,0.0,0.0,0.2828
2023-07-28 00:00:00+05:30,22.35053408006455,22.35053408006455,21.88392586778737,22.070568084716797,35135.0,0.0,0.0,0.1586
2023-07-31 00:00:00+05:30,21.97724520940404,22.350533188307335,21.743941112573978,21.837263107299805,57377.0,0.0,0.0,0.5105
2023-08-01 00:00:00+05:30,22.257211316534605,22.257211316534605,21.74394123269167,21.977245330810547,34651.0,0.0,0.0,0.3641
2023-08-02 00:00:00+05:30,22.023905681787824,22.023905681787824,21.603957622486398,21.650619506835938,71141.0,0.0,0.0,0.1732
2023-08-03 00:00:00+05:30,21.650621742962795,22.023907956468555,20.57742143167627,20.717405319213867,256822.0,0.0,0.0,0.3971
2023-08-04 00:00:00+05:30,20.764062881469727,20.950706855313175,19.784186468713752,20.764062881469727,75233.0,0.0,0.0,0.1206
2023-08-07 00:00:00+05:30,20.76406415209113,21.370654434248312,19.83084778570501,20.81072425842285,110907.0,0.0,0.0,0.6456
2023-08-08 00:00:00+05:30,20.857386144723534,21.184012228952465,20.110811983633262,20.81072425842285,59013.0,0.0,0.0,0.2553
2023-08-09 00:00:00+05:30,20.95070762572941,20.99736773092167,20.34411557841654,20.857385635375977,28577.0,0.0,0.0,0.4975
2023-08-10 00:00:00+05:30,20.717403666089133,21.04402796436334,20.577419789721414,20.99736785888672,52434.0,0.0,0.0,0.287
2023-08-11 00:00:00+05:30,21.323995386507065,21.323995386507065,20.48410097105834,20.577421188354492,70451.0,0.0,0.0,0.412
2023-08-14 00:00:00+05:30,20.577421188354492,21.184013280593785,20.34411708517601,20.577421188354492,50499.0,0.0,0.0,0.428
2023-08-16 00:00:00+05:30,20.950709177415302,20.99736928606338,20.437439082441212,20.577421188354492,38244.0,0.0,0.0,0.2109
2023-08-17 00:00:00+05:30,20.530760570357646,20.81072477523856,20.530760570357646,20.624082565307617,41345.0,0.0,0.0,0.6818
2023-08-18 00:00:00+05:30,20.810725537613504,20.810725537613504,20.437439324107746,20.717405319213867,35181.0,0.0,0.0,0.5651
2023-08-21 00:00:00+05:30,20.764064026982222,20.95070801112245,20.530759936791412,20.67074203491211,45134.0,0.0,0.0,0.6637
2023-08-22 00:00:00+05:30,20.9507077534101,21.230671946207682,20.717403666089133,20.99736785888672,75540.0,0.0,0.0,0.6369
2023-08-23 00:00:00+05:30,20.997366090439655,21.32399214117358,20.717401921221303,21.137348175048828,71456.0,0.0,0.0,0.4587
2023-08-24 00:00:00+05:30,21.370654794060805,21.930584979313675,21.370654794060805,21.697280883789062,71527.0,0.0,0.0,0.6531
2023-08-25 00:00:00+05:30,21.88392460813181,22.117228700841235,21.463976529267253,22.023906707763672,56974.0,0.0,0.0,0.1531
2023-08-28 00:00:00+05:30,22.02390697351732,22.350533063245575,21.55729878246809,21.697280883789062,59480.0,0.0,0.0,0.2176
2023-08-29 00:00:00+05:30,21.55729802436419,22.58383636456609,21.55729802436419,22.210548400878906,48444.0,0.0,0.0,0.1271
2023-08-30 00:00:00+05:30,22.817142658859343,22.817142658859343,22.070568439242,22.350534439086914,38320.0,0.0,0.0,0.2952
2023-08-31 00:00:00+05:30,22.397194549076517,22.817142658859343,21.977246439293694,22.350534439086914,51937.0,0.0,0.0,0.3332
2023-09-01 00:00:00+05:30,22.53717396423238,22.53717396423238,22.117227684631857,22.25720977783203,45456.0,0.0,0.0,0.2628
2023-09-04 00:00:00+05:30,22.770478952795738,22.770478952795738,22.21054877773335,22.490514755249023,46861.0,0.0,0.0,0.5972
2023-09-05 00:00:00+05:30,22.770477912062898,22.770477912062898,22.02390556608138,22.11722755432129,85990.0,0.0,0.0,0.3141
2023-09-06 00:00:00+05:30,22.490515143013578,22.490515143013578,22.11722894652572,22.303871154785156,31600.0,0.0,0.0,0.2686
2023-09-07 00:00:00+05:30,22.30386988224246,22.443851975442634,21.977243811462795,22.25720977783203,50094.0,0.0,0.0,0.4256
2023-09-08 00:00:00+05:30,22.257210924873576,22.490515018886992,21.55729864283333,22.163888931274414,89231.0,0.0,0.0,0.1846
2023-09-11 00:00:00+05:30,22.350531634936623,22.397191739072138,21.697279497226134,22.11722755432129,71207.0,0.0,0.0,0.5813
2023-09-12 00:00:00+05:30,22.39719212308843,22.39719212308843,21.557297774466395,21.930583953857422,36147.0,0.0,0.0,0.1447
2023-09-13 00:00:00+05:30,21.88392358867698,21.93058369305763,21.463975529375553,21.650619506835938,61385.0,0.0,0.0,0.6921
2023-09-14 00:00:00+05:30,21.650620776671737,21.88392487219635,21.32399468694348,21.697280883789062,30714.0,0.0,0.0,0.5633
2023-09-15 00:00:00+05:30,21.6972811250555,22.02390721841573,21.46397702693662,21.977245330810547,24714.0,0.0,0.0,0.2192
2023-09-18 00:00:00+05:30,22.72382005232921,22.72382005232921,21.557299534036837,21.790603637695312,47952.0,0.0,0.0,0.1033
2023-09-20 00:00:00+05:30,21.790603637695312,22.023907741353785,21.510637645323712,21.790603637695312,31295.0,0.0,0.0,0.5893
2023-09-21 00:00:00+05:30,22.023906848682746,22.023906848682746,21.51063677345649,21.55729866027832,22748.0,0.0,0.0,0.5241
2023-09-22 00:00:00+05:30,21.463974225782756,21.837260378063483,21.044026191986454,21.137348175048828,49584.0,0.0,0.0,0.5374
2023-09-25 00:00:00+05:30,21.97724548278968,21.97724548278968,21.13735107974741,21.510637283325195,23292.0,0.0,0.0,0.5628
2023-09-26 00:00:00+05:30,21.510637923067247,21.83726402840029,21.463977813720703,21.463977813720703,18816.0,0.0,0.0,0.1444
2023-09-27 00:00:00+05:30,21.650620653953002,21.650620653953002,21.277332679254275,21.55729866027832,27770.0,0.0,0.0,0.3151
2023-09-28 00:00:00+05:30,21.37065569930377,21.790603801024318,21.32399559020996,21.32399559020996,22641.0,0.0,0.0,0.1695
2023-09-29 00:00:00+05:30,21.323995473181473,21.69728168379051,21.044029480247904,21.18401336669922,33504.0,0.0,0.0,0.6179
2023-10-03 00:00:00+05:30,21.697280636215023,21.697280636215023,21.137350457351165,21.417316436767578,32507.0,0.0,0.0,0.474
2023-10-04 00:00:00+05:30,21.650619883426803,21.650619883426803,20.62408154947685,20.857385635375977,65950.0,0.0,0.0,0.2985
2023-10-05 00:00:00+05:30,21.277330259658005,21.277330259658005,20.53075795509655,21.137348175048828,45288.0,0.0,0.0,0.1381
2023-10-06 00:00:00+05:30,21.417317637025565,21.417317637025565,20.204135218170514,20.717405319213867,65463.0,0.0,0.0,0.2866
2023-10-09 00:00:00+05:30,20.717403040086374,21.230671304695868,20.530759063881717,21.04402732849121,73059.0,0.0,0.0,0.2951
2023-10-10 00:00:00+05:30,21.743941792628245,21.743941792628245,21.137351477892427,21.18401336669922,19065.0,0.0,0.0,0.5378
2023-10-11 00:00:00+05:30,21.184012607091187,21.603958911479687,20.857386517031916,21.09069061279297,22221.0,0.0,0.0,0.4825
2023-10-12 00:00:00+05:30,21.41731670285224,21.603958911479687,20.90404662419653,21.09069061279297,41299.0,0.0,0.0,0.6323
2023-10-13 00:00:00+05:30,21.557299171253057,21.65062116713976,20.764064876169627,21.510637283325195,84242.0,0.0,0.0,0.3833
2023-10-16 00:00:00+05:30,21.93058614431074,21.93058614431074,21.090691711799042,21.603960037231445,35220.0,0.0,0.0,0.1718
2023-10-17 00:00:00+05:30,21.88392319117433,21.88392319117433,20.717402803157977,21.37065315246582,80843.0,0.0,0.0,0.5279
2023-10-18 00:00:00+05:30,21.18401336669922,21.46397757966373,20.997369371410173,21.18401336669922,30728.0,0.0,0.0,0.5565
2023-10-19 00:00:00+05:30,21.09068984980889,21.463976033528645,20.904045867964548,20.99736785888672,33935.0,0.0,0.0,0.4368
2023-10-20 00:00:00+05:30,20.857385762487926,21.230671946207682,20.764063771565755,20.99736785888672,38242.0,0.0,0.0,0.5626
2023-10-23 00:00:00+05:30,21.230672207363845,21.230672207363845,20.577420042841993,20.67074203491211,36067.0,0.0,0.0,0.3963
2023-10-25 00:00:00+05:30,20.810724133032807,20.95070801112245,20.530759936791412,20.67074203491211,26299.0,0.0,0.0,0.4136
2023-10-26 00:00:00+05:30,20.950707883167606,20.950707883167606,20.064151633869518,20.530759811401367,38182.0,0.0,0.0,0.3565
2023-10-27 00:00:00+05:30,20.53075880414984,20.904044971867886,20.344114830306392,20.764062881469727,19770.0,0.0,0.0,0.1153
2023-10-30 00:00:00+05:30,20.670742672798102,20.9973687651385,20.157474370526764,20.624082565307617,33508.0,0.0,0.0,0.1647
2023-10-31 00:00:00+05:30,20.57742143167627,20.90404753598221,20.344117325739038,20.717405319213867,27427.0,0.0,0.0,0.1189
2023-11-01 00:00:00+05:30,20.950706855313175,20.950706855313175,20.25079462335352,20.764062881469727,18846.0,0.0,0.0,0.4818
2023-11-02 00:00:00+05:30,21.044029643550736,21.044029643550736,20.390779214907926,20.717405319213867,30352.0,0.0,0.0,0.2886
2023-11-03 00:00:00+05:30,20.577421188354492,20.99736928606338,20.297456976527933,20.577421188354492,50572.0,0.0,0.0,0.4051
2023-11-06 00:00:00+05:30,20.95070865764802,20.9973687651385,20.530760570357646,20.624082565307617,53161.0,0.0,0.0,0.6445
2023-11-07 00:00:00+05:30,20.717403794401683,20.90404599743306,20.43743781990121,20.530759811401367,35983.0,0.0,0.0,0.2496
2023-11-08 00:00:00+05:30,20.577421188354492,20.810725291532975,20.437439082441212,20.577421188354492,57802.0,0.0,0.0,0.3462
2023-11-09 00:00:00+05:30,20.530761079706416,20.8573871801501,20.530761079706416,20.577421188354492,29357.0,0.0,0.0,0.5533
2023-11-10 00:00:00+05:30,20.62408307697162,20.810725291532975,20.437439082441212,20.577421188354492,19197.0,0.0,0.0,0.2373
2023-11-13 00:00:00+05:30,21.09069010924315,21.09069010924315,19.737525674148863,20.67074203491211,46538.0,0.0,0.0,0.1462
2023-11-15 00:00:00+05:30,20.857385891667448,20.857385891667448,20.43743781990121,20.530759811401367,78512.0,0.0,0.0,0.2739
2023-11-16 00:00:00+05:30,20.62408307697162,20.810725291532975,20.34411708517601,20.577421188354492,31331.0,0.0,0.0,0.1967
2023-11-17 00:00:00+05:30,20.764065428413684,20.810725537613504,20.437439324107746,20.717405319213867,47023.0,0.0,0.0,0.6578
2023-11-20 00:00:00+05:30,20.76406261160596,20.81072271447597,20.390776448739395,20.484098434448242,55008.0,0.0,0.0,0.5849
2023-11-21 00:00:00+05:30,20.670743066679798,20.670743066679798,20.344116968115525,20.43743896484375,46375.0,0.0,0.0,0.48
2023-11-22 00:00:00+05:30,20.67074062589711,20.67074062589711,20.297454463030544,20.484098434448242,26420.0,0.0,0.0,0.6229
2023-11-23 00:00:00+05:30,20.71740250873595,20.71740250873595,20.437436551609405,20.484098434448242,19945.0,0.0,0.0,0.5822
2023-11-24 00:00:00+05:30,20.157472374451686,20.530758537318253,20.157472374451686,20.484098434448242,17379.0,0.0,0.0,0.2119
2023-11-28 00:00:00+05:30,20.530759555420783,20.530759555420783,20.064151383706673,20.250795364379883,60315.0,0.0,0.0,0.6355
2023-11-29 00:00:00+05:30,20.530760071836124,20.530760071836124,20.064151888385304,20.204133987426758,44912.0,0.0,0.0,0.4236
2023-11-30 00:00:00+05:30,19.97083189023824,20.53076212229465,19.97083189023824,20.344118118286133,32611.0,0.0,0.0,0.5845
2023-12-01 00:00:00+05:30,20.344115702444974,20.484099578813,20.064151509646777,20.390777587890625,30688.0,0.0,0.0,0.6377
2023-12-04 00:00:00+05:30,20.53076096157198,20.624082958300203,20.064152757899887,20.43743896484375,79077.0,0.0,0.0,0.2908
2023-12-05 00:00:00+05:30,20.530760071836124,20.530760071836124,20.064151888385304,20.204133987426758,43578.0,0.0,0.0,0.166
2023-12-06 00:00:00+05:30,20.437440120290393,20.437440120290393,20.064153892242498,20.344118118286133,58506.0,0.0,0.0,0.2368
2023-12-07 00:00:00+05:30,20.53076212229465,20.53076212229465,20.15747589424676,20.344118118286133,59894.0,0.0,0.0,0.3563
2023-12-08 00:00:00+05:30,20.48410201127709,20.48410201127709,20.110814003260057,20.344118118286133,90978.0,0.0,0.0,0.5908
2023-12-11 00:00:00+05:30,20.53076072038084,20.53076072038084,20.06415252219037,20.157474517822266,107624.0,0.0,0.0,0.6164
2023-12-12 00:00:00+05:30,20.43743896484375,20.484100853192384,20.11081286627948,20.43743896484375,63675.0,0.0,0.0,0.1042
2023-12-13 00:00:00+05:30,20.297456741333008,20.484100733700693,20.297456741333008,20.297456741333008,44047.0,0.0,0.0,0.4064
2023-12-14 00:00:00+05:30,20.29745572263544,20.530759811401367,20.29745572263544,20.530759811401367,51199.0,0.0,0.0,0.3504
2023-12-15 00:00:00+05:30,20.530760289794785,21.55729866027832,20.39077818926725,21.55729866027832,208703.0,0.0,0.0,0.2333
2023-12-18 00:00:00+05:30,21.930584701066163,22.630496978759766,21.65062050197631,22.630496978759766,258689.0,0.0,0.0,0.1719
2023-12-19 00:00:00+05:30,23.237087887930677,23.703696085599844,22.91046179356846,23.190427780151367,313516.0,0.0,0.0,0.3026
2023-12-20 00:00:00+05:30,23.517053257097796,23.517053257097796,22.023906707763672,22.023906707763672,149564.0,0.0,0.0,0.6657
2023-12-21 00:00:00+05:30,22.02390797547671,22.58383818620314,20.95070944323301,22.070568084716797,82761.0,0.0,0.0,0.2939
2023-12-22 00:00:00+05:30,22.770478178704707,22.770478178704707,21.930583834648132,22.397192001342773,39868.0,0.0,0.0,0.4113
2023-12-26 00:00:00+05:30,22.91046194498581,22.91046194498581,21.69728133501556,22.723819732666016,69644.0,0.0,0.0,0.5218
2023-12-27 00:00:00+05:30,22.72381936216441,22.72381936216441,22.117229067069466,22.4438533782959,43459.0,0.0,0.0,0.3182
2023-12-28 00:00:00+05:30,22.957122023801787,22.957122023801787,21.557297531862275,22.25720977783203,43652.0,0.0,0.0,0.6831
2023-12-29 00:00:00+05:30,22.303870012010066,22.863800168037415,22.25720990732816,22.397192001342773,58017.0,0.0,0.0,0.6775
2024-01-01 00:00:00+05:30,22.9104607906973,22.9104607906973,21.930584330472286,22.817140579223633,59986.0,0.0,0.0,0.2511
2024-01-02 00:00:00+05:30,23.003784819953275,23.003784819953275,22.39719449179433,22.957124710083008,61903.0,0.0,0.0,0.3983
2024-01-03 00:00:00+05:30,23.050445829186938,23.050445829186938,22.443853744232786,22.723819732666016,63121.0,0.0,0.0,0.2805
2024-01-04 00:00:00+05:30,23.33040847564231,23.33040847564231,22.630496221373043,23.14376449584961,80551.0,0.0,0.0,0.2709
2024-01-05 00:00:00+05:30,23.14376462643003,23.890338769844206,22.910460540357274,23.750356674194336,170514.0,0.0,0.0,0.1221
2024-01-08 00:00:00+05:30,24.26362533663047,24.683573410213572,23.61037317327207,24.170303344726562,233892.0,0.0,0.0,0.4657
2024-01-09 00:00:00+05:30,24.216964975948823,24.636911265145987,23.610372924938044,23.890338897705078,99245.0,0.0,0.0,0.4016
2024-01-10 00:00:00+05:30,24.263625598873897,24.5902516840833,23.517053215511517,23.843677520751953,76484.0,0.0,0.0,0.1309
2024-01-11 00:00:00+05:30,24.170303479391507,24.170303479391507,23.377069213742214,23.70369529724121,53435.0,0.0,0.0,0.2672
2024-01-12 00:00:00+05:30,24.07698198795474,24.870216270109427,23.423731587333048,24.12364387512207,158139.0,0.0,0.0,0.645
2024-01-15 00:00:00+05:30,24.263624715437313,25.290163040161133,23.563712464030466,25.290163040161133,308350.0,0.0,0.0,0.2437
2024-01-16 00:00:00+05:30,25.850094870386894,26.316703068191938,24.35694828141696,25.616790771484375,429991.0,0.0,0.0,0.1869
2024-01-17 00:00:00+05:30,25.850095185234185,25.850095185234185,24.590252679822225,24.683574676513672,80223.0,0.0,0.0,0.3937
2024-01-18 00:00:00+05:30,24.450269314097113,25.616789762671043,23.61037316714873,24.776893615722656,133486.0,0.0,0.0,0.6914
2024-01-19 00:00:00+05:30,24.776894253274186,25.243502444710376,24.590252044681105,24.730234146118164,87752.0,0.0,0.0,0.2452
2024-01-23 00:00:00+05:30,24.63691219767498,25.196842384433978,23.42373160967131,23.517053604125977,121605.0,0.0,0.0,0.5033
2024-01-24 00:00:00+05:30,24.123642077374758,24.123642077374758,22.677155722424757,23.657033920288086,60666.0,0.0,0.0,0.557
2024-01-25 00:00:00+05:30,23.797017299767695,23.797017299767695,22.91046104131818,23.097105026245117,52327.0,0.0,0.0,0.2426
2024-01-29 00:00:00+05:30,23.517053751876517,23.657035854453483,22.677157576476706,23.050445556640625,83171.0,0.0,0.0,0.5369
2024-01-30 00:00:00+05:30,23.563713859412502,23.563713859412502,22.7238194639817,23.050445556640625,120606.0,0.0,0.0,0.3207
2024-01-31 00:00:00+05:30,23.563712819507643,23.563712819507643,23.003782653941396,23.283748626708984,71652.0,0.0,0.0,0.4794
2024-02-01 00:00:00+05:30,23.563715038241952,23.563715038241952,22.863802710373378,22.957124710083008,55212.0,0.0,0.0,0.4801
2024-02-02 00:00:00+05:30,23.237087124955842,23.237087124955842,22.53717485143326,23.097105026245117,106683.0,0.0,0.0,0.4215
2024-02-05 00:00:00+05:30,24.123644422588562,24.123644422588562,22.770479923499888,23.47039222717285,94377.0,0.0,0.0,0.1542
2024-02-06 00:00:00+05:30,23.517052323913838,24.030320595519907,22.44385211606113,23.003782272338867,86026.0,0.0,0.0,0.6012
2024-02-07 00:00:00+05:30,23.33041092895243,23.470393038532322,22.723820600793484,22.957124710083008,55733.0,0.0,0.0,0.2925
2024-02-08 00:00:00+05:30,22.770479840753705,23.37707014573883,22.443853744232786,22.723819732666016,84937.0,0.0,0.0,0.2119
2024-02-09 00:00:00+05:30,22.723818461142738,23.657034810430172,22.350532277421554,23.283748626708984,168005.0,0.0,0.0,0.1245
2024-02-12 00:00:00+05:30,23.330408732002603,23.70369491572086,22.11722818992604,22.210548400878906,98488.0,0.0,0.0,0.4545
2024-02-13 00:00:00+05:30,22.350532667030443,23.003783054937585,21.137350323827533,21.88392448425293,67792.0,0.0,0.0,0.5065
2024-02-14 00:00:00+05:30,21.88392448425293,21.9305845905431,21.23067231637683,21.88392448425293,48840.0,0.0,0.0,0.11
2024-02-15 00:00:00+05:30,21.790602736846747,22.350532918472737,21.697280743247585,22.163888931274414,53691.0,0.0,0.0,0.4073
2024-02-16 00:00:00+05:30,21.97724357128682,22.957121772917315,21.97724357128682,22.58383560180664,54861.0,0.0,0.0,0.2359
2024-02-19 00:00:00+05:30,22.39719302528783,23.143765414143168,22.023906830860163,22.163888931274414,47407.0,0.0,0.0,0.4871
2024-02-20 00:00:00+05:30,22.5838367584192,22.5838367584192,21.557298400314878,21.88392448425293,60846.0,0.0,0.0,0.2046
2024-02-21 00:00:00+05:30,21.930585223174376,22.35053331177596,21.603959129814147,21.977245330810547,31073.0,0.0,0.0,0.5146
2024-02-22 00:00:00+05:30,21.65061939309062,22.25720964669671,21.603957508986227,22.11722755432129,56613.0,0.0,0.0,0.332
2024-02-23 00:00:00+05:30,21.603958129840624,22.817140451886118,21.603958129840624,22.210548400878906,56236.0,0.0,0.0,0.662
2024-02-26 00:00:00+05:30,22.397193951213534,22.397193951213534,21.510637645323712,21.790603637695312,46516.0,0.0,0.0,0.1825
2024-02-27 00:00:00+05:30,21.790603637695312,22.117229738810988,21.463977536579637,21.790603637695312,37919.0,0.0,0.0,0.3046
2024-02-28 00:00:00+05:30,22.210548666342227,22.210548666342227,20.81072412569119,21.277332305908203,53630.0,0.0,0.0,0.1681
2024-02-29 00:00:00+05:30,21.41731473159907,21.7439390116268,20.250794360160533,20.484098434448242,87112.0,0.0,0.0,0.6548
2024-03-01 00:00:00+05:30,20.85738625790372,21.463976543352494,20.67074227162611,21.417316436767578,45540.0,0.0,0.0,0.6264
2024-03-04 00:00:00+05:30,21.97724585264066,22.67715816361608,21.044029438006763,21.790603637695312,56042.0,0.0,0.0,0.2548
2024-03-05 00:00:00+05:30,21.743941911961443,22.117229904588182,21.277333701147086,21.32399559020996,25511.0,0.0,0.0,0.496
2024-03-06 00:00:00+05:30,21.323993292798196,21.74393956930536,20.624081051984046,21.04402732849121,29473.0,0.0,0.0,0.5903
2024-03-07 00:00:00+05:30,21.184012967675272,21.65062116713976,20.064152576972898,21.510637283325195,68750.0,0.0,0.0,0.4331
2024-03-11 00:00:00+05:30,22.44385330022568,22.44385330022568,20.624082421270863,21.09069061279297,51960.0,0.0,0.0,0.4178
2024-03-12 00:00:00+05:30,21.044028223223616,21.650620281694888,20.484099830740828,20.67074203491211,103515.0,0.0,0.0,0.2451
2024-03-13 00:00:00+05:30,20.810723607532942,21.27733177613206,19.644203186035156,19.644203186035156,107728.0,0.0,0.0,0.1559
2024-03-14 00:00:00+05:30,20.06415112892916,20.34411531641503,18.850970609865186,20.110811233520508,79215.0,0.0,0.0,0.6383
2024-03-15 00:00:00+05:30,20.5307600604946,20.99736824368766,19.59754369410848,20.81072425842285,63004.0,0.0,0.0,0.6403
2024-03-18 00:00:00+05:30,21.18401209383996,21.417316183948465,20.90404611772838,21.277332305908203,62250.0,0.0,0.0,0.4799
2024-03-19 00:00:00+05:30,21.88392504720973,21.88392504720973,20.530760570357646,20.624082565307617,70411.0,0.0,0.0,0.3034
2024-03-20 00:00:00+05:30,21.417315928052027,21.417315928052027,20.530759684244792,20.99736785888672,55508.0,0.0,0.0,0.3095
2024-03-21 00:00:00+05:30,21.323995104483913,21.650621200607763,20.43743881214332,20.9040470123291,110451.0,0.0,0.0,0.5356
2024-03-22 00:00:00+05:30,21.37065521251488,21.5572992045768,20.67074291223621,20.9040470123291,108642.0,0.0,0.0,0.6383
2024-03-26 00:00:00+05:30,21.46397666660364,21.7439408676587,20.99736847819921,21.55729866027832,115939.0,0.0,0.0,0.6323
2024-03-27 00:00:00+05:30,21.88392423057931,22.303870522229772,21.090689973058744,21.743940353393555,181125.0,0.0,0.0,0.5679
2024-03-28 00:00:00+05:30,21.79162590080159,21.886994428877983,21.457836962035913,21.553205490112305,73773.0,0.5,0.0,0.4852
2024-04-01 00:00:00+05:30,21.934676866852836,21.934676866852836,21.028678616490204,21.21941566467285,63600.0,0.0,0.0,0.1505
2024-04-02 00:00:00+05:30,21.648574692430895,21.696258048452496,21.028680150129507,21.171733856201172,42425.0,0.0,0.0,0.197
2024-04-03 00:00:00+05:30,21.505520604007298,21.505520604007298,21.07636495043267,21.362468719482422,60692.0,0.0,0.0,0.6391
2024-04-04 00:00:00+05:30,21.886992862335397,21.93467621345901,21.410152075086287,21.600887298583984,43054.0,0.0,0.0,0.4639
2024-04-05 00:00:00+05:30,21.839308680493794,22.316149489321184,21.6008882760801,22.173097610473633,104009.0,0.0,0.0,0.1055
2024-04-08 00:00:00+05:30,22.31614857431005,22.649937490603808,21.743939263378355,21.83930778503418,52306.0,0.0,0.0,0.1609
2024-04-09 00:00:00+05:30,22.26846723941609,22.506887655643236,21.457837460443113,22.077730178833008,100711.0,0.0,0.0,0.4981
2024-04-10 00:00:00+05:30,22.125415668341656,22.3638360879617,21.553206297452856,21.648574829101562,79719.0,0.0,0.0,0.103
2024-04-12 00:00:00+05:30,21.93467778341449,22.173098194103776,21.457836962035913,21.553205490112305,44592.0,0.0,0.0,0.1965
2024-04-15 00:00:00+05:30,21.553205704135834,21.600889059145835,20.742575935942018,21.124048233032227,72704.0,0.0,0.0,0.4292
2024-04-16 00:00:00+05:30,21.410154409481517,21.93467860504424,20.599524618972673,21.648574829101562,68467.0,0.0,0.0,0.5151
2024-04-18 00:00:00+05:30,21.31478471293382,22.554570099599733,20.742575373317496,21.743940353393555,103852.0,0.0,0.0,0.4912
2024-04-19 00:00:00+05:30,21.69625758816924,21.69625758816924,21.028679704008827,21.124048233032227,42821.0,0.0,0.0,0.2346
2024-04-22 00:00:00+05:30,21.50552105499895,21.648574761527204,21.02868021724728,21.410154342651367,44079.0,0.0,0.0,0.5273
2024-04-23 00:00:00+05:30,21.648573724608003,22.31614977408285,21.457836671041846,21.98236083984375,63316.0,0.0,0.0,0.2423
2024-04-24 00:00:00+05:30,22.41151987988016,22.41151987988016,21.600890073615712,21.93467903137207,82840.0,0.0,0.0,0.2952
2024-04-25 00:00:00+05:30,22.17309884719524,22.792991569445174,21.60088948088629,22.5545711517334,91165.0,0.0,0.0,0.5479
2024-04-26 00:00:00+05:30,23.174463040143678,23.174463040143678,22.316149931064906,22.45920181274414,115399.0,0.0,0.0,0.4898
2024-04-29 00:00:00+05:30,22.22078120268634,23.22214800339316,22.22078120268634,22.88835906982422,89414.0,0.0,0.0,0.6095
2024-04-30 00:00:00+05:30,23.0790963316931,23.0790963316931,22.411518458518852,22.45920181274414,36239.0,0.0,0.0,0.4946
2024-05-02 00:00:00+05:30,22.602256326677814,23.031411987156954,22.12541549125426,22.5545711517334,44350.0,0.0,0.0,0.441
2024-05-03 00:00:00+05:30,22.936043313450046,23.07909701838907,21.934678292897402,22.077730178833008,41336.0,0.0,0.0,0.1562
2024-05-06 00:00:00+05:30,22.792990381581436,22.792990381581436,22.030045812266216,22.411518096923828,61695.0,0.0,0.0,0.3206
2024-05-07 00:00:00+05:30,22.030045932703388,22.602255272319713,21.505519946803698,21.743940353393555,40661.0,0.0,0.0,0.2591
2024-05-08 00:00:00+05:30,22.316150076716674,22.316150076716674,20.98099614065734,21.553205490112305,49315.0,0.0,0.0,0.2464
2024-05-09 00:00:00+05:30,21.886994351083224,21.886994351083224,21.31478500366211,21.31478500366211,25257.0,0.0,0.0,0.6838
2024-05-10 00:00:00+05:30,21.93467732481277,21.93467732481277,21.314784633781773,21.50551986694336,17409.0,0.0,0.0,0.3359
2024-05-13 00:00:00+05:30,21.505519503857553,21.839308430009016,21.362467626650727,21.457836151123047,22063.0,0.0,0.0,0.6352
2024-05-14 00:00:00+05:30,21.457836962035913,21.839309255338097,21.410153607499407,21.553205490112305,17054.0,0.0,0.0,0.4787
2024-05-15 00:00:00+05:30,21.696257511927243,21.839309395457953,20.265735038613357,20.88562774658203,92314.0,0.0,0.0,0.5769
2024-05-16 00:00:00+05:30,21.362468719482422,21.505520604007298,21.17173347978372,21.362468719482422,37830.0,0.0,0.0,0.4016
2024-05-17 00:00:00+05:30,21.839309819541263,23.460569381713867,21.314785630075466,23.460569381713867,305589.0,0.0,0.0,0.4461
2024-05-21 00:00:00+05:30,23.84203990869674,26.083192023914894,23.174462063651916,25.081825256347656,718430.0,0.0,0.0,0.3955
2024-05-22 00:00:00+05:30,25.701720803491554,25.74940415766366,24.128144649764973,24.509618759155273,254985.0,0.0,0.0,0.2171
2024-05-23 00:00:00+05:30,24.70035428336825,24.70035428336825,23.937409693682532,24.31888198852539,87352.0,0.0,0.0,0.5335
2024-05-24 00:00:00+05:30,24.03277867392035,24.604986217439496,22.888359948875223,23.222148895263672,143840.0,0.0,0.0,0.2685
2024-05-27 00:00:00+05:30,23.74667324029228,24.223514075715837,22.077730316309847,22.5545711517334,186635.0,0.0,0.0,0.1146
2024-05-28 00:00:00+05:30,23.317515326015652,23.317515326015652,22.31614857701308,22.74530601501465,50431.0,0.0,0.0,0.4873
2024-05-29 00:00:00+05:30,22.6022555904189,23.031411236918476,22.411518534861283,22.697622299194336,30503.0,0.0,0.0,0.2063
2024-05-30 00:00:00+05:30,23.126779228128413,23.126779228128413,22.07772908490749,22.173097610473633,49810.0,0.0,0.0,0.6643
2024-05-31 00:00:00+05:30,22.64993813521011,22.792990012263406,22.22078068504691,22.363834381103516,25897.0,0.0,0.0,0.6724
2024-06-03 00:00:00+05:30,23.842040232017283,23.842040232017283,22.316149293367516,22.60225486755371,63798.0,0.0,0.0,0.6489
2024-06-04 00:00:00+05:30,22.840675990450627,22.888359344817648,20.980996066082845,21.31478500366211,111355.0,0.0,0.0,0.3221
2024-06-05 00:00:00+05:30,22.64993850221025,22.64993850221025,20.980995665205285,22.411518096923828,80348.0,0.0,0.0,0.1093
2024-06-06 00:00:00+05:30,22.649939612852236,22.649939612852236,22.030046892511702,22.316150665283203,34064.0,0.0,0.0,0.657
2024-06-07 00:00:00+05:30,22.649939682618797,22.888360100330573,22.26846737808064,22.5545711517334,59410.0,0.0,0.0,0.3569
2024-06-10 00:00:00+05:30,22.554568683337244,23.269829858193628,22.125413069825356,22.75484275817871,65208.0,0.0,0.0,0.68
2024-06-11 00:00:00+05:30,23.203072486785715,23.889722561203612,22.8406742911493,23.355661392211914,149071.0,0.0,0.0,0.6782
2024-06-12 00:00:00+05:30,23.842041168205366,24.17583010836092,23.298442920610825,23.718063354492188,112266.0,0.0,0.0,0.6118
2024-06-13 00:00:00+05:30,23.84203959973598,24.08045999573334,23.470104364061143,23.584545135498047,68565.0,0.0,0.0,0.2767
2024-06-14 00:00:00+05:30,23.79435641079218,23.8420397627163,23.279367478795933,23.641767501831055,66695.0,0.0,0.0,0.3311
2024-06-18 00:00:00+05:30,23.555936783281687,23.794357188703554,22.18263473873081,23.01233673095703,105837.0,0.0,0.0,0.6107
2024-06-19 00:00:00+05:30,23.126778322140908,23.79435615594834,23.126778322140908,23.34612464904785,112380.0,0.0,0.0,0.2902
2024-06-20 00:00:00+05:30,23.727598634835104,23.822967163568247,23.36520040845324,23.594083786010742,59186.0,0.0,0.0,0.2017
2024-06-21 00:00:00+05:30,23.594082169618332,23.794356248137813,23.384272875981832,23.584545135498047,52266.0,0.0,0.0,0.4341
2024-06-24 00:00:00+05:30,24.16629328363947,26.50281406603136,22.754844870775802,24.852943420410156,616005.0,0.0,0.0,0.6617
2024-06-25 00:00:00+05:30,25.701720949988452,25.749404304432346,24.318881843074994,24.624059677124023,128556.0,0.0,0.0,0.5176
2024-06-26 00:00:00+05:30,25.034144122507122,25.272564542721476,23.985093909763275,24.652671813964844,156932.0,0.0,0.0,0.442
2024-06-27 00:00:00+05:30,24.65267077476474,25.987824707882815,24.137681815688744,24.442859649658203,97227.0,0.0,0.0,0.1583
2024-06-28 00:00:00+05:30,24.77664829229991,25.243952072369844,24.032777785618663,24.452396392822266,96210.0,0.0,0.0,0.469
2024-07-01 00:00:00+05:30,24.31888257214801,25.16765867591835,23.994630658999093,24.299808502197266,90156.0,0.0,0.0,0.694
2024-07-02 00:00:00+05:30,24.77664866537636,24.77664866537636,23.508252152086595,24.080461502075195,91275.0,0.0,0.0,0.1841
2024-07-03 00:00:00+05:30,23.508252370884946,25.377469355711288,23.508252370884946,24.9769229888916,170380.0,0.0,0.0,0.411
2024-07-04 00:00:00+05:30,25.510984937095042,25.7017220006747,24.63359771883481,25.434690475463867,359395.0,0.0,0.0,0.6264
2024-07-05 00:00:00+05:30,26.130877717603568,29.08729129499379,25.14858674950861,28.43878746032715,1817240.0,0.0,0.0,0.5445
2024-07-08 00:00:00+05:30,29.08728946342852,30.088654438666527,26.71262244354705,27.35158920288086,804614.0,0.0,0.0,0.5182
2024-07-09 00:00:00+05:30,28.41971197945284,28.41971197945284,26.722159834267458,26.97965431213379,198215.0,0.0,0.0,0.5215
2024-07-10 00:00:00+05:30,27.370664154089816,27.370664154089816,25.425152709886774,26.72216033935547,232749.0,0.0,0.0,0.3157
2024-07-11 00:00:00+05:30,26.760306223283248,27.84750452631989,26.140413523071352,27.036874771118164,164782.0,0.0,0.0,0.2762
2024-07-12 00:00:00+05:30,27.942870933664313,28.80118585286491,26.96058002236217,27.046411514282227,368951.0,0.0,0.0,0.5856
2024-07-15 00:00:00+05:30,27.275296881183376,27.647232160702938,26.388372612479678,26.922433853149414,141450.0,0.0,0.0,0.5861
2024-07-16 00:00:00+05:30,26.94150756591852,27.42788544291109,26.51235008062994,26.69355010986328,132815.0,0.0,0.0,0.6202
2024-07-18 00:00:00+05:30,27.084556957730307,27.084556957730307,25.749403087370986,25.987823486328125,106075.0,0.0,0.0,0.6479
2024-07-19 00:00:00+05:30,26.22624612781878,26.407446155841036,24.79572361175594,25.196269989013672,129690.0,0.0,0.0,0.4068
2024-07-22 00:00:00+05:30,25.263027415389384,25.749405289131165,24.79572361175594,25.196269989013672,80389.0,0.0,0.0,0.4009
2024-07-23 00:00:00+05:30,25.606352129566076,28.581837796555043,24.72896495719685,28.066850662231445,1063870.0,0.0,0.0,0.579
2024-07-24 00:00:00+05:30,28.83933213835964,30.231708257544767,28.133607953732845,28.5532283782959,1208664.0,0.0,0.0,0.49
2024-07-25 00:00:00+05:30,28.610448498495423,33.91291959656564,27.65676688187891,33.560054779052734,2996862.0,0.0,0.0,0.5212
2024-07-26 00:00:00+05:30,34.38022086381699,37.098215599617944,33.54098003933747,34.666324615478516,2440129.0,0.0,0.0,0.5775
2024-07-29 00:00:00+05:30,36.23036886316758,37.09821905217808,34.675866695860606,35.04780197143555,717772.0,0.0,0.0,0.634
2024-07-30 00:00:00+05:30,35.71583704030075,35.71583704030075,33.57617945108463,33.88599395751953,340346.0,0.55,0.0,0.3028
2024-07-31 00:00:00+05:30,32.917825013686965,33.885996337618934,32.28851217581899,32.637054443359375,246382.0,0.0,0.0,0.3253
2024-08-01 00:00:00+05:30,32.53055460443581,32.53055460443581,31.000845852049924,31.11702537536621,206464.0,0.0,0.0,0.1564
2024-08-02 00:00:00+05:30,29.964902107052218,32.182015243314375,29.55827009216153,31.765701293945312,115194.0,0.0,0.0,0.447
2024-08-05 00:00:00+05:30,30.497395085724794,31.455886270605195,30.168216705322266,30.168216705322266,150669.0,0.0,0.0,0.1216
2024-08-06 00:00:00+05:30,29.04513888001717,31.65920211787479,28.65787073094498,28.909595489501953,160673.0,0.0,0.0,0.3794
2024-08-07 00:00:00+05:30,29.22909255852552,29.81967580580103,28.08665010973648,29.267818450927734,58555.0,0.0,0.0,0.4256
2024-08-08 00:00:00+05:30,29.2678177522379,30.7297566266664,29.151638231164487,30.68134880065918,100888.0,0.0,0.0,0.2719
2024-08-09 00:00:00+05:30,30.981481920026916,31.949653230027756,30.981481920026916,31.659202575683594,79394.0,0.0,0.0,0.4545
2024-08-12 00:00:00+05:30,30.787846689513025,31.949652991496244,30.119809820180873,30.361852645874023,107976.0,0.0,0.0,0.1183
2024-08-13 00:00:00+05:30,29.53890668313058,30.013310400116236,28.841824009595776,28.977367401123047,81769.0,0.0,0.0,0.1224
2024-08-14 00:00:00+05:30,28.561053151514866,29.03545686362117,27.709063225957465,27.912378311157227,59928.0,0.0,0.0,0.5936
2024-08-16 00:00:00+05:30,29.01609332615532,29.01609332615532,27.312111608927378,27.51542854309082,49382.0,0.0,0.0,0.3161
2024-08-19 00:00:00+05:30,28.51264593008503,28.51264593008503,27.108796786418004,27.350839614868164,89370.0,0.0,0.0,0.1762
2024-08-20 00:00:00+05:30,28.522325015594177,28.522325015594177,27.108795833519373,27.54447364807129,71575.0,0.0,0.0,0.4133
2024-08-21 00:00:00+05:30,27.544474865209683,28.65787151681438,27.137842835872984,28.493282318115234,93571.0,0.0,0.0,0.562
2024-08-22 00:00:00+05:30,28.56105297331972,29.045138616935304,28.08664926417326,28.764368057250977,39297.0,0.0,0.0,0.2295
2024-08-23 00:00:00+05:30,29.761586253137494,30.00362908393397,28.125376199894067,28.415828704833984,27991.0,0.0,0.0,0.4737
2024-08-26 00:00:00+05:30,29.471134340856143,29.471134340856143,28.17378467525739,28.386781692504883,32754.0,0.0,0.0,0.1512
2024-08-27 00:00:00+05:30,28.561053151514866,28.851503800840295,27.302431208917746,27.912378311157227,62688.0,0.0,0.0,0.131
2024-08-28 00:00:00+05:30,28.454553718330118,28.454553718330118,27.883332507568607,27.912378311157227,23074.0,0.0,0.0,0.4188
2024-08-29 00:00:00+05:30,28.41582743077497,28.41582743077497,27.021660270837238,27.234657287597656,53174.0,0.0,0.0,0.4244
2024-08-30 00:00:00+05:30,27.15720466740045,27.980150655093848,26.81834618420926,27.118478775024414,28241.0,0.0,0.0,0.4825
2024-09-02 00:00:00+05:30,27.680017826443045,27.680017826443045,26.915161607205707,27.12816047668457,35402.0,0.0,0.0,0.5357
2024-09-03 00:00:00+05:30,26.653756287867083,27.583199840206763,26.1406248391961,26.9151611328125,47045.0,0.0,0.0,0.6855
2024-09-04 00:00:00+05:30,26.866753090035523,27.21529534266895,26.440757208665804,26.847389221191406,29928.0,0.0,0.0,0.4098
2024-09-05 00:00:00+05:30,26.83770730226352,27.31211100937725,26.382667464005088,26.769935607910156,56074.0,0.0,0.0,0.2938
2024-09-06 00:00:00+05:30,26.721528281296433,26.721528281296433,26.140625131273428,26.595664978027344,82519.0,0.0,0.0,0.5771
2024-09-09 00:00:00+05:30,26.595664978027344,27.108796432431703,25.27895326416743,26.595664978027344,62436.0,0.0,0.0,0.2625
2024-09-10 00:00:00+05:30,26.595665523563984,27.254022317318416,26.140625667476183,26.498849868774414,46357.0,0.0,0.0,0.3634
2024-09-11 00:00:00+05:30,27.050707207426623,27.050707207426623,26.237443150607767,26.576303482055664,19771.0,0.0,0.0,0.1471
2024-09-12 00:00:00+05:30,26.85707145385096,26.85707145385096,26.343940003624752,26.52789306640625,16820.0,0.0,0.0,0.1152
2024-09-13 00:00:00+05:30,27.195932517293482,27.195932517293482,26.53757572445467,26.653757095336914,26546.0,0.0,0.0,0.6776
2024-09-16 00:00:00+05:30,26.91516168727131,26.91516168727131,26.247124812755516,26.508529663085938,33308.0,0.0,0.0,0.6016
2024-09-17 00:00:00+05:30,26.769936667287926,27.57351879018149,26.29553294140042,27.418611526489258,54507.0,0.0,0.0,0.5176
2024-09-18 00:00:00+05:30,27.59288181025824,28.56105310184625,26.634392453182937,28.144739151000977,150422.0,0.0,0.0,0.3454
2024-09-19 00:00:00+05:30,28.415828710531798,28.80309687055576,26.87643615862634,27.186250686645508,132454.0,0.0,0.0,0.204
2024-09-20 00:00:00+05:30,26.159988270266286,28.02855912480533,26.159988270266286,26.857070922851562,20050.0,0.0,0.0,0.1939
2024-09-23 00:00:00+05:30,26.847390603688613,27.825243870988693,26.18903380220814,27.0991153717041,108709.0,0.0,0.0,0.2501
2024-09-24 00:00:00+05:30,28.05760424922251,28.05760424922251,26.866753975657303,27.273386001586914,49503.0,0.0,0.0,0.4295
2024-09-25 00:00:00+05:30,27.58320008953984,28.076967673673686,26.944207179870208,27.137842178344727,26405.0,0.0,0.0,0.5288
2024-09-26 00:00:00+05:30,27.137842325324705,27.776835238455156,26.634392803876402,27.51542854309082,69530.0,0.0,0.0,0.4961
2024-09-27 00:00:00+05:30,27.9511064038406,27.9511064038406,26.7796181638684,27.36052131652832,26608.0,0.0,0.0,0.268
2024-09-30 00:00:00+05:30,27.873653122408413,27.873653122408413,26.644075105760546,26.886117935180664,15429.0,0.0,0.0,0.6729
2024-10-01 00:00:00+05:30,27.583199154099784,27.583199154099784,26.353621202758212,26.78929901123047,11529.0,0.0,0.0,0.5427
2024-10-03 00:00:00+05:30,26.150306701660156,27.592881698696967,26.140624767186598,26.150306701660156,45865.0,0.0,0.0,0.4326
2024-10-04 00:00:00+05:30,26.189033201218926,26.73121046449046,25.356407130195183,25.511314392089844,28096.0,0.0,0.0,0.467
2024-10-07 00:00:00+05:30,26.03412615774034,26.450440120065032,24.233328761446877,24.34950828552246,43231.0,0.0,0.0,0.3518
2024-10-08 00:00:00+05:30,24.882002605330527,24.882002605330527,23.33292818982821,24.698049545288086,53934.0,0.0,0.0,0.2486
2024-10-09 00:00:00+05:30,24.698050167987333,25.888900427814473,24.301100081378287,25.28863525390625,32123.0,0.0,0.0,0.3136
2024-10-10 00:00:00+05:30,24.407597669022525,25.888900427814473,24.407597669022525,25.28863525390625,42636.0,0.0,0.0,0.5547
2024-10-11 00:00:00+05:30,25.801764810880222,25.801764810880222,24.920729074409206,25.52099609375,60784.0,0.0,0.0,0.1086
2024-10-14 00:00:00+05:30,25.220862371114173,25.704948035409185,25.220862371114173,25.41449737548828,14464.0,0.0,0.0,0.1696
2024-10-15 00:00:00+05:30,25.55972175233505,25.80176457545686,24.69804989294627,25.530677795410156,23202.0,0.0,0.0,0.1276
2024-10-16 00:00:00+05:30,24.727095106391477,26.68279966709565,24.727095106391477,26.32457733154297,23380.0,0.0,0.0,0.1244
2024-10-17 00:00:00+05:30,26.711847185745718,26.711847185745718,25.608132458680878,26.024444580078125,21733.0,0.0,0.0,0.6133
2024-10-18 00:00:00+05:30,26.95388964958186,26.95388964958186,25.230544038193162,25.579086303710938,15941.0,0.0,0.0,0.5222
2024-10-21 00:00:00+05:30,26.818346330844626,26.857072223432404,25.588768309958567,26.498849868774414,56168.0,0.0,0.0,0.3845
2024-10-22 00:00:00+05:30,26.498850096048834,26.67311938414887,25.17245456235678,25.33704376220703,38030.0,0.0,0.0,0.1587
2024-10-23 00:00:00+05:30,25.337042852053077,25.337042852053077,24.22364623265679,24.988500595092773,27170.0,0.0,0.0,0.395
2024-10-24 00:00:00+05:30,24.988499897257626,25.821127778237198,24.446324504513786,25.017545700073242,14397.0,0.0,0.0,0.3841
2024-10-25 00:00:00+05:30,25.588767059849747,25.588767059849747,23.758923943446106,23.85573959350586,63835.0,0.0,0.0,0.2039
2024-10-28 00:00:00+05:30,24.320464257647462,24.552825151768396,23.24579350652794,23.662107467651367,15701.0,0.0,0.0,0.3603
2024-10-29 00:00:00+05:30,24.378554240393996,24.378554240393996,23.381337111613057,23.72987937927246,16834.0,0.0,0.0,0.3391
2024-10-30 00:00:00+05:30,24.204282379523097,24.911046981811523,23.962239555727866,24.911046981811523,29358.0,0.0,0.0,0.4695
2024-10-31 00:00:00+05:30,24.911047265617125,26.101897529063088,24.911047265617125,25.976036071777344,21892.0,0.0,0.0,0.4811
2024-11-01 00:00:00+05:30,26.67311926823158,29.6260429178131,26.285851107514077,28.183467864990234,476597.0,0.0,0.0,0.1272
2024-11-04 00:00:00+05:30,28.19314875374478,29.054820610199336,25.830810291061066,27.070068359375,325740.0,0.0,0.0,0.3248
2024-11-05 00:00:00+05:30,27.834924388629222,27.873652126339817,26.402031332860386,26.769935607910156,78293.0,0.0,0.0,0.4755
2024-11-06 00:00:00+05:30,27.389566453263857,27.621927339339372,26.634392188538303,26.924842834472656,58738.0,0.0,0.0,0.4019
2024-11-07 00:00:00+05:30,27.10879576683356,27.592881405527013,25.898581670099915,26.392349243164062,64769.0,0.0,0.0,0.6139
2024-11-08 00:00:00+05:30,26.44075809282066,26.615029224964836,25.908264608282536,25.966354370117188,37603.0,0.0,0.0,0.4952
2024-11-11 00:00:00+05:30,25.41449680506626,26.915161592042654,25.41449680506626,25.898582458496094,126664.0,0.0,0.0,0.1978
2024-11-12 00:00:00+05:30,25.530677944801663,26.58598296087884,25.530677944801663,25.90826416015625,35438.0,0.0,0.0,0.1423
2024-11-13 00:00:00+05:30,25.908263459926125,26.992614250431288,25.133725334353713,25.627492904663086,76452.0,0.0,0.0,0.4855
2024-11-14 00:00:00+05:30,26.111580147650642,26.334260957358328,25.28863599312841,26.024444580078125,50077.0,0.0,0.0,0.1159
2024-11-18 00:00:00+05:30,25.685584789211106,26.431075273280744,25.182135279123433,25.695266723632812,37048.0,0.0,0.0,0.4515
2024-11-19 00:00:00+05:30,25.43386130465308,26.33426093780708,25.43386130465308,26.101898193359375,28772.0,0.0,0.0,0.6641
2024-11-21 00:00:00+05:30,26.10189796020067,26.85707225630936,25.763039474741884,26.11157989501953,49226.0,0.0,0.0,0.4453
2024-11-22 00:00:00+05:30,26.769935850954642,26.769935850954642,25.182135523208125,25.608131408691406,49976.0,0.0,0.0,0.3329
2024-11-25 00:00:00+05:30,26.04380684707923,26.43107498654536,25.124045246677195,25.627492904663086,61591.0,0.0,0.0,0.486
2024-11-26 00:00:00+05:30,25.1918180151944,25.82112899950972,24.54314316141947,24.89168357849121,52608.0,0.0,0.0,0.375
2024-11-27 00:00:00+05:30,25.414496120426797,25.71462870040878,24.90136467682391,25.61781120300293,27291.0,0.0,0.0,0.4274
2024-11-28 00:00:00+05:30,25.908263362060595,27.786516139676625,25.908263362060595,26.47948455810547,165668.0,0.0,0.0,0.6649
2024-11-29 00:00:00+05:30,27.06038822913257,27.68969919679236,25.94698977099581,26.150306701660156,102266.0,0.0,0.0,0.3317
2024-12-02 00:00:00+05:30,26.721529045278494,26.973253812373407,26.169671683302827,26.566621780395508,42203.0,0.0,0.0,0.6767
2024-12-03 00:00:00+05:30,26.624710614619925,26.95388900267735,26.140624967081383,26.2955322265625,67904.0,0.0,0.0,0.6432
2024-12-04 00:00:00+05:30,26.57630321361696,27.108796695770653,26.57630321361696,26.74089241027832,64393.0,0.0,0.0,0.2175
2024-12-05 00:00:00+05:30,26.72152757991042,27.108795720880682,25.7049466323933,26.624710083007812,47231.0,0.0,0.0,0.1416
2024-12-06 00:00:00+05:30,26.866753323049338,27.10879614577951,26.42139541561311,26.83770751953125,32044.0,0.0,0.0,0.1605
2024-12-09 00:00:00+05:30,26.392349884231542,28.70627870246651,26.392349884231542,26.905481338500977,285722.0,0.0,0.0,0.1109
2024-12-10 00:00:00+05:30,26.90548062053021,29.722858883247213,26.837707080097708,28.24155616760254,588514.0,0.0,0.0,0.1567
2024-12-11 00:00:00+05:30,27.31211189820091,30.01331075229475,27.31211189820091,29.500179290771484,315451.0,0.0,0.0,0.5098
2024-12-12 00:00:00+05:30,30.0036291638184,30.0036291638184,27.931743117609088,28.106014251708984,141536.0,0.0,0.0,0.1427
2024-12-13 00:00:00+05:30,28.444871919149243,29.045138936355617,27.592881989537833,28.36741828918457,87637.0,0.0,0.0,0.2914
2024-12-16 00:00:00+05:30,29.04513844399405,29.306545133183636,28.21251055100803,28.464235305786133,66639.0,0.0,0.0,0.6069
2024-12-17 00:00:00+05:30,28.899914498552896,28.899914498552896,27.118479108015187,27.64129066467285,59565.0,0.0,0.0,0.114
2024-12-18 00:00:00+05:30,27.93174296120701,27.980150788568036,26.431076306692106,26.576303482055664,142163.0,0.0,0.0,0.5887
2024-12-19 00:00:00+05:30,26.57630265850544,27.05070636917551,26.092217013335144,26.9151611328125,55140.0,0.0,0.0,0.2691
2024-12-20 00:00:00+05:30,26.915161705271,27.01197920569231,25.995400067869138,26.431076049804688,82701.0,0.0,0.0,0.1709
2024-12-23 00:00:00+05:30,26.81834592070267,27.002297139301817,25.6565396145933,25.976036071777344,39959.0,0.0,0.0,0.518
2024-12-24 00:00:00+05:30,26.450439531052943,27.68969945565087,26.15998888069165,27.447656631469727,57460.0,0.0,0.0,0.4774
2024-12-26 00:00:00+05:30,27.873651716674928,27.873651716674928,26.18903208382679,26.40203094482422,28850.0,0.0,0.0,0.6265
2024-12-27 00:00:00+05:30,26.36330462811658,27.0797511840728,25.782401466177948,26.498849868774414,42409.0,0.0,0.0,0.541
2024-12-30 00:00:00+05:30,26.721528080199676,26.721528080199676,26.15998880361943,26.450439453125,25188.0,0.0,0.0,0.5821
2024-12-31 00:00:00+05:30,25.89858278335007,27.079751127744146,25.89858278335007,26.731210708618164,21892.0,0.0,0.0,0.2692
2025-01-01 00:00:00+05:30,26.769935623454895,27.108795942058663,26.140624658413714,26.692481994628906,17761.0,0.0,0.0,0.2065
2025-01-02 00:00:00+05:30,26.91516228223626,27.592882953073108,26.721529123883062,27.17656898498535,36822.0,0.0,0.0,0.5504
2025-01-03 00:00:00+05:30,27.56383642178257,27.8252431176413,27.108796572674585,27.28306770324707,27760.0,0.0,0.0,0.5841
2025-01-06 00:00:00+05:30,27.64128904519614,27.64128904519614,25.317678364392986,25.782400131225586,86583.0,0.0,0.0,0.6943
2025-01-07 00:00:00+05:30,26.285850960764343,26.847390252329806,25.278953748520177,25.424179077148438,51235.0,0.0,0.0,0.3476
2025-01-08 00:00:00+05:30,25.19181808864045,26.043808034304494,23.76860507209405,24.58186912536621,85674.0,0.0,0.0,0.3232
2025-01-09 00:00:00+05:30,24.601231773643377,25.45322352365362,24.523778146064277,24.940092086791992,36502.0,0.0,0.0,0.5658
2025-01-10 00:00:00+05:30,24.465688470331784,25.162771120916855,23.458789461735424,24.16555404663086,47640.0,0.0,0.0,0.3045
2025-01-13 00:00:00+05:30,23.47815476611408,25.8017655901334,22.81979796586988,23.11025047302246,111531.0,0.0,0.0,0.6585
2025-01-14 00:00:00+05:30,23.236110809666016,24.639959909739407,23.236110809666016,24.078420639038086,36548.0,0.0,0.0,0.615
2025-01-15 00:00:00+05:30,24.494733451120798,24.872321518457216,23.526562139271906,24.049375534057617,23000.0,0.0,0.0,0.3574
2025-01-16 00:00:00+05:30,24.581868561419622,27.389566791067303,24.204282347720053,25.065954208374023,206044.0,0.0,0.0,0.5505
2025-01-17 00:00:00+05:30,25.06595501329848,26.092217947378373,25.06595501329848,25.80176544189453,40365.0,0.0,0.0,0.5527
2025-01-20 00:00:00+05:30,25.80176524530749,26.09221774857834,25.172454258181013,25.656539916992188,50768.0,0.0,0.0,0.1619
2025-01-21 00:00:00+05:30,26.130943735458743,26.38266850054703,25.172454349145788,25.269271850585938,29780.0,0.0,0.0,0.6415
2025-01-22 00:00:00+05:30,25.230543502911082,25.59844963018342,24.42696139962491,24.601232528686523,18166.0,0.0,0.0,0.4032
2025-01-23 00:00:00+05:30,24.20428262265502,25.249907558088108,24.175236818717355,24.823911666870117,24423.0,0.0,0.0,0.5959
2025-01-24 00:00:00+05:30,24.82391238838619,25.52099693002941,24.746458755608085,24.94977569580078,38156.0,0.0,0.0,0.292
2025-01-27 00:00:00+05:30,25.462904589440136,25.462904589440136,23.429746325725613,23.749242782592773,40760.0,0.0,0.0,0.6373
2025-01-28 00:00:00+05:30,24.155875576804686,24.155875576804686,22.703618572507175,23.487836837768555,47280.0,0.0,0.0,0.3335
2025-01-29 00:00:00+05:30,23.236111342974663,24.281736279542915,23.236111342974663,23.671789169311523,27152.0,0.0,0.0,0.1065
2025-01-30 00:00:00+05:30,23.671788627496877,24.727095474567005,23.478153632081373,23.768604278564453,31930.0,0.0,0.0,0.6432
2025-01-31 00:00:00+05:30,24.204281813230264,24.54314212794352,23.797649804902388,24.01064682006836,22270.0,0.0,0.0,0.1548
2025-02-01 00:00:00+05:30,24.52377958919185,24.52377958919185,23.34261123744345,23.65242576599121,17253.0,0.0,0.0,0.2916
2025-02-03 00:00:00+05:30,23.913831008849456,23.913831008849456,22.994067567493655,23.633060455322266,15997.0,0.0,0.0,0.67
2025-02-04 00:00:00+05:30,23.633061645384934,23.95255810538775,23.536244144581605,23.739561080932617,29265.0,0.0,0.0,0.6704
2025-02-05 00:00:00+05:30,24.18491919882476,24.2042830684732,23.342611182160432,23.88478660583496,42178.0,0.0,0.0,0.4441
2025-02-06 00:00:00+05:30,24.446325252256024,26.04380752317442,23.48783588970499,24.678686141967773,75770.0,0.0,0.0,0.4791
2025-02-07 00:00:00+05:30,25.056271994436454,25.056271994436454,23.720196436262526,24.155874252319336,26467.0,0.0,0.0,0.3691
2025-02-10 00:00:00+05:30,24.678685654795423,24.678685654795423,22.31634721939969,23.31356430053711,30533.0,0.0,0.0,0.2759
2025-02-11 00:00:00+05:30,23.720195990486577,23.720195990486577,21.60958233750331,22.17112159729004,72237.0,0.0,0.0,0.2972
2025-02-12 00:00:00+05:30,22.267939953093833,22.994068429825152,21.996851323656998,22.752025604248047,45665.0,0.0,0.0,0.5035
2025-02-13 00:00:00+05:30,22.897251164812804,23.09088616591406,22.41316550869989,22.74234390258789,19141.0,0.0,0.0,0.5514
2025-02-14 00:00:00+05:30,22.742344344633246,23.226430010155383,20.573640784690895,20.728548049926758,66615.0,0.0,0.0,0.5749
2025-02-17 00:00:00+05:30,19.51833267892874,21.483721024181484,19.034247043346898,19.857192993164062,83035.0,0.0,0.0,0.5738
2025-02-18 00:00:00+05:30,19.382790077898242,20.428415019291425,19.169791207755043,19.363426208496094,40203.0,0.0,0.0,0.1547
2025-02-19 00:00:00+05:30,19.3731084618913,20.902819083661132,18.20162019675299,20.196054458618164,31707.0,0.0,0.0,0.3967
2025-02-20 00:00:00+05:30,20.196054535644834,20.57364076343715,19.373108535779295,19.886240005493164,36640.0,0.0,0.0,0.1345
2025-02-21 00:00:00+05:30,20.32191503023415,20.796318737812992,19.373107615076464,19.692604064941406,28992.0,0.0,0.0,0.4297
2025-02-24 00:00:00+05:30,20.041146962832517,20.42841511957551,19.479607673895117,20.20573616027832,25349.0,0.0,0.0,0.3649
2025-02-25 00:00:00+05:30,21.009318080803116,21.009318080803116,19.411833948442897,19.750694274902344,24021.0,0.0,0.0,0.6326
2025-02-27 00:00:00+05:30,20.52523181148539,20.52523181148539,18.5501615199768,19.237564086914062,61360.0,0.0,0.0,0.3105
2025-02-28 00:00:00+05:30,19.169791423236415,19.35374449134415,17.9111694441925,18.20162010192871,57119.0,0.0,0.0,0.1702
2025-03-03 00:00:00+05:30,18.385572328386935,19.247244173980544,17.9208505586268,18.92774772644043,38803.0,0.0,0.0,0.1858
2025-03-04 00:00:00+05:30,19.315018709015185,19.50865186639804,18.39525520986579,18.966476440429688,29658.0,0.0,0.0,0.5569
2025-03-05 00:00:00+05:30,19.6538773564604,19.8959201901441,19.121383861012365,19.26660919189453,28838.0,0.0,0.0,0.4709
2025-03-06 00:00:00+05:30,19.84751238236894,19.84751238236894,19.02456637767437,19.18915557861328,59189.0,0.0,0.0,0.1607
2025-03-07 00:00:00+05:30,19.189154494281468,20.331596901343175,19.189154494281468,20.002418518066406,58141.0,0.0,0.0,0.1505
2025-03-10 00:00:00+05:30,20.57363936794893,20.57363936794893,18.588889014638145,19.014883041381836,55209.0,0.0,0.0,0.5206
2025-03-11 00:00:00+05:30,18.985839860917235,19.23756462153487,18.44366260113762,18.90838623046875,204964.0,0.0,0.0,0.1437
2025-03-12 00:00:00+05:30,19.557060122468023,19.557060122468023,18.443661700037914,18.559843063354492,64612.0,0.0,0.0,0.5931
2025-03-13 00:00:00+05:30,19.26660807352784,19.26660807352784,18.608251308661295,18.77284049987793,27305.0,0.0,0.0,0.5237
2025-03-17 00:00:00+05:30,19.54737877800477,19.54737877800477,17.81435128997843,18.07575798034668,49376.0,0.0,0.0,0.1488
2025-03-18 00:00:00+05:30,18.07575798034668,18.07575798034668,18.07575798034668,18.07575798034668,0.0,0.0,0.0,0.1509
2025-03-19 00:00:00+05:30,19.07297464682518,20.089553735761893,18.26939257126031,19.014883041381836,73621.0,0.0,0.0,0.692
2025-03-20 00:00:00+05:30,20.331597382449758,20.815683034412846,18.743797034935692,18.90838623046875,106369.0,0.0,0.0,0.3246
2025-03-21 00:00:00+05:30,20.070190877578653,20.070190877578653,18.927748432646304,19.131065368652344,52312.0,0.0,0.0,0.3224
2025-03-24 00:00:00+05:30,20.137961672273203,20.370324402058024,19.21820007398889,20.012100219726562,121381.0,0.0,0.0,0.5877
2025-03-25 00:00:00+05:30,20.573641004854032,22.31634868072673,19.66355942687415,19.876558303833008,366900.0,0.0,0.0,0.6683
2025-03-26 00:00:00+05:30,19.876556679007294,20.718864643055827,18.705068491418704,19.247243881225586,143011.0,0.0,0.0,0.6916
2025-03-27 00:00:00+05:30,19.315017322297933,20.312232535493422,18.404935823352815,18.482389450073242,240954.0,0.0,0.0,0.552
2025-03-28 00:00:00+05:30,18.685705452470227,20.699501693503205,18.3952547995544,18.521116256713867,299007.0,0.0,0.0,0.3258
2025-04-01 00:00:00+05:30,18.91806841653475,19.411834163056092,18.55984421679941,18.821250915527344,56808.0,0.0,0.0,0.1501
2025-04-02 00:00:00+05:30,19.160111172836128,19.624832959935322,18.75347914746428,19.131065368652344,101737.0,0.0,0.0,0.5663
2025-04-03 00:00:00+05:30,19.072975111026953,19.489287213662372,18.94711180947656,19.305335998535156,47330.0,0.0,0.0,0.435
2025-04-04 00:00:00+05:30,19.305336754889257,19.557061521212056,18.927748682084932,19.043930053710938,24249.0,0.0,0.0,0.3545
2025-04-07 00:00:00+05:30,18.685706179107154,18.879341186341126,18.075759045608628,18.64698028564453,33594.0,0.0,0.0,0.6438
2025-04-08 00:00:00+05:30,19.305336370584385,19.305336370584385,18.453344586661345,18.676025390625,17740.0,0.0,0.0,0.1667
2025-04-09 00:00:00+05:30,18.48239060326438,18.869658761029747,18.259711643379326,18.743797302246094,14450.0,0.0,0.0,0.3956
2025-04-11 00:00:00+05:30,19.16010997411258,19.363425050758284,18.782521929907514,19.024564743041992,39988.0,0.0,0.0,0.1068
2025-04-15 00:00:00+05:30,20.137961516371245,20.137961516371245,18.55984317140759,19.247243881225586,30315.0,0.0,0.0,0.3812
2025-04-16 00:00:00+05:30,19.14074790191156,20.128283115357743,19.092338226758145,19.721651077270508,31367.0,0.0,0.0,0.1338
2025-04-17 00:00:00+05:30,20.0411467397966,20.089554566360658,19.644196652722616,19.905601501464844,34996.0,0.0,0.0,0.1713
2025-04-21 00:00:00+05:30,20.089554524422944,20.476822676047636,19.915283394531784,20.370325088500977,33700.0,0.0,0.0,0.1705
2025-04-22 00:00:00+05:30,20.370325351088464,20.660776006891037,19.721650496265166,19.973373413085938,38632.0,0.0,0.0,0.4895
2025-04-23 00:00:00+05:30,20.321916234491923,20.321916234491923,19.653877491863266,19.876558303833008,19021.0,0.0,0.0,0.5476
2025-04-24 00:00:00+05:30,19.895919040996795,20.428414352329266,19.508650898798738,20.234779357910156,29140.0,0.0,0.0,0.45
2025-04-25 00:00:00+05:30,20.52523222013756,20.52523222013756,19.072975275693118,19.60546875,39914.0,0.0,0.0,0.6773
2025-04-28 00:00:00+05:30,19.799104454561895,19.799104454561895,19.52801581713308,19.57642364501953,10345.0,0.0,0.0,0.3249
2025-04-29 00:00:00+05:30,19.121383592810048,20.186372415408528,19.121383592810048,19.431198120117188,12225.0,0.0,0.0,0.2714
2025-04-30 00:00:00+05:30,20.22509707770594,20.22509707770594,19.189154122549166,19.247243881225586,12626.0,0.0,0.0,0.6212
2025-05-02 00:00:00+05:30,19.169791420211695,19.74101264742433,19.160111332043563,19.431198120117188,11290.0,0.0,0.0,0.2342
2025-05-05 00:00:00+05:30,19.586105440529636,19.586105440529636,19.005202276825216,19.198837280273438,18779.0,0.0,0.0,0.6779
2025-05-06 00:00:00+05:30,19.072974941246525,19.46992501803623,18.637297126896765,18.69538688659668,27501.0,0.0,0.0,0.1073
2025-05-07 00:00:00+05:30,18.743796383353917,19.063292828677444,18.211301076721277,18.395254135131836,27555.0,0.0,0.0,0.6819
2025-05-08 00:00:00+05:30,18.77284183076329,19.053612407830858,18.056395255451964,18.33716583251953,23603.0,0.0,0.0,0.1259
2025-05-09 00:00:00+05:30,17.911169426008257,18.763159375372346,17.911169426008257,18.27907371520996,27169.0,0.0,0.0,0.6347
2025-05-12 00:00:00+05:30,18.64697953521503,19.218200752262693,18.49207227431806,18.90838623046875,29317.0,0.0,0.0,0.4166
2025-05-13 00:00:00+05:30,18.908386035085808,19.363425878438644,18.201619587076248,18.453344345092773,70051.0,0.0,0.0,0.6958
2025-05-14 00:00:00+05:30,18.821250726319644,19.053611618417392,18.29843733411955,18.366209030151367,107071.0,0.0,0.0,0.1443
2025-05-15 00:00:00+05:30,18.637296676635742,18.869657556461917,18.492071357574396,18.637296676635742,24032.0,0.0,0.0,0.4323
2025-05-16 00:00:00+05:30,18.443663352824704,20.041147546721888,18.443663352824704,19.721651077270508,76162.0,0.0,0.0,0.6816
2025-05-19 00:00:00+05:30,19.721650485122364,20.331597600619236,19.26660878554447,20.28318977355957,81994.0,0.0,0.0,0.4139
2025-05-20 00:00:00+05:30,20.42841485718789,20.806001074332467,19.847511706214544,20.060508728027344,25843.0,0.0,0.0,0.4776
2025-05-21 00:00:00+05:30,19.663558510718524,19.818465770394713,19.266608426968258,19.60546875,31460.0,0.0,0.0,0.5174
2025-05-22 00:00:00+05:30,20.44777900095439,20.44777900095439,19.479607685214205,19.895919799804688,18617.0,0.0,0.0,0.3727
2025-05-23 00:00:00+05:30,20.49618696235594,20.49618696235594,19.31501861420556,19.353744506835938,92728.0,0.0,0.0,0.4765
2025-05-26 00:00:00+05:30,19.38279030106814,20.31223388339009,18.298437608385623,18.433982849121094,233710.0,0.0,0.0,0.4506
2025-05-27 00:00:00+05:30,18.927748837602806,18.927748837602806,18.34684751462063,18.424301147460938,93957.0,0.0,0.0,0.6407
2025-05-28 00:00:00+05:30,18.656661344388407,18.69538723603212,17.359311658120557,18.143529891967773,173502.0,0.0,0.0,0.1273
2025-05-29 00:00:00+05:30,18.395255534990397,18.74379780973616,17.940215668125877,18.56952667236328,75875.0,0.0,0.0,0.2686
2025-05-30 00:00:00+05:30,18.821250217884387,18.821250217884387,18.395254337226216,18.54047966003418,27585.0,0.0,0.0,0.6702
2025-06-02 00:00:00+05:30,18.550161102660645,18.97615697202533,18.50175327855471,18.714750289916992,43467.0,0.0,0.0,0.6342
2025-06-03 00:00:00+05:30,18.714751943803783,19.092338175791003,18.627616375400535,18.80188751220703,45677.0,0.0,0.0,0.3734
2025-06-04 00:00:00+05:30,19.22788314186881,19.22788314186881,18.453344972416623,18.966476440429688,48038.0,0.0,0.0,0.4721
2025-06-05 00:00:00+05:30,19.227882669512688,19.227882669512688,18.792204844483766,18.98583984375,36666.0,0.0,0.0,0.2664
2025-06-06 00:00:00+05:30,18.985840543722393,19.21820144342446,18.598570530912006,18.95679473876953,19866.0,0.0,0.0,0.2129
2025-06-09 00:00:00+05:30,19.043928598269904,19.35374310340786,18.889021345700925,19.102018356323242,58683.0,0.0,0.0,0.3782
2025-06-10 00:00:00+05:30,19.363426908669133,19.46024441254054,18.98584067487498,19.334381103515625,45304.0,0.0,0.0,0.312
2025-06-11 00:00:00+05:30,19.4118338187108,19.99273696781042,18.88902227716929,19.295654296875,127532.0,0.0,0.0,0.4502
2025-06-12 00:00:00+05:30,19.818465632177148,19.818465632177148,18.976157644392288,19.150428771972656,117230.0,0.0,0.0,0.1466
2025-06-13 00:00:00+05:30,19.131064377678822,19.3537433249659,18.918067364618153,19.169790267944336,35272.0,0.0,0.0,0.6846
2025-06-16 00:00:00+05:30,19.644196900708735,19.992737318978378,19.07297567616876,19.818466186523438,76045.0,0.0,0.0,0.6917
2025-06-17 00:00:00+05:30,19.84751104437295,20.42841417597531,19.634514029662817,19.934646606445312,133331.0,0.0,0.0,0.5189
2025-06-18 00:00:00+05:30,19.837829893054128,19.934647393249186,19.382790042769646,19.518333435058594,17983.0,0.0,0.0,0.4217
2025-06-19 00:00:00+05:30,19.87655789666677,19.87655789666677,18.308119543198174,18.433982849121094,64258.0,0.0,0.0,0.2857
2025-06-20 00:00:00+05:30,18.443661686793867,18.869657556461917,18.443661686793867,18.637296676635742,36285.0,0.0,0.0,0.5883
2025-06-23 00:00:00+05:30,18.637297391536233,18.637297391536233,18.443662394266795,18.530797958374023,22868.0,0.0,0.0,0.5108
2025-06-24 00:00:00+05:30,18.898703345471763,19.27628954409039,18.559843036809855,18.714750289916992,25556.0,0.0,0.0,0.1976
2025-06-25 00:00:00+05:30,19.063294176956415,19.072976111940704,18.646980205833444,18.95679473876953,35925.0,0.0,0.0,0.6466
2025-06-26 00:00:00+05:30,19.266608042713923,19.266608042713923,18.656660950733766,18.92774772644043,28366.0,0.0,0.0,0.5935
2025-06-27 00:00:00+05:30,18.927748913975535,19.36342675461038,18.840613345848567,19.03424835205078,16116.0,0.0,0.0,0.6699
2025-06-30 00:00:00+05:30,19.034246938127872,19.256925886070942,18.637296866876266,18.859975814819336,31961.0,0.0,0.0,0.5354
2025-07-01 00:00:00+05:30,19.218199772262057,19.31501726704567,18.685704474272256,18.792203903198242,67191.0,0.0,0.0,0.468
2025-07-02 00:00:00+05:30,19.034246703504305,19.266607582838137,18.7728400217637,18.869657516479492,30441.0,0.0,0.0,0.3509
2025-07-03 00:00:00+05:30,18.879340677475692,19.16011124573316,18.77284124170352,18.821250915527344,33168.0,0.0,0.0,0.6596
2025-07-04 00:00:00+05:30,18.821251382216705,19.140747850815185,18.75347968382313,18.80188751220703,15801.0,0.0,0.0,0.6196
2025-07-07 00:00:00+05:30,18.463027173598878,19.063294217416775,18.463027173598878,18.80188751220703,18685.0,0.0,0.0,0.1271
2025-07-08 00:00:00+05:30,19.07297591583436,19.07297591583436,18.685705907005843,18.811569213867188,26158.0,0.0,0.0,0.1158
2025-07-09 00:00:00+05:30,18.898703800206032,19.121382751075554,18.676024849336514,18.77284049987793,49852.0,0.0,0.0,0.3259
2025-07-10 00:00:00+05:30,19.121382514154934,19.121382514154934,18.637296880885188,18.782522201538086,14925.0,0.0,0.0,0.5863
2025-07-11 00:00:00+05:30,18.78252323162682,18.918068472091342,18.49207257439186,18.588890075683594,57931.0,0.0,0.0,0.6924
2025-07-14 00:00:00+05:30,18.966476734385896,19.082656261288193,18.124166854462967,18.72443389892578,44856.0,0.0,0.0,0.1903
2025-07-15 00:00:00+05:30,18.72443389892578,19.063294237898,18.453345258419947,18.72443389892578,32588.0,0.0,0.0,0.4565
2025-07-16 00:00:00+05:30,18.869659210600606,19.005202607387755,18.637298310405374,18.80188751220703,17810.0,0.0,0.0,0.3285
2025-07-17 00:00:00+05:30,18.743797478451288,19.121383704992073,18.734115543586107,18.966476440429688,18794.0,0.0,0.0,0.6819
2025-07-18 00:00:00+05:30,19.1213835066741,19.411834163056092,18.676025587336348,18.821250915527344,25917.0,0.0,0.0,0.6053
2025-07-21 00:00:00+05:30,18.821251264809298,18.88902296278011,17.620719031302734,18.114484786987305,50090.0,0.0,0.0,0.603
2025-07-22 00:00:00+05:30,18.685706179107154,18.82125142282705,18.49207301851347,18.64698028564453,29610.0,0.0,0.0,0.3812
2025-07-23 00:00:00+05:30,18.772840111525458,20.612366980000814,18.443661735901873,20.02178192138672,376785.0,0.0,0.0,0.3489
2025-07-24 00:00:00+05:30,20.02178279546738,21.0189980534148,19.721650209286718,20.525232315063477,410994.0,0.0,0.0,0.264
2025-07-25 00:00:00+05:30,20.52523181148539,20.728546893272366,19.12138272114996,19.237564086914062,90829.0,0.0,0.0,0.1338
2025-07-28 00:00:00+05:30,19.324697579215343,19.837829014886022,18.637296866876266,18.859975814819336,58311.0,0.0,0.0,0.6188
2025-07-29 00:00:00+05:30,18.85997630893008,19.731330101661147,18.637297355153066,18.995521545410156,101128.0,0.0,0.0,0.5877
2025-07-30 00:00:00+05:30,19.266608779664953,19.363426280394975,18.68570562192506,19.053611755371094,32878.0,0.0,0.0,0.6998
2025-07-31 00:00:00+05:30,19.198836918140366,19.344062244667132,18.598569896085454,18.75347900390625,36932.0,0.0,0.0,0.698
2025-08-01 00:00:00+05:30,18.88902318378741,19.15042989042503,18.240348308042368,18.41461944580078,71420.0,0.0,0.0,0.4333
2025-08-04 00:00:00+05:30,18.75347926833379,18.75347926833379,18.10480441050359,18.35652732849121,26511.0,0.0,0.0,0.5614
2025-08-05 00:00:00+05:30,18.269393862466902,18.927748817593407,18.269393862466902,18.501754760742188,30694.0,0.0,0.0,0.6669
2025-08-06 00:00:00+05:30,18.588889632049277,18.73411495720087,18.104803983783828,18.220983505249023,35178.0,0.0,0.0,0.6098
2025-08-07 00:00:00+05:30,18.220983054583932,18.627615062935163,17.775625155582187,18.162893295288086,39938.0,0.0,0.0,0.2484
2025-08-08 00:00:00+05:30,18.53079855631761,18.53079855631761,17.901487564845887,17.96925926208496,24565.0,0.0,0.0,0.3703
2025-08-11 00:00:00+05:30,18.1919386225069,18.1919386225069,17.775624690720296,17.872440338134766,18096.0,0.0,0.0,0.1775
2025-08-12 00:00:00+05:30,17.90148614034317,18.1919386225069,17.717533086303487,17.872440338134766,10517.0,0.0,0.0,0.6724
2025-08-13 00:00:00+05:30,17.765944207861036,18.162894303933548,17.717534533559352,17.81435203552246,14770.0,0.0,0.0,0.4637
2025-08-14 00:00:00+05:30,17.76594304303116,18.201619003339527,17.427082731697894,17.55294418334961,12139.0,0.0,0.0,0.2372
2025-08-18 00:00:00+05:30,17.911168087129518,18.201618722859358,17.5335818913527,17.794986724853516,26306.0,0.0,0.0,0.503
2025-08-19 00:00:00+05:30,18.046711483843236,18.046711483843236,17.49485416757723,17.717533111572266,31665.0,0.0,0.0,0.4709
2025-08-20 00:00:00+05:30,17.71753327039891,18.68570452772432,17.71753327039891,18.482389450073242,35163.0,0.0,0.0,0.3149
2025-08-21 00:00:00+05:30,18.68570600414681,18.869659074632644,18.220984207104962,18.424301147460938,28349.0,0.0,0.0,0.1681
2025-08-22 00:00:00+05:30,18.298437584810117,18.82125098417281,17.97894112296855,18.27907371520996,23661.0,0.0,0.0,0.5029
2025-08-25 00:00:00+05:30,18.279073063984086,18.43398216862615,18.007986285800875,18.07575798034668,10669.0,0.0,0.0,0.4122
2025-08-26 00:00:00+05:30,18.337165305550794,18.82125096522586,17.911169407977468,18.35652732849121,42175.0,0.0,0.0,0.5634
2025-08-28 00:00:00+05:30,17.988622185341843,18.395254194022687,17.920850491668396,18.085439682006836,18213.0,0.0,0.0,0.4121
2025-08-29 00:00:00+05:30,18.172576456512683,18.346847592806103,17.6207190893437,17.882123947143555,8444.0,0.0,0.0,0.6113
2025-09-01 00:00:00+05:30,17.765944460573284,18.240348195636404,17.53358356054075,17.727216720581055,24019.0,0.0,0.0,0.4311
2025-09-02 00:00:00+05:30,17.727216506487594,18.230666040464676,17.339948344443787,17.65944480895996,37378.0,0.0,0.0,0.4366
2025-09-03 00:00:00+05:30,17.659444963052,18.15321256645645,17.523901566814015,17.959577560424805,26539.0,0.0,0.0,0.626
2025-09-04 00:00:00+05:30,18.38557179019748,18.38557179019748,17.678807221879268,17.717533111572266,38045.0,0.0,0.0,0.3421
2025-09-05 00:00:00+05:30,18.056394829003843,18.25002983252141,17.765944170367742,17.96925926208496,15885.0,0.0,0.0,0.1804
2025-09-08 00:00:00+05:30,18.22098422652984,18.72443376384869,17.969259457870415,18.346847534179688,46055.0,0.0,0.0,0.1173
2025-09-09 00:00:00+05:30,19.121383314449208,19.121383314449208,18.153212007388486,18.366209030151367,34819.0,0.0,0.0,0.5531
2025-09-10 00:00:00+05:30,18.58888982530014,18.830932651949148,18.007986672014468,18.676025390625,18915.0,0.0,0.0,0.4722
2025-09-11 00:00:00+05:30,18.830931901511217,19.072974718514494,18.414617960803152,18.627614974975586,27787.0,0.0,0.0,0.5224
2025-09-12 00:00:00+05:30,19.024566497837043,19.024566497837043,18.50175493349614,18.72443389892578,22712.0,0.0,0.0,0.2278
2025-09-15 00:00:00+05:30,19.102018913370266,19.111700847768184,18.395254322083844,18.61793327331543,40741.0,0.0,0.0,0.1818
2025-09-16 00:00:00+05:30,18.617934500904507,18.87934120696383,18.395255534990397,18.56952667236328,28463.0,0.0,0.0,0.1087
2025-09-17 00:00:00+05:30,18.569526187768673,19.072975716676577,18.40493698972725,18.666343688964844,50347.0,0.0,0.0,0.3104
2025-09-18 00:00:00+05:30,19.04392891568365,19.072974718514494,18.55984328167709,18.627614974975586,41231.0,0.0,0.0,0.454
2025-09-19 00:00:00+05:30,18.637297625864328,18.705069321768672,18.3952547995544,18.521116256713867,15324.0,0.0,0.0,0.3353
2025-09-22 00:00:00+05:30,19.3537441972581,19.3537441972581,18.346846998651127,18.676025390625,29459.0,0.0,0.0,0.3625
2025-09-23 00:00:00+05:30,18.879339770266885,18.889021704566403,18.327482441675354,18.395254135131836,26889.0,0.0,0.0,0.6425
2025-09-24 00:00:00+05:30,18.44366195998928,18.869657835967367,18.298436638776796,18.395254135131836,22640.0,0.0,0.0,0.309
2025-09-25 00:00:00+05:30,18.404936302315736,18.821250249262075,18.2984368703136,18.38557243347168,20023.0,0.0,0.0,0.4084
2025-09-26 00:00:00+05:30,18.279073771361112,18.627616038673587,16.94299815773037,18.04671287536621,26171.0,0.0,0.0,0.5702
2025-09-29 00:00:00+05:30,18.114484610434694,18.579208250037063,17.630398947772427,17.89180564880371,17104.0,0.0,0.0,0.3379
2025-09-30 00:00:00+05:30,18.38557224478896,18.38557224478896,17.678807658995677,18.162893295288086,16468.0,0.0,0.0,0.4733
2025-10-01 00:00:00+05:30,18.521115408891202,18.521115408891202,17.727215270398656,18.095121383666992,18051.0,0.0,0.0,0.6174
2025-10-03 00:00:00+05:30,18.007985591150618,18.36620791897164,17.814350602797557,18.10480308532715,15091.0,0.0,0.0,0.6697
2025-10-06 00:00:00+05:30,18.385573246316053,18.385573246316053,17.533583292552176,17.89180564880371,22131.0,0.0,0.0,0.1882
2025-10-07 00:00:00+05:30,17.67880881357317,18.27907400765973,17.53358348252902,18.037031173706055,13964.0,0.0,0.0,0.656
2025-10-08 00:00:00+05:30,18.27907357149701,18.29843744094492,17.581990891134232,17.901487350463867,13765.0,0.0,0.0,0.3953
2025-10-09 00:00:00+05:30,18.095122549515303,18.279073771361112,17.58199108337641,18.04671287536621,19792.0,0.0,0.0,0.2549
2025-10-10 00:00:00+05:30,17.73689855735548,18.39525536045527,17.73689855735548,18.114484786987305,13355.0,0.0,0.0,0.3755
2025-10-13 00:00:00+05:30,18.114483427685723,18.327482287199548,17.543264081949907,17.63039779663086,22725.0,0.0,0.0,0.688
2025-10-14 00:00:00+05:30,18.03702964344972,18.03702964344972,16.846179444622695,17.175357818603516,38470.0,0.0,0.0,0.3956
2025-10-15 00:00:00+05:30,17.6691262776546,17.862761276887717,17.378675625445126,17.678808212280273,18356.0,0.0,0.0,0.2973
2025-10-16 00:00:00+05:30,19.07297621440932,19.07297621440932,18.191940439148897,18.56952667236328,70783.0,0.0,0.0,0.48
2025-10-17 00:00:00+05:30,18.83093320160775,18.976158532508116,18.017669132597383,18.346847534179688,47890.0,0.0,0.0,0.2441
2025-10-20 00:00:00+05:30,18.879339830707497,18.879339830707497,17.640079936003932,18.085439682006836,26307.0,0.0,0.0,0.1455
2025-10-21 00:00:00+05:30,18.879340452174254,18.879340452174254,18.3468469729485,18.521116256713867,6775.0,0.0,0.0,0.1773
2025-10-23 00:00:00+05:30,18.77284054585495,18.830932152290274,18.31780070861929,18.54047966003418,24038.0,0.0,0.0,0.1768
2025-10-24 00:00:00+05:30,18.540479441816466,18.879339755473506,18.11448356617218,18.472707748413086,29649.0,0.0,0.0,0.1911
2025-10-27 00:00:00+05:30,18.2306652225618,18.472708043810176,18.03703022690703,18.15321159362793,14100.0,0.0,0.0,0.1833
2025-10-28 00:00:00+05:30,18.25002932560833,18.31780102096498,17.92085093675588,18.143529891967773,11331.0,0.0,0.0,0.4845
2025-10-29 00:00:00+05:30,18.346846573530325,18.395254399082365,18.143529643603365,18.23066520690918,11812.0,0.0,0.0,0.2091
2025-10-30 00:00:00+05:30,18.2500290602494,18.5017538155141,17.794987375230825,18.30811882019043,13886.0,0.0,0.0,0.3074
2025-10-31 00:00:00+05:30,18.34684700745672,18.49207233418778,18.04671257268694,18.366209030151367,14825.0,0.0,0.0,0.6381
2025-11-03 00:00:00+05:30,18.588889442863543,18.588889442863543,17.717533807541674,17.99830436706543,20079.0,0.0,0.0,0.3844
2025-11-04 00:00:00+05:30,17.91116932125963,18.220983846489254,17.62071866551692,17.746580123901367,19035.0,0.0,0.0,0.5005
2025-11-06 00:00:00+05:30,17.64008025753997,18.05639420813973,17.436765172813683,17.61103630065918,18572.0,0.0,0.0,0.2034
2025-11-07 00:00:00+05:30,17.611037139344326,17.81435223375303,16.94299839966951,17.03981590270996,32623.0,0.0,0.0,0.2154
2025-11-10 00:00:00+05:30,17.368993531056468,17.368993531056468,16.710636755687787,17.068859100341797,24229.0,0.0,0.0,0.1245
2025-11-11 00:00:00+05:30,17.146312814132614,17.320583943366564,16.6041374039027,16.681591033935547,29593.0,0.0,0.0,0.2014
2025-11-12 00:00:00+05:30,16.681591249233243,17.398037797943783,16.642865357037117,16.74936294555664,19376.0,0.0,0.0,0.2672
2025-11-13 00:00:00+05:30,16.797771453857422,17.030132330836235,16.45891114910662,16.797771453857422,18420.0,0.0,0.0,0.2062
2025-11-14 00:00:00+05:30,17.030132330836235,17.030132330836235,16.45891114910662,16.797771453857422,14104.0,0.0,0.0,0.1532
2025-11-17 00:00:00+05:30,16.797771491513373,17.136631797023806,15.49073993976747,16.565410614013672,37466.0,0.0,0.0,0.1724
2025-11-18 00:00:00+05:30,16.255596581856924,16.846179803463624,16.255596581856924,16.46859359741211,22786.0,0.0,0.0,0.3765
2025-11-19 00:00:00+05:30,16.468594333264495,16.73000103219891,15.974826739712904,16.28464126586914,16040.0,0.0,0.0,0.2238
2025-11-20 00:00:00+05:30,16.216868670486694,16.29432229773386,15.752146907003693,16.168460845947266,38270.0,0.0,0.0,0.3186
2025-11-21 00:00:00+05:30,16.16846218507052,16.458912849643404,15.926419349046352,16.342731475830078,14963.0,0.0,0.0,0.4021
2025-11-24 00:00:00+05:30,16.400822026171586,16.51700154583665,15.684375499436461,15.84896469116211,21385.0,0.0,0.0,0.5142
2025-11-25 00:00:00+05:30,15.781192230012929,16.942998585994374,15.345516231500108,16.110370635986328,40717.0,0.0,0.0,0.1236
2025-11-26 00:00:00+05:30,16.410504070008756,17.427083183737363,15.984508186235924,16.458911895751953,24851.0,0.0,0.0,0.5796
2025-11-27 00:00:00+05:30,16.700955487064803,16.700955487064803,15.945781182859202,16.197505950927734,32199.0,0.0,0.0,0.4767
2025-11-28 00:00:00+05:30,16.216869424517057,16.429866447690383,15.829601270274544,15.907054901123047,16211.0,0.0,0.0,0.1491
2025-12-01 00:00:00+05:30,15.781191632043377,16.265277287586308,15.490740977373711,15.752147674560547,25922.0,0.0,0.0,0.6241
2025-12-02 00:00:00+05:30,15.587558669255477,16.4589124906066,15.539148995122485,15.7811918258667,22557.0,0.0,0.0,0.6525
2025-12-03 00:00:00+05:30,15.703738177797995,16.07164431427064,15.63596648072152,15.97482681274414,13640.0,0.0,0.0,0.1366
2025-12-04 00:00:00+05:30,15.703738177797995,16.313687144766764,15.703738177797995,15.97482681274414,14290.0,0.0,0.0,0.2661
2025-12-05 00:00:00+05:30,16.265276752096025,16.265276752096025,15.539148292687448,15.887690544128418,14810.0,0.0,0.0,0.5837
2025-12-08 00:00:00+05:30,16.052280499492394,16.052280499492394,15.49074120468806,15.6262845993042,12204.0,0.0,0.0,0.549
2025-12-09 00:00:00+05:30,15.87800912867786,15.87800912867786,15.345515646364241,15.635966300964355,18930.0,0.0,0.0,0.2107
2025-12-10 00:00:00+05:30,15.635966358326973,15.635966358326973,15.297106952276984,15.519786834716797,9274.0,0.0,0.0,0.2256
2025-12-11 00:00:00+05:30,15.364878404777642,15.829601108437586,15.103472634166506,15.452013969421387,18447.0,0.0,0.0,0.3223
2025-12-12 00:00:00+05:30,15.297106952276984,15.713419989613834,15.297106952276984,15.519786834716797,14120.0,0.0,0.0,0.3907
2025-12-15 00:00:00+05:30,15.490741225371274,15.7327840570177,15.490741225371274,15.66501235961914,12292.0,0.0,0.0,0.471
2025-12-16 00:00:00+05:30,15.85864549783206,15.85864549783206,15.49074120669477,15.74246597290039,17282.0,0.0,0.0,0.3213
2025-12-17 00:00:00+05:30,15.89737250173844,15.89737250173844,15.54883024978836,15.616601943969727,8601.0,0.0,0.0,0.3775
2025-12-18 00:00:00+05:30,15.723101691775318,15.732783626372987,15.15188047699425,15.374560356140137,9976.0,0.0,0.0,0.5485
2025-12-19 00:00:00+05:30,15.374560565815298,16.846180481886925,15.29710693461785,15.597240447998047,77218.0,0.0,0.0,0.122
2025-12-22 00:00:00+05:30,15.926419020581761,15.926419020581761,15.48105925122939,15.70373821258545,22590.0,0.0,0.0,0.2515
2025-12-23 00:00:00+05:30,15.732783819297763,15.781191646239511,15.393923490784843,15.558512687683105,34258.0,0.0,0.0,0.528
2025-12-24 00:00:00+05:30,15.781191902129027,15.781191902129027,15.200289659527787,15.4713773727417,20130.0,0.0,0.0,0.6371
2025-12-26 00:00:00+05:30,15.781191435502059,15.926418607668436,15.297106709308107,15.452013969421387,15688.0,0.0,0.0,0.407
2025-12-29 00:00:00+05:30,15.297106689829285,15.81023721913115,15.297106689829285,15.684375762939453,27324.0,0.0,0.0,0.4193
2025-12-30 00:00:00+05:30,15.645648280556687,15.926418847897184,15.161562623740847,15.44233226776123,33506.0,0.0,0.0,0.1643
2025-12-31 00:00:00+05:30,15.442331726257033,15.878008617449723,15.442331726257033,15.694055557250977,23938.0,0.0,0.0,0.3684
2026-01-01 00:00:00+05:30,15.781191174043554,15.848964715030439,15.490740527803311,15.577876091003418,10722.0,0.0,0.0,0.4196
2026-01-02 00:00:00+05:30,15.548830735256276,15.945780824975206,15.548830735256276,15.635966300964355,19851.0,0.0,0.0,0.2455
2026-01-05 00:00:00+05:30,15.635966581967129,15.926419088427355,15.297107171070456,15.432650566101074,34200.0,0.0,0.0,0.2615
2026-01-06 00:00:00+05:30,15.771510865320712,15.974825945512693,15.45201349695599,15.510104179382324,14972.0,0.0,0.0,0.3264
2026-01-07 00:00:00+05:30,15.510104887573126,15.703738042315322,15.393923517415622,15.44233226776123,20339.0,0.0,0.0,0.112
2026-01-08 00:00:00+05:30,15.771511150269022,15.771511150269022,14.958246198207242,15.268061637878418,23304.0,0.0,0.0,0.2932
2026-01-09 00:00:00+05:30,15.268061647158184,15.878008745765081,14.764612134461588,15.074426651000977,37542.0,0.0,0.0,0.2269
2026-01-12 00:00:00+05:30,15.0744266911507,15.635965965534009,14.532251285762724,14.880792617797852,25186.0,0.0,0.0,0.2965
2026-01-13 00:00:00+05:30,14.783976066902902,15.161562279727,14.71620344862876,14.764612197875977,14338.0,0.0,0.0,0.1719
2026-01-14 00:00:00+05:30,14.522569683116716,14.76461251116866,14.377344355613594,14.406389236450195,23048.0,0.0,0.0,0.6343
2026-01-16 00:00:00+05:30,14.406388987070033,14.677476691265948,14.280526607863335,14.493524551391602,30436.0,0.0,0.0,0.4562
2026-01-19 00:00:00+05:30,14.512887793913501,14.764612557473818,14.18370939899926,14.21275520324707,38346.0,0.0,0.0,0.5075
2026-01-20 00:00:00+05:30,13.941666621445819,14.764612611757046,13.748032542349094,13.864212989807129,41125.0,0.0,0.0,0.5735
2026-01-21 00:00:00+05:30,13.554397845344228,14.03848348267795,12.89604108310794,13.389808654785156,35802.0,0.0,0.0,0.3991
2026-01-22 00:00:00+05:30,13.3898092740796,14.03848413197437,13.3898092740796,13.825486183166504,25498.0,0.0,0.0,0.1522
2026-01-23 00:00:00+05:30,13.796440753467422,15.006654854648774,13.689942244958694,14.270844459533691,31066.0,0.0,0.0,0.4223
2026-01-27 00:00:00+05:30,14.754929940460423,14.754929940460423,13.234901341275217,13.699623107910156,18406.0,0.0,0.0,0.4521
2026-01-28 00:00:00+05:30,13.554398277743841,13.999757115231086,13.360764201297236,13.68026065826416,16198.0,0.0,0.0,0.5473
2026-01-29 00:00:00+05:30,13.651216010289389,14.299890869931176,13.418854191273136,13.670578956604004,14314.0,0.0,0.0,0.359
2026-01-30 00:00:00+05:30,13.418853687988594,14.522569286129682,13.418853687988594,13.922303199768066,39151.0,0.0,0.0,0.1765
2026-02-02 00:00:00+05:30,14.261162355920325,14.261162355920325,13.360763703182187,13.777076721191406,10810.0,0.0,0.0,0.2703
2026-02-03 00:00:00+05:30,13.777076968550302,14.222435797429853,13.631851644852226,13.844849586486816,34101.0,0.0,0.0,0.3178
2026-02-04 00:00:00+05:30,14.038483643258694,14.038483643258694,13.651215498289938,13.922303199768066,21403.0,0.0,0.0,0.4876
2026-02-05 00:00:00+05:30,14.280526811465796,15.103472793657971,14.232118061339179,14.60002326965332,24616.0,0.0,0.0,0.4425
2026-02-06 00:00:00+05:30,15.248697754343093,16.74936250897158,14.629067798914237,15.190607070922852,68761.0,0.0,0.0,0.3137
2026-02-09 00:00:00+05:30,16.691273750629772,16.788091254367497,15.33583423822249,16.342731475830078,72958.0,0.0,0.0,0.6919
2026-02-10 00:00:00+05:30,16.942997147971962,16.942997147971962,15.984507816626364,16.013553619384766,49215.0,0.0,0.0,0.4635
2026-02-11 00:00:00+05:30,15.694055722451074,16.642864989972974,15.587558136280391,16.304004669189453,16548.0,0.0,0.0,0.2423
2026-02-12 00:00:00+05:30,15.85864458652413,16.64286464462928,14.522569046745234,15.316469192504883,126388.0,0.0,0.0,0.1611
2026-02-13 00:00:00+05:30,15.62628368871934,15.90705424308039,15.016336601849689,15.393922805786133,43703.0,0.0,0.0,0.1917
2026-02-16 00:00:00+05:30,15.878008318228122,16.507319268833726,15.878008318228122,16.400821685791016,60809.0,0.0,0.0,0.2476
2026-02-17 00:00:00+05:30,16.410504235737484,16.942997710851007,16.410504235737484,16.759044647216797,64675.0,0.0,0.0,0.1964
2026-02-18 00:00:00+05:30,16.933315984033882,17.28185824642971,16.80745452630218,17.136632919311523,111325.0,0.0,0.0,0.2119
2026-02-19 00:00:00+05:30,17.465811890883405,17.89180595165596,16.46859474412888,16.73000144958496,81664.0,0.0,0.0,0.2711
2026-02-20 00:00:00+05:30,17.100000381469727,17.100000381469727,15.300000190734863,16.56999969482422,61974.0,0.55,0.0,0.204
2026-02-23 00:00:00+05:30,17.25,17.25,15.420000076293945,16.1200008392334,53479.0,0.0,0.0,0.6381
2026-02-24 00:00:00+05:30,16.200000762939453,16.979999542236328,16.0,16.31999969482422,21560.0,0.0,0.0,0.1481
2026-02-25 00:00:00+05:30,16.479999542236328,16.649999618530273,14.520000457763672,15.25,116178.0,0.0,0.0,0.4147
2026-02-26 00:00:00+05:30,15.25,15.430000305175781,14.8100004196167,14.989999771118164,39626.0,0.0,0.0,0.3462
2026-02-27 00:00:00+05:30,15.25,15.300000190734863,14.319999694824219,15.149999618530273,27225.0,0.0,0.0,0.6894
2026-03-02 00:00:00+05:30,14.420000076293945,14.600000381469727,13.989999771118164,14.300000190734863,72971.0,0.0,0.0,0.1672
2026-03-04 00:00:00+05:30,14.300000190734863,14.3100004196167,13.0,13.960000038146973,27659.0,0.0,0.0,0.3387
2026-03-05 00:00:00+05:30,14.279999732971191,14.289999961853027,13.890000343322754,14.149999618530273,10893.0,0.0,0.0,0.6817
2026-03-06 00:00:00+05:30,14.15999984741211,14.449999809265137,14.010000228881836,14.069999694824219,15390.0,0.0,0.0,0.6193
2026-03-09 00:00:00+05:30,14.020000457763672,14.270000457763672,13.399999618530273,14.119999885559082,38259.0,0.0,0.0,0.5902
2026-03-10 00:00:00+05:30,14.119999885559082,14.239999771118164,13.949999809265137,13.989999771118164,34718.0,0.0,0.0,0.2547
2026-03-11 00:00:00+05:30,13.800000190734863,14.170000076293945,13.760000228881836,13.949999809265137,25211.0,0.0,0.0,0.2025
2026-03-12 00:00:00+05:30,13.970000267028809,14.149999618530273,13.229999542236328,14.100000381469727,35650.0,0.0,0.0,0.5012
2026-03-13 00:00:00+05:30,14.100000381469727,14.420000076293945,13.5,13.720000267028809,33120.0,0.0,0.0,0.6576
2026-03-16 00:00:00+05:30,13.40999984741211,13.880000114440918,13.40999984741211,13.699999809265137,34394.0,0.0,0.0,0.4341
2026-03-17 00:00:00+05:30,14.229999542236328,14.229999542236328,13.5,13.630000114440918,41060.0,0.0,0.0,0.443
2026-03-18 00:00:00+05:30,13.970000267028809,14.069999694824219,12.670000076293945,13.979999542236328,72446.0,0.0,0.0,0.268
2026-03-19 00:00:00+05:30,13.3100004196167,14.180000305175781,13.3100004196167,13.970000267028809,38398.0,0.0,0.0,0.5617
2026-03-20 00:00:00+05:30,14.0,14.270000457763672,13.649999618530273,13.90999984741211,86942.0,0.0,0.0,0.2122
2026-03-23 00:00:00+05:30,13.75,13.829999923706055,13.3100004196167,13.5600004196167,28718.0,0.0,0.0,0.2942
2026-03-24 00:00:00+05:30,13.600000381469727,14.4399995803833,12.859999656677246,13.170000076293945,65276.0,0.0,0.0,0.3553
2026-03-25 00:00:00+05:30,13.489999771118164,14.75,13.130000114440918,13.4399995803833,37660.0,0.0,0.0,0.4046
2026-03-27 00:00:00+05:30,13.199999809265137,13.510000228881836,12.25,12.489999771118164,114595.0,0.0,0.0,0.2454
2026-03-30 00:00:00+05:30,12.100000381469727,12.489999771118164,11.699999809265137,11.800000190734863,40924.0,0.0,0.0,0.1689
2026-04-01 00:00:00+05:30,12.489999771118164,12.489999771118164,11.90999984741211,12.260000228881836,36243.0,0.0,0.0,0.4664
2026-04-02 00:00:00+05:30,14.0,14.0,12.180000305175781,13.079999923706055,23201.0,0.0,0.0,0.2732
2026-04-06 00:00:00+05:30,13.079999923706055,13.869999885559082,13.079999923706055,13.59000015258789,21659.0,0.0,0.0,0.4487
2026-04-07 00:00:00+05:30,13.59000015258789,14.369999885559082,13.100000381469727,14.100000381469727,37545.0,0.0,0.0,0.1926
2026-04-08 00:00:00+05:30,14.5,14.989999771118164,14.020000457763672,14.210000038146973,50246.0,0.0,0.0,0.3887
2026-04-09 00:00:00+05:30,14.989999771118164,14.989999771118164,14.220000267028809,14.329999923706055,13158.0,0.0,0.0,0.4196
2026-04-10 00:00:00+05:30,14.930000305175781,14.930000305175781,14.100000381469727,14.710000038146973,11514.0,0.0,0.0,0.1311
2026-04-13 00:00:00+05:30,14.710000038146973,15.399999618530273,14.220000267028809,14.789999961853027,26284.0,0.0,0.0,0.302
2026-04-15 00:00:00+05:30,14.789999961853027,15.5,14.789999961853027,15.3100004196167,20557.0,0.0,0.0,0.1806
2026-04-16 00:00:00+05:30,15.899999618530273,15.949999809265137,15.350000381469727,15.510000228881836,20373.0,0.0,0.0,0.138
2026-04-17 00:00:00+05:30,15.65999984741211,15.899999618530273,15.199999809265137,15.789999961853027,20060.0,0.0,0.0,0.694
2026-04-20 00:00:00+05:30,15.789999961853027,16.540000915527344,15.15999984741211,15.84000015258789,41353.0,0.0,0.0,0.2934
2026-04-21 00:00:00+05:30,15.9399995803833,16.25,15.539999961853027,15.789999961853027,28775.0,0.0,0.0,0.5859
2026-04-22 00:00:00+05:30,16.100000381469727,16.600000381469727,15.850000381469727,16.010000228881836,24416.0,0.0,0.0,0.2528
2026-04-23 00:00:00+05:30,16.010000228881836,16.5,15.899999618530273,16.3700008392334,12310.0,0.0,0.0,0.5089
2026-04-24 00:00:00+05:30,16.030000686645508,16.360000610351562,15.5,16.139999389648438,11345.0,0.0,0.0,0.5561
2026-04-27 00:00:00+05:30,15.630000114440918,16.100000381469727,15.510000228881836,15.65999984741211,25724.0,0.0,0.0,0.4574
2026-04-28 00:00:00+05:30,15.65999984741211,15.9399995803833,15.5,15.5600004196167,10026.0,0.0,0.0,0.3829
2026-04-29 00:00:00+05:30,15.569999694824219,15.930000305175781,15.069999694824219,15.109999656677246,17192.0,0.0,0.0,0.3471
2026-04-30 00:00:00+05:30,15.109999656677246,15.479999542236328,14.970000267028809,15.029999732971191,9433.0,0.0,0.0,0.3093
2026-05-04 00:00:00+05:30,15.449999809265137,15.789999961853027,14.40999984741211,15.430000305175781,21397.0,0.0,0.0,0.6577
2026-05-05 00:00:00+05:30,15.399999618530273,15.9399995803833,15.069999694824219,15.8100004196167,17062.0,0.0,0.0,0.5984
2026-05-06 00:00:00+05:30,15.800000190734863,16.5,15.399999618530273,15.789999961853027,22892.0,0.0,0.0,0.679
2026-05-07 00:00:00+05:30,15.989999771118164,16.280000686645508,15.300000190734863,15.989999771118164,25328.0,0.0,0.0,0.1746
2026-05-08 00:00:00+05:30,16.25,16.489999771118164,15.359999656677246,16.280000686645508,23551.0,0.0,0.0,0.5385
2026-05-11 00:00:00+05:30,16.510000228881836,17.5,15.3100004196167,15.550000190734863,23460.0,0.0,0.0,0.663
2026-05-12 00:00:00+05:30,15.649999618530273,16.399999618530273,15.300000190734863,16.209999084472656,32788.0,0.0,0.0,0.2087
2026-05-13 00:00:00+05:30,16.25,16.799999237060547,15.510000228881836,16.40999984741211,39308.0,0.0,0.0,0.1399
2026-05-14 00:00:00+05:30,16.399999618530273,16.399999618530273,15.760000228881836,16.1299991607666,18663.0,0.0,0.0,0.5447
2026-05-15 00:00:00+05:30,16.25,16.3799991607666,15.3100004196167,15.359999656677246,32107.0,0.0,0.0,0.4447
2026-05-18 00:00:00+05:30,15.979999542236328,15.979999542236328,15.229999542236328,15.489999771118164,8860.0,0.0,0.0,0.6051
2026-05-19 00:00:00+05:30,15.949999809265137,15.979999542236328,15.529999732971191,15.920000076293945,11977.0,0.0,0.0,0.1839
2026-05-20 00:00:00+05:30,16.34000015258789,16.93000030517578,15.550000190734863,15.760000228881836,13524.0,0.0,0.0,0.5772
2026-05-21 00:00:00+05:30,15.760000228881836,16.530000686645508,15.600000381469727,15.720000267028809,29124.0,0.0,0.0,0.221
2026-05-22 00:00:00+05:30,15.430000305175781,16.09000015258789,15.430000305175781,16.010000228881836,17405.0,0.0,0.0,0.1982
2026-05-25 00:00:00+05:30,16.440000534057617,17.25,15.710000038146973,16.350000381469727,45831.0,0.0,0.0,0.1986
2026-05-26 00:00:00+05:30,15.8100004196167,16.850000381469727,15.800000190734863,16.229999542236328,12261.0,0.0,0.0,0.5887
2026-05-27 00:00:00+05:30,16.0,17.299999237060547,15.800000190734863,16.510000228881836,35519.0,0.0,0.0,0.4991
2026-05-28 00:00:00+05:30,16.510000228881836,16.510000228881836,16.510000228881836,16.510000228881836,0.0,0.0,0.0,0.4138
2026-05-29 00:00:00+05:30,16.899999618530273,16.899999618530273,15.850000381469727,16.219999313354492,14218.0,0.0,0.0,0.3153
2026-06-01 00:00:00+05:30,16.5,16.780000686645508,15.720000267028809,15.899999618530273,13421.0,0.0,0.0,0.6263
2026-06-02 00:00:00+05:30,16.0,16.8799991607666,15.880000114440918,16.290000915527344,28950.0,0.0,0.0,0.3355
2026-06-03 00:00:00+05:30,16.25,16.350000381469727,15.8100004196167,16.010000228881836,15126.0,0.0,0.0,0.59
2026-06-04 00:00:00+05:30,16.010000228881836,16.15999984741211,15.569999694824219,15.710000038146973,7812.0,0.0,0.0,0.3635
