Date,Open,High,Low,Close,Volume,Dividends,Stock_Splits,Delivery_Percentage
2023-06-05 00:00:00+05:30,11.100000381469727,11.5,11.0,11.399999618530273,272291792.0,0.0,0.0,0.3247
2023-06-06 00:00:00+05:30,11.550000190734863,12.399999618530273,11.350000381469727,12.199999809265137,533178450.0,0.0,0.0,0.6704
2023-06-07 00:00:00+05:30,12.550000190734863,14.600000381469727,12.5,14.449999809265137,346243409.0,0.0,0.0,0.5392
2023-06-08 00:00:00+05:30,14.199999809265137,14.199999809265137,13.199999809265137,13.350000381469727,522427881.0,0.0,0.0,0.4592
2023-06-09 00:00:00+05:30,13.5,14.199999809265137,13.300000190734863,14.0,293778902.0,0.0,0.0,0.1936
2023-06-12 00:00:00+05:30,14.149999618530273,15.399999618530273,14.100000381469727,15.300000190734863,461323199.0,0.0,0.0,0.1936
2023-06-13 00:00:00+05:30,15.399999618530273,15.75,14.75,15.100000381469727,390548184.0,0.0,0.0,0.1349
2023-06-14 00:00:00+05:30,15.25,15.350000381469727,14.149999618530273,14.399999618530273,222177502.0,0.0,0.0,0.6197
2023-06-15 00:00:00+05:30,14.399999618530273,14.600000381469727,14.0,14.449999809265137,178864927.0,0.0,0.0,0.4607
2023-06-16 00:00:00+05:30,14.550000190734863,15.149999618530273,14.550000190734863,14.75,282491085.0,0.0,0.0,0.5248
2023-06-19 00:00:00+05:30,14.949999809265137,15.050000190734863,14.25,14.550000190734863,163607569.0,0.0,0.0,0.1124
2023-06-20 00:00:00+05:30,14.649999618530273,14.699999809265137,13.649999618530273,14.25,196840707.0,0.0,0.0,0.6819
2023-06-21 00:00:00+05:30,14.300000190734863,14.550000190734863,13.850000381469727,14.0,134315767.0,0.0,0.0,0.5995
2023-06-22 00:00:00+05:30,14.050000190734863,14.100000381469727,13.300000190734863,13.600000381469727,150787608.0,0.0,0.0,0.2274
2023-06-23 00:00:00+05:30,13.600000381469727,14.149999618530273,13.25,13.850000381469727,133077725.0,0.0,0.0,0.2091
2023-06-26 00:00:00+05:30,13.949999809265137,14.25,13.649999618530273,14.0,93075149.0,0.0,0.0,0.21
2023-06-27 00:00:00+05:30,14.050000190734863,14.399999618530273,14.0,14.100000381469727,81222094.0,0.0,0.0,0.2825
2023-06-28 00:00:00+05:30,14.199999809265137,15.0,14.199999809265137,14.75,204357357.0,0.0,0.0,0.4149
2023-06-30 00:00:00+05:30,15.050000190734863,15.649999618530273,14.949999809265137,15.300000190734863,260744421.0,0.0,0.0,0.3592
2023-07-03 00:00:00+05:30,15.75,16.799999237060547,15.75,16.799999237060547,389920926.0,0.0,0.0,0.2747
2023-07-04 00:00:00+05:30,17.450000762939453,18.450000762939453,17.149999618530273,18.299999237060547,701973517.0,0.0,0.0,0.4671
2023-07-05 00:00:00+05:30,17.950000762939453,18.149999618530273,17.399999618530273,17.399999618530273,264737406.0,0.0,0.0,0.1837
2023-07-06 00:00:00+05:30,16.799999237060547,17.950000762939453,16.649999618530273,17.649999618530273,415023310.0,0.0,0.0,0.2753
2023-07-07 00:00:00+05:30,17.549999237060547,18.299999237060547,17.450000762939453,17.850000381469727,267551084.0,0.0,0.0,0.3198
2023-07-10 00:00:00+05:30,18.049999237060547,18.100000381469727,17.200000762939453,17.350000381469727,142507601.0,0.0,0.0,0.3736
2023-07-11 00:00:00+05:30,17.5,18.200000762939453,17.049999237060547,17.950000762939453,369539889.0,0.0,0.0,0.5711
2023-07-12 00:00:00+05:30,18.0,18.549999237060547,17.600000381469727,18.0,201949606.0,0.0,0.0,0.2198
2023-07-13 00:00:00+05:30,18.149999618530273,18.350000381469727,17.450000762939453,17.549999237060547,149133001.0,0.0,0.0,0.4085
2023-07-14 00:00:00+05:30,17.649999618530273,17.899999618530273,17.299999237060547,17.700000762939453,81517693.0,0.0,0.0,0.4554
2023-07-17 00:00:00+05:30,18.25,18.450000762939453,18.100000381469727,18.200000762939453,129569292.0,0.0,0.0,0.1279
2023-07-18 00:00:00+05:30,18.299999237060547,18.299999237060547,17.799999237060547,17.899999618530273,89012544.0,0.0,0.0,0.4645
2023-07-19 00:00:00+05:30,18.0,18.100000381469727,17.799999237060547,17.850000381469727,48709437.0,0.0,0.0,0.2023
2023-07-20 00:00:00+05:30,17.950000762939453,18.700000762939453,17.850000381469727,18.700000762939453,242575898.0,0.0,0.0,0.139
2023-07-21 00:00:00+05:30,19.25,19.600000381469727,19.100000381469727,19.600000381469727,86292023.0,0.0,0.0,0.6693
2023-07-24 00:00:00+05:30,20.549999237060547,20.549999237060547,19.200000762939453,20.0,517944819.0,0.0,0.0,0.6794
2023-07-25 00:00:00+05:30,20.25,20.799999237060547,19.0,19.0,276540698.0,0.0,0.0,0.585
2023-07-26 00:00:00+05:30,18.049999237060547,18.049999237060547,18.049999237060547,18.049999237060547,41086178.0,0.0,0.0,0.2828
2023-07-27 00:00:00+05:30,17.649999618530273,18.399999618530273,17.450000762939453,17.850000381469727,250669150.0,0.0,0.0,0.1586
2023-07-28 00:00:00+05:30,17.799999237060547,18.25,17.700000762939453,18.049999237060547,97658422.0,0.0,0.0,0.5105
2023-07-31 00:00:00+05:30,18.200000762939453,18.950000762939453,18.049999237060547,18.950000762939453,123353716.0,0.0,0.0,0.3641
2023-08-01 00:00:00+05:30,19.549999237060547,19.850000381469727,19.100000381469727,19.299999237060547,167771796.0,0.0,0.0,0.1732
2023-08-02 00:00:00+05:30,19.350000381469727,19.350000381469727,18.350000381469727,18.5,229699866.0,0.0,0.0,0.3971
2023-08-03 00:00:00+05:30,18.450000762939453,18.450000762939453,17.700000762939453,17.950000762939453,122802683.0,0.0,0.0,0.1206
2023-08-04 00:00:00+05:30,18.0,18.799999237060547,18.0,18.399999618530273,241151653.0,0.0,0.0,0.6456
2023-08-07 00:00:00+05:30,18.600000381469727,19.0,18.25,18.649999618530273,119709706.0,0.0,0.0,0.2553
2023-08-08 00:00:00+05:30,18.649999618530273,18.950000762939453,18.350000381469727,18.600000381469727,107177129.0,0.0,0.0,0.4975
2023-08-09 00:00:00+05:30,18.950000762939453,19.5,18.899999618530273,19.5,204669757.0,0.0,0.0,0.287
2023-08-10 00:00:00+05:30,19.950000762939453,20.450000762939453,19.899999618530273,20.450000762939453,198521194.0,0.0,0.0,0.412
2023-08-11 00:00:00+05:30,20.75,21.25,19.799999237060547,20.200000762939453,193133275.0,0.0,0.0,0.428
2023-08-14 00:00:00+05:30,19.549999237060547,20.200000762939453,19.299999237060547,20.049999237060547,110526997.0,0.0,0.0,0.2109
2023-08-16 00:00:00+05:30,20.049999237060547,20.5,20.049999237060547,20.25,66006572.0,0.0,0.0,0.6818
2023-08-17 00:00:00+05:30,19.850000381469727,20.0,19.399999618530273,19.700000762939453,130822363.0,0.0,0.0,0.5651
2023-08-18 00:00:00+05:30,19.799999237060547,20.049999237060547,19.5,19.799999237060547,70016385.0,0.0,0.0,0.6637
2023-08-21 00:00:00+05:30,20.100000381469727,20.149999618530273,19.799999237060547,19.899999618530273,71793107.0,0.0,0.0,0.6369
2023-08-22 00:00:00+05:30,19.950000762939453,20.850000381469727,19.950000762939453,20.850000381469727,189624524.0,0.0,0.0,0.4587
2023-08-23 00:00:00+05:30,21.0,21.850000381469727,21.0,21.850000381469727,204874807.0,0.0,0.0,0.6531
2023-08-24 00:00:00+05:30,22.75,22.850000381469727,21.25,21.5,269657749.0,0.0,0.0,0.1531
2023-08-25 00:00:00+05:30,21.649999618530273,22.549999237060547,21.549999237060547,22.399999618530273,166449370.0,0.0,0.0,0.2176
2023-08-28 00:00:00+05:30,23.399999618530273,23.5,23.25,23.5,192627964.0,0.0,0.0,0.1271
2023-08-29 00:00:00+05:30,24.0,24.649999618530273,23.950000762939453,24.649999618530273,203593052.0,0.0,0.0,0.2952
2023-08-30 00:00:00+05:30,25.850000381469727,25.850000381469727,25.350000381469727,25.850000381469727,88452282.0,0.0,0.0,0.3332
2023-08-31 00:00:00+05:30,26.5,27.049999237060547,24.549999237060547,24.549999237060547,413958502.0,0.0,0.0,0.2628
2023-09-01 00:00:00+05:30,24.549999237060547,25.75,23.950000762939453,25.0,209113483.0,0.0,0.0,0.5972
2023-09-04 00:00:00+05:30,25.450000762939453,25.700000762939453,23.850000381469727,24.100000381469727,189499859.0,0.0,0.0,0.3141
2023-09-05 00:00:00+05:30,24.600000381469727,24.899999618530273,23.5,23.600000381469727,131411045.0,0.0,0.0,0.2686
2023-09-06 00:00:00+05:30,23.799999237060547,24.399999618530273,23.399999618530273,23.799999237060547,107987698.0,0.0,0.0,0.4256
2023-09-07 00:00:00+05:30,24.100000381469727,24.950000762939453,23.549999237060547,24.100000381469727,170673034.0,0.0,0.0,0.1846
2023-09-08 00:00:00+05:30,24.200000762939453,24.299999237060547,23.649999618530273,24.049999237060547,87741294.0,0.0,0.0,0.5813
2023-09-11 00:00:00+05:30,24.299999237060547,24.399999618530273,23.75,24.0,93344063.0,0.0,0.0,0.1447
2023-09-12 00:00:00+05:30,24.149999618530273,24.200000762939453,22.799999237060547,22.799999237060547,146034046.0,0.0,0.0,0.6921
2023-09-13 00:00:00+05:30,22.200000762939453,22.5,21.700000762939453,22.149999618530273,236321372.0,0.0,0.0,0.5633
2023-09-14 00:00:00+05:30,22.350000381469727,23.25,21.75,23.25,178268509.0,0.0,0.0,0.2192
2023-09-15 00:00:00+05:30,23.600000381469727,24.399999618530273,23.149999618530273,24.200000762939453,225766744.0,0.0,0.0,0.1033
2023-09-18 00:00:00+05:30,24.700000762939453,25.100000381469727,24.5,24.75,142270040.0,0.0,0.0,0.5893
2023-09-20 00:00:00+05:30,24.950000762939453,25.950000762939453,24.5,25.850000381469727,166418138.0,0.0,0.0,0.5241
2023-09-21 00:00:00+05:30,25.850000381469727,26.25,25.149999618530273,25.5,166438893.0,0.0,0.0,0.5374
2023-09-22 00:00:00+05:30,25.649999618530273,25.850000381469727,24.5,25.049999237060547,95275738.0,0.0,0.0,0.5628
2023-09-25 00:00:00+05:30,25.75,26.049999237060547,25.100000381469727,25.5,71458712.0,0.0,0.0,0.1444
2023-09-26 00:00:00+05:30,25.600000381469727,26.100000381469727,24.950000762939453,26.0,110565689.0,0.0,0.0,0.3151
2023-09-27 00:00:00+05:30,25.100000381469727,25.899999618530273,25.049999237060547,25.649999618530273,94771055.0,0.0,0.0,0.1695
2023-09-28 00:00:00+05:30,25.700000762939453,26.399999618530273,25.450000762939453,25.649999618530273,75375280.0,0.0,0.0,0.6179
2023-09-29 00:00:00+05:30,25.850000381469727,26.200000762939453,25.549999237060547,25.799999237060547,76660245.0,0.0,0.0,0.474
2023-10-03 00:00:00+05:30,25.950000762939453,27.049999237060547,25.75,26.950000762939453,215807142.0,0.0,0.0,0.2985
2023-10-04 00:00:00+05:30,27.350000381469727,28.25,27.100000381469727,28.100000381469727,346015638.0,0.0,0.0,0.1381
2023-10-05 00:00:00+05:30,28.600000381469727,29.5,28.549999237060547,29.5,285672016.0,0.0,0.0,0.2866
2023-10-06 00:00:00+05:30,28.850000381469727,29.799999237060547,28.399999618530273,29.100000381469727,273969163.0,0.0,0.0,0.2951
2023-10-09 00:00:00+05:30,28.200000762939453,28.350000381469727,27.649999618530273,27.649999618530273,151080200.0,0.0,0.0,0.5378
2023-10-10 00:00:00+05:30,26.5,27.399999618530273,26.299999237060547,26.350000381469727,80186599.0,0.0,0.0,0.4825
2023-10-11 00:00:00+05:30,26.5,27.649999618530273,26.450000762939453,27.649999618530273,45365872.0,0.0,0.0,0.6323
2023-10-12 00:00:00+05:30,28.25,28.600000381469727,27.049999237060547,27.149999618530273,70399620.0,0.0,0.0,0.3833
2023-10-13 00:00:00+05:30,27.200000762939453,27.450000762939453,26.600000381469727,26.799999237060547,39585232.0,0.0,0.0,0.1718
2023-10-16 00:00:00+05:30,27.600000381469727,28.100000381469727,27.049999237060547,28.100000381469727,73809145.0,0.0,0.0,0.5279
2023-10-17 00:00:00+05:30,28.899999618530273,29.5,28.649999618530273,29.5,111721555.0,0.0,0.0,0.5565
2023-10-18 00:00:00+05:30,30.25,30.950000762939453,29.799999237060547,30.950000762939453,131127521.0,0.0,0.0,0.4368
2023-10-19 00:00:00+05:30,31.0,32.099998474121094,30.0,31.600000381469727,135200931.0,0.0,0.0,0.5626
2023-10-20 00:00:00+05:30,31.450000762939453,33.150001525878906,31.0,32.5,373269936.0,0.0,0.0,0.3963
2023-10-23 00:00:00+05:30,33.25,34.099998474121094,31.399999618530273,31.799999237060547,130338329.0,0.0,0.0,0.4136
2023-10-25 00:00:00+05:30,32.099998474121094,33.099998474121094,30.299999237060547,31.899999618530273,98053560.0,0.0,0.0,0.3565
2023-10-26 00:00:00+05:30,31.25,31.950000762939453,30.299999237060547,31.399999618530273,99436973.0,0.0,0.0,0.1153
2023-10-27 00:00:00+05:30,32.0,32.900001525878906,31.950000762939453,32.099998474121094,80529369.0,0.0,0.0,0.1647
2023-10-30 00:00:00+05:30,32.70000076293945,32.79999923706055,31.25,31.549999237060547,42405596.0,0.0,0.0,0.1189
2023-10-31 00:00:00+05:30,32.0,32.0,30.0,30.600000381469727,49276497.0,0.0,0.0,0.4818
2023-11-01 00:00:00+05:30,30.700000762939453,31.600000381469727,30.600000381469727,31.299999237060547,39955174.0,0.0,0.0,0.2886
2023-11-02 00:00:00+05:30,31.899999618530273,32.849998474121094,31.350000381469727,32.650001525878906,52429624.0,0.0,0.0,0.4051
2023-11-03 00:00:00+05:30,33.20000076293945,34.25,33.0,34.25,76623253.0,0.0,0.0,0.6445
2023-11-06 00:00:00+05:30,35.95000076293945,35.95000076293945,35.95000076293945,35.95000076293945,15536896.0,0.0,0.0,0.2496
2023-11-07 00:00:00+05:30,37.0,37.400001525878906,35.0,37.349998474121094,145813507.0,0.0,0.0,0.3462
2023-11-08 00:00:00+05:30,37.79999923706055,39.20000076293945,36.79999923706055,37.400001525878906,113882054.0,0.0,0.0,0.5533
2023-11-09 00:00:00+05:30,38.0,38.45000076293945,37.0,37.29999923706055,49396345.0,0.0,0.0,0.2373
2023-11-10 00:00:00+05:30,37.5,38.25,37.099998474121094,37.900001525878906,45379797.0,0.0,0.0,0.1462
2023-11-13 00:00:00+05:30,38.599998474121094,39.25,37.79999923706055,38.650001525878906,45335763.0,0.0,0.0,0.2739
2023-11-15 00:00:00+05:30,39.95000076293945,40.54999923706055,39.54999923706055,40.5,143082003.0,0.0,0.0,0.1967
2023-11-16 00:00:00+05:30,40.5,42.5,40.5,42.099998474121094,115717878.0,0.0,0.0,0.6578
2023-11-17 00:00:00+05:30,42.900001525878906,44.0,40.29999923706055,42.29999923706055,161956692.0,0.0,0.0,0.5849
2023-11-20 00:00:00+05:30,42.5,43.0,40.20000076293945,41.349998474121094,130271353.0,0.0,0.0,0.48
2023-11-21 00:00:00+05:30,41.5,41.5,39.29999923706055,39.29999923706055,111694707.0,0.0,0.0,0.6229
2023-11-22 00:00:00+05:30,37.75,38.5,37.349998474121094,37.349998474121094,42657149.0,0.0,0.0,0.5822
2023-11-23 00:00:00+05:30,35.5,39.20000076293945,35.5,39.20000076293945,102656993.0,0.0,0.0,0.2119
2023-11-24 00:00:00+05:30,40.0,41.150001525878906,39.45000076293945,40.599998474121094,117045798.0,0.0,0.0,0.6355
2023-11-28 00:00:00+05:30,41.349998474121094,41.70000076293945,38.70000076293945,38.95000076293945,116147704.0,0.0,0.0,0.4236
2023-11-29 00:00:00+05:30,39.45000076293945,40.29999923706055,37.599998474121094,39.599998474121094,98361673.0,0.0,0.0,0.5845
2023-11-30 00:00:00+05:30,40.349998474121094,41.0,38.099998474121094,40.75,811525884.0,0.0,0.0,0.6377
2023-12-01 00:00:00+05:30,40.0,40.400001525878906,39.0,39.400001525878906,63576805.0,0.0,0.0,0.2908
2023-12-04 00:00:00+05:30,41.0,41.0,39.70000076293945,40.099998474121094,40525430.0,0.0,0.0,0.166
2023-12-05 00:00:00+05:30,40.5,40.5,38.849998474121094,39.650001525878906,52174216.0,0.0,0.0,0.2368
2023-12-06 00:00:00+05:30,39.5,39.5,38.400001525878906,38.95000076293945,49075379.0,0.0,0.0,0.3563
2023-12-07 00:00:00+05:30,38.95000076293945,40.0,38.0,39.04999923706055,51193825.0,0.0,0.0,0.5908
2023-12-08 00:00:00+05:30,39.599998474121094,39.599998474121094,38.0,38.75,35448583.0,0.0,0.0,0.6164
2023-12-11 00:00:00+05:30,38.849998474121094,39.5,38.0,39.20000076293945,59585051.0,0.0,0.0,0.1042
2023-12-12 00:00:00+05:30,39.5,39.5,38.400001525878906,38.5,33308747.0,0.0,0.0,0.4064
2023-12-13 00:00:00+05:30,38.599998474121094,38.75,37.5,38.20000076293945,38010747.0,0.0,0.0,0.3504
2023-12-14 00:00:00+05:30,38.20000076293945,38.599998474121094,37.099998474121094,37.349998474121094,58576341.0,0.0,0.0,0.2333
2023-12-15 00:00:00+05:30,37.29999923706055,39.20000076293945,36.0,38.54999923706055,135917707.0,0.0,0.0,0.1719
2023-12-18 00:00:00+05:30,38.75,38.75,37.5,37.849998474121094,34128022.0,0.0,0.0,0.3026
2023-12-19 00:00:00+05:30,37.849998474121094,37.900001525878906,36.79999923706055,37.5,46279926.0,0.0,0.0,0.6657
2023-12-20 00:00:00+05:30,37.900001525878906,38.150001525878906,35.650001525878906,35.650001525878906,60110787.0,0.0,0.0,0.2939
2023-12-21 00:00:00+05:30,34.29999923706055,37.25,33.900001525878906,37.099998474121094,68214659.0,0.0,0.0,0.4113
2023-12-22 00:00:00+05:30,37.5,38.0,36.5,37.25,27363287.0,0.0,0.0,0.5218
2023-12-26 00:00:00+05:30,37.25,37.650001525878906,36.54999923706055,36.900001525878906,24483621.0,0.0,0.0,0.3182
2023-12-27 00:00:00+05:30,37.29999923706055,37.29999923706055,36.20000076293945,37.04999923706055,29736305.0,0.0,0.0,0.6831
2023-12-28 00:00:00+05:30,37.20000076293945,38.5,37.099998474121094,38.150001525878906,49428774.0,0.0,0.0,0.6775
2023-12-29 00:00:00+05:30,38.54999923706055,38.70000076293945,38.0,38.20000076293945,28153967.0,0.0,0.0,0.2511
2024-01-01 00:00:00+05:30,38.5,38.599998474121094,38.0,38.5,35078873.0,0.0,0.0,0.3983
2024-01-02 00:00:00+05:30,38.70000076293945,38.79999923706055,37.099998474121094,38.25,30864924.0,0.0,0.0,0.2805
2024-01-03 00:00:00+05:30,38.25,38.25,37.70000076293945,37.79999923706055,21788140.0,0.0,0.0,0.2709
2024-01-04 00:00:00+05:30,37.79999923706055,39.29999923706055,37.75,38.70000076293945,38232279.0,0.0,0.0,0.1221
2024-01-05 00:00:00+05:30,38.900001525878906,40.599998474121094,38.70000076293945,40.599998474121094,75799676.0,0.0,0.0,0.4657
2024-01-08 00:00:00+05:30,41.5,42.599998474121094,40.0,42.599998474121094,92602484.0,0.0,0.0,0.4016
2024-01-09 00:00:00+05:30,43.25,44.0,41.5,43.54999923706055,103582158.0,0.0,0.0,0.1309
2024-01-10 00:00:00+05:30,44.099998474121094,44.20000076293945,42.29999923706055,43.54999923706055,54417493.0,0.0,0.0,0.2672
2024-01-11 00:00:00+05:30,43.900001525878906,44.0,42.70000076293945,43.599998474121094,48037394.0,0.0,0.0,0.645
2024-01-12 00:00:00+05:30,43.79999923706055,45.400001525878906,43.150001525878906,44.900001525878906,88210161.0,0.0,0.0,0.2437
2024-01-15 00:00:00+05:30,45.20000076293945,45.70000076293945,43.70000076293945,43.849998474121094,73414515.0,0.0,0.0,0.1869
2024-01-16 00:00:00+05:30,44.0,44.20000076293945,41.650001525878906,42.04999923706055,73662300.0,0.0,0.0,0.3937
2024-01-17 00:00:00+05:30,41.5,42.650001525878906,40.349998474121094,40.900001525878906,62350656.0,0.0,0.0,0.6914
2024-01-18 00:00:00+05:30,40.900001525878906,42.900001525878906,40.099998474121094,42.900001525878906,77361249.0,0.0,0.0,0.2452
2024-01-19 00:00:00+05:30,43.5,44.45000076293945,41.45000076293945,41.849998474121094,118653572.0,0.0,0.0,0.5033
2024-01-23 00:00:00+05:30,42.5,43.0,40.20000076293945,41.150001525878906,61821069.0,0.0,0.0,0.557
2024-01-24 00:00:00+05:30,41.599998474121094,41.599998474121094,40.349998474121094,41.20000076293945,33524849.0,0.0,0.0,0.2426
2024-01-25 00:00:00+05:30,41.650001525878906,43.0,40.900001525878906,42.54999923706055,53839790.0,0.0,0.0,0.5369
2024-01-29 00:00:00+05:30,43.0,43.849998474121094,42.54999923706055,43.25,64987571.0,0.0,0.0,0.3207
2024-01-30 00:00:00+05:30,43.5,44.849998474121094,42.75,43.79999923706055,88270852.0,0.0,0.0,0.4794
2024-01-31 00:00:00+05:30,44.400001525878906,45.95000076293945,44.20000076293945,45.95000076293945,145374835.0,0.0,0.0,0.4801
2024-02-01 00:00:00+05:30,47.29999923706055,48.20000076293945,47.0,48.20000076293945,195541083.0,0.0,0.0,0.4215
2024-02-02 00:00:00+05:30,49.900001525878906,50.599998474121094,48.0,48.599998474121094,219513812.0,0.0,0.0,0.1542
2024-02-05 00:00:00+05:30,49.599998474121094,50.0,47.5,48.25,112297989.0,0.0,0.0,0.6012
2024-02-06 00:00:00+05:30,48.79999923706055,48.79999923706055,47.20000076293945,48.0,53168885.0,0.0,0.0,0.2925
2024-02-07 00:00:00+05:30,48.20000076293945,49.95000076293945,48.20000076293945,49.25,64866228.0,0.0,0.0,0.2119
2024-02-08 00:00:00+05:30,49.5,49.75,48.5,49.349998474121094,53850076.0,0.0,0.0,0.1245
2024-02-09 00:00:00+05:30,49.349998474121094,49.400001525878906,46.900001525878906,47.349998474121094,90732188.0,0.0,0.0,0.4545
2024-02-12 00:00:00+05:30,47.95000076293945,48.20000076293945,45.0,45.0,65398403.0,0.0,0.0,0.5065
2024-02-13 00:00:00+05:30,43.650001525878906,44.650001525878906,42.75,43.900001525878906,135410453.0,0.0,0.0,0.11
2024-02-14 00:00:00+05:30,42.45000076293945,46.04999923706055,42.04999923706055,46.04999923706055,59861806.0,0.0,0.0,0.4073
2024-02-15 00:00:00+05:30,46.95000076293945,47.75,46.5,47.04999923706055,44781950.0,0.0,0.0,0.2359
2024-02-16 00:00:00+05:30,47.70000076293945,47.70000076293945,46.0,46.849998474121094,23858185.0,0.0,0.0,0.4871
2024-02-19 00:00:00+05:30,47.5,47.599998474121094,46.04999923706055,46.150001525878906,19476010.0,0.0,0.0,0.2046
2024-02-20 00:00:00+05:30,46.650001525878906,46.849998474121094,45.599998474121094,45.79999923706055,20108565.0,0.0,0.0,0.5146
2024-02-21 00:00:00+05:30,45.95000076293945,46.0,43.75,44.75,30440623.0,0.0,0.0,0.332
2024-02-22 00:00:00+05:30,44.849998474121094,45.29999923706055,43.79999923706055,44.79999923706055,23276564.0,0.0,0.0,0.662
2024-02-23 00:00:00+05:30,45.150001525878906,45.599998474121094,44.79999923706055,44.900001525878906,25286705.0,0.0,0.0,0.1825
2024-02-26 00:00:00+05:30,45.75,45.75,43.349998474121094,43.75,30050547.0,0.0,0.0,0.3046
2024-02-27 00:00:00+05:30,44.20000076293945,45.0,43.5,44.54999923706055,22624252.0,0.0,0.0,0.1681
2024-02-28 00:00:00+05:30,44.599998474121094,44.650001525878906,42.349998474121094,43.20000076293945,36887600.0,0.0,0.0,0.6548
2024-02-29 00:00:00+05:30,43.0,45.349998474121094,41.04999923706055,45.25,117200579.0,0.0,0.0,0.6264
2024-03-01 00:00:00+05:30,45.599998474121094,46.0,44.099998474121094,44.29999923706055,22093410.0,0.0,0.0,0.2548
2024-03-04 00:00:00+05:30,42.79999923706055,43.79999923706055,41.75,42.79999923706055,55074786.0,0.0,0.0,0.496
2024-03-05 00:00:00+05:30,41.650001525878906,41.650001525878906,40.70000076293945,40.70000076293945,53278004.0,0.0,0.0,0.5903
2024-03-06 00:00:00+05:30,39.0,39.0,38.70000076293945,38.70000076293945,29049668.0,0.0,0.0,0.4331
2024-03-07 00:00:00+05:30,37.20000076293945,40.599998474121094,37.20000076293945,40.599998474121094,58288425.0,0.0,0.0,0.4178
2024-03-11 00:00:00+05:30,41.5,42.0,39.0,39.349998474121094,39527748.0,0.0,0.0,0.2451
2024-03-12 00:00:00+05:30,39.349998474121094,40.0,37.400001525878906,39.29999923706055,47404379.0,0.0,0.0,0.1559
2024-03-13 00:00:00+05:30,38.5,39.29999923706055,37.349998474121094,37.349998474121094,38160910.0,0.0,0.0,0.6383
2024-03-14 00:00:00+05:30,35.5,39.20000076293945,35.5,39.04999923706055,67013191.0,0.0,0.0,0.6403
2024-03-15 00:00:00+05:30,39.0,40.0,37.5,39.400001525878906,144957453.0,0.0,0.0,0.4799
2024-03-18 00:00:00+05:30,38.849998474121094,38.900001525878906,37.70000076293945,38.54999923706055,22647157.0,0.0,0.0,0.3034
2024-03-19 00:00:00+05:30,38.400001525878906,38.400001525878906,36.79999923706055,37.150001525878906,20548501.0,0.0,0.0,0.3095
2024-03-20 00:00:00+05:30,37.150001525878906,37.70000076293945,35.599998474121094,36.29999923706055,26893468.0,0.0,0.0,0.5356
2024-03-21 00:00:00+05:30,37.0,38.099998474121094,36.5,37.29999923706055,54916534.0,0.0,0.0,0.6383
2024-03-22 00:00:00+05:30,37.0,37.95000076293945,36.349998474121094,37.349998474121094,17891396.0,0.0,0.0,0.6323
2024-03-26 00:00:00+05:30,37.5,37.650001525878906,36.79999923706055,37.099998474121094,25064700.0,0.0,0.0,0.5679
2024-03-27 00:00:00+05:30,37.400001525878906,38.95000076293945,37.099998474121094,38.5,92336818.0,0.0,0.0,0.4852
2024-03-28 00:00:00+05:30,39.0,40.400001525878906,38.599998474121094,40.400001525878906,44688873.0,0.0,0.0,0.1505
2024-04-01 00:00:00+05:30,39.95000076293945,41.75,38.400001525878906,41.349998474121094,32553386.0,0.0,0.0,0.197
2024-04-02 00:00:00+05:30,41.79999923706055,43.0,40.400001525878906,42.5,31126883.0,0.0,0.0,0.6391
2024-04-03 00:00:00+05:30,42.5,43.54999923706055,41.599998474121094,43.5,28078702.0,0.0,0.0,0.4639
2024-04-04 00:00:00+05:30,44.5,44.599998474121094,42.70000076293945,42.95000076293945,30712841.0,0.0,0.0,0.1055
2024-04-05 00:00:00+05:30,43.0,43.0,42.0,42.650001525878906,15830518.0,0.0,0.0,0.1609
2024-04-08 00:00:00+05:30,43.150001525878906,43.150001525878906,41.400001525878906,41.5,20072402.0,0.0,0.0,0.4981
2024-04-09 00:00:00+05:30,41.5,42.5,40.79999923706055,40.900001525878906,20548936.0,0.0,0.0,0.103
2024-04-10 00:00:00+05:30,41.150001525878906,42.650001525878906,41.099998474121094,42.150001525878906,28693252.0,0.0,0.0,0.1965
2024-04-12 00:00:00+05:30,42.150001525878906,42.75,41.79999923706055,42.150001525878906,37205677.0,0.0,0.0,0.4292
2024-04-15 00:00:00+05:30,40.04999923706055,41.20000076293945,40.04999923706055,40.75,37643079.0,0.0,0.0,0.5151
2024-04-16 00:00:00+05:30,39.849998474121094,41.25,39.54999923706055,40.5,20994202.0,0.0,0.0,0.4912
2024-04-18 00:00:00+05:30,41.0,41.70000076293945,40.70000076293945,41.150001525878906,23917024.0,0.0,0.0,0.2346
2024-04-19 00:00:00+05:30,40.45000076293945,40.70000076293945,39.099998474121094,39.349998474121094,54049625.0,0.0,0.0,0.5273
2024-04-22 00:00:00+05:30,38.849998474121094,41.29999923706055,38.599998474121094,40.849998474121094,62114928.0,0.0,0.0,0.2423
2024-04-23 00:00:00+05:30,41.0,42.099998474121094,40.54999923706055,41.849998474121094,69215858.0,0.0,0.0,0.2952
2024-04-24 00:00:00+05:30,41.900001525878906,42.5,41.45000076293945,41.79999923706055,34252835.0,0.0,0.0,0.5479
2024-04-25 00:00:00+05:30,42.20000076293945,42.29999923706055,41.25,42.150001525878906,22866483.0,0.0,0.0,0.4898
2024-04-26 00:00:00+05:30,42.04999923706055,42.150001525878906,41.25,41.650001525878906,18201395.0,0.0,0.0,0.6095
2024-04-29 00:00:00+05:30,41.849998474121094,42.0,41.400001525878906,41.599998474121094,17815539.0,0.0,0.0,0.4946
2024-04-30 00:00:00+05:30,41.95000076293945,42.099998474121094,41.0,41.599998474121094,30499261.0,0.0,0.0,0.441
2024-05-02 00:00:00+05:30,41.599998474121094,42.04999923706055,41.04999923706055,41.70000076293945,31530269.0,0.0,0.0,0.1562
2024-05-03 00:00:00+05:30,42.0,42.29999923706055,41.04999923706055,41.349998474121094,23725164.0,0.0,0.0,0.3206
2024-05-06 00:00:00+05:30,42.0,42.0,40.400001525878906,40.79999923706055,17232143.0,0.0,0.0,0.2591
2024-05-07 00:00:00+05:30,40.75,40.79999923706055,39.0,39.75,27831110.0,0.0,0.0,0.2464
2024-05-08 00:00:00+05:30,39.75,40.20000076293945,39.04999923706055,39.95000076293945,24940794.0,0.0,0.0,0.6838
2024-05-09 00:00:00+05:30,40.0,40.400001525878906,39.45000076293945,39.599998474121094,21071854.0,0.0,0.0,0.3359
2024-05-10 00:00:00+05:30,39.849998474121094,40.099998474121094,39.0,39.900001525878906,14667345.0,0.0,0.0,0.6352
2024-05-13 00:00:00+05:30,39.900001525878906,39.900001525878906,37.900001525878906,39.0,23030136.0,0.0,0.0,0.4787
2024-05-14 00:00:00+05:30,39.04999923706055,40.75,39.04999923706055,40.20000076293945,15680138.0,0.0,0.0,0.5769
2024-05-15 00:00:00+05:30,40.400001525878906,42.20000076293945,40.04999923706055,42.20000076293945,42747507.0,0.0,0.0,0.4016
2024-05-16 00:00:00+05:30,42.5,43.0,41.75,42.79999923706055,36344580.0,0.0,0.0,0.4461
2024-05-17 00:00:00+05:30,42.79999923706055,42.95000076293945,42.099998474121094,42.599998474121094,24116415.0,0.0,0.0,0.3955
2024-05-21 00:00:00+05:30,42.5,44.20000076293945,41.900001525878906,44.04999923706055,45615167.0,0.0,0.0,0.2171
2024-05-22 00:00:00+05:30,44.5,46.25,42.95000076293945,46.0,80221850.0,0.0,0.0,0.5335
2024-05-23 00:00:00+05:30,46.400001525878906,48.29999923706055,45.70000076293945,48.29999923706055,90528423.0,0.0,0.0,0.2685
2024-05-24 00:00:00+05:30,49.0,49.0,45.900001525878906,45.95000076293945,53070069.0,0.0,0.0,0.1146
2024-05-27 00:00:00+05:30,45.25,46.70000076293945,45.0,45.20000076293945,38521150.0,0.0,0.0,0.4873
2024-05-28 00:00:00+05:30,45.5,45.849998474121094,43.400001525878906,43.95000076293945,26264263.0,0.0,0.0,0.2063
2024-05-29 00:00:00+05:30,43.900001525878906,46.099998474121094,43.54999923706055,46.099998474121094,30979346.0,0.0,0.0,0.6643
2024-05-30 00:00:00+05:30,46.29999923706055,46.900001525878906,44.5,45.400001525878906,31288700.0,0.0,0.0,0.6724
2024-05-31 00:00:00+05:30,45.70000076293945,47.650001525878906,44.29999923706055,47.650001525878906,115665511.0,0.0,0.0,0.6489
2024-06-03 00:00:00+05:30,50.0,50.0,50.0,50.0,62876628.0,0.0,0.0,0.3221
2024-06-04 00:00:00+05:30,52.099998474121094,52.099998474121094,47.5,47.5,123854100.0,0.0,0.0,0.1093
2024-06-05 00:00:00+05:30,45.150001525878906,49.79999923706055,45.150001525878906,48.45000076293945,81272335.0,0.0,0.0,0.657
2024-06-06 00:00:00+05:30,49.45000076293945,50.5,48.5,49.79999923706055,49163158.0,0.0,0.0,0.3569
2024-06-07 00:00:00+05:30,50.0,50.45000076293945,49.0,49.900001525878906,30336425.0,0.0,0.0,0.68
2024-06-10 00:00:00+05:30,47.400001525878906,48.630001068115234,47.400001525878906,47.400001525878906,90220734.0,0.0,0.0,0.6782
2024-06-11 00:00:00+05:30,47.400001525878906,49.290000915527344,47.02000045776367,48.2599983215332,47583387.0,0.0,0.0,0.6118
2024-06-12 00:00:00+05:30,48.5099983215332,50.5,48.400001525878906,50.279998779296875,87422931.0,0.0,0.0,0.2767
2024-06-13 00:00:00+05:30,50.5,50.5,49.290000915527344,49.869998931884766,48465602.0,0.0,0.0,0.3311
2024-06-14 00:00:00+05:30,50.0,51.189998626708984,49.099998474121094,49.47999954223633,85029862.0,0.0,0.0,0.6107
2024-06-18 00:00:00+05:30,49.599998474121094,50.290000915527344,48.849998474121094,49.959999084472656,49874657.0,0.0,0.0,0.2902
2024-06-19 00:00:00+05:30,50.189998626708984,50.279998779296875,48.75,48.900001525878906,26139387.0,0.0,0.0,0.2017
2024-06-20 00:00:00+05:30,51.34000015258789,51.34000015258789,49.54999923706055,50.529998779296875,99070183.0,0.0,0.0,0.4341
2024-06-21 00:00:00+05:30,51.20000076293945,53.04999923706055,51.0,53.04999923706055,143678671.0,0.0,0.0,0.6617
2024-06-24 00:00:00+05:30,55.45000076293945,55.70000076293945,54.150001525878906,54.70000076293945,149419809.0,0.0,0.0,0.5176
2024-06-25 00:00:00+05:30,55.150001525878906,55.5,53.31999969482422,53.599998474121094,63723030.0,0.0,0.0,0.442
2024-06-26 00:00:00+05:30,53.599998474121094,54.369998931884766,52.29999923706055,52.7599983215332,52438770.0,0.0,0.0,0.1583
2024-06-27 00:00:00+05:30,53.04999923706055,54.0,51.5,53.279998779296875,52502181.0,0.0,0.0,0.469
2024-06-28 00:00:00+05:30,53.900001525878906,54.0,52.709999084472656,52.86000061035156,38744898.0,0.0,0.0,0.694
2024-07-01 00:00:00+05:30,53.20000076293945,53.279998779296875,52.59000015258789,52.93000030517578,25423991.0,0.0,0.0,0.1841
2024-07-02 00:00:00+05:30,53.0,53.380001068115234,52.43000030517578,53.029998779296875,24502330.0,0.0,0.0,0.411
2024-07-03 00:00:00+05:30,53.099998474121094,53.95000076293945,53.0,53.529998779296875,29907631.0,0.0,0.0,0.6264
2024-07-04 00:00:00+05:30,53.599998474121094,55.66999816894531,53.369998931884766,54.029998779296875,63199465.0,0.0,0.0,0.5445
2024-07-05 00:00:00+05:30,54.369998931884766,56.4900016784668,53.79999923706055,55.4900016784668,96909661.0,0.0,0.0,0.5182
2024-07-08 00:00:00+05:30,55.95000076293945,56.0,54.5,55.20000076293945,54588551.0,0.0,0.0,0.5215
2024-07-09 00:00:00+05:30,55.29999923706055,55.84000015258789,53.86000061035156,55.369998931884766,33858415.0,0.0,0.0,0.3157
2024-07-10 00:00:00+05:30,55.66999816894531,56.0,53.900001525878906,54.88999938964844,37727227.0,0.0,0.0,0.2762
2024-07-11 00:00:00+05:30,55.0,55.0,54.20000076293945,54.720001220703125,26061094.0,0.0,0.0,0.5856
2024-07-12 00:00:00+05:30,55.0,55.43000030517578,53.650001525878906,54.630001068115234,37499020.0,0.0,0.0,0.5861
2024-07-15 00:00:00+05:30,55.0,55.0,54.02000045776367,54.619998931884766,27141448.0,0.0,0.0,0.6202
2024-07-16 00:00:00+05:30,54.900001525878906,56.0,54.43000030517578,55.880001068115234,76577863.0,0.0,0.0,0.6479
2024-07-18 00:00:00+05:30,55.5,55.720001220703125,53.81999969482422,55.38999938964844,68196637.0,0.0,0.0,0.4068
2024-07-19 00:00:00+05:30,55.380001068115234,55.869998931884766,53.81999969482422,54.54999923706055,52178598.0,0.0,0.0,0.4009
2024-07-22 00:00:00+05:30,54.65999984741211,55.439998626708984,53.5,55.08000183105469,47805246.0,0.0,0.0,0.579
2024-07-23 00:00:00+05:30,57.20000076293945,57.83000183105469,54.0,57.83000183105469,281887693.0,0.0,0.0,0.49
2024-07-24 00:00:00+05:30,59.70000076293945,60.720001220703125,59.630001068115234,60.720001220703125,90757700.0,0.0,0.0,0.5212
2024-07-25 00:00:00+05:30,62.290000915527344,63.75,60.79999923706055,61.470001220703125,170325709.0,0.0,0.0,0.5775
2024-07-26 00:00:00+05:30,62.68000030517578,63.0,61.0,61.88999938964844,67858407.0,0.0,0.0,0.634
2024-07-29 00:00:00+05:30,62.95000076293945,64.9800033569336,62.380001068115234,64.9800033569336,97886927.0,0.0,0.0,0.3028
2024-07-30 00:00:00+05:30,65.80999755859375,68.22000122070312,65.62999725341797,68.22000122070312,114489676.0,0.0,0.0,0.3253
2024-07-31 00:00:00+05:30,70.11000061035156,70.88999938964844,68.27999877929688,69.37999725341797,131539602.0,0.0,0.0,0.1564
2024-08-01 00:00:00+05:30,69.93000030517578,70.98999786376953,66.22000122070312,67.9800033569336,134824650.0,0.0,0.0,0.447
2024-08-02 00:00:00+05:30,67.80000305175781,71.37000274658203,67.05000305175781,71.3499984741211,131096033.0,0.0,0.0,0.1216
2024-08-05 00:00:00+05:30,69.9000015258789,71.63999938964844,67.77999877929688,67.8499984741211,209904382.0,0.0,0.0,0.3794
2024-08-06 00:00:00+05:30,68.75,70.8499984741211,65.5999984741211,66.2699966430664,96665562.0,0.0,0.0,0.4256
2024-08-07 00:00:00+05:30,69.0,69.58000183105469,68.11000061035156,69.58000183105469,65576822.0,0.0,0.0,0.2719
2024-08-08 00:00:00+05:30,71.0,73.05000305175781,70.58000183105469,72.91999816894531,212956025.0,0.0,0.0,0.4545
2024-08-09 00:00:00+05:30,74.5999984741211,76.55999755859375,73.0,76.54000091552734,142611445.0,0.0,0.0,0.1183
2024-08-12 00:00:00+05:30,77.1500015258789,80.36000061035156,74.6500015258789,80.36000061035156,131256497.0,0.0,0.0,0.1224
2024-08-13 00:00:00+05:30,81.97000122070312,84.29000091552734,78.3499984741211,80.79000091552734,193725637.0,0.0,0.0,0.5936
2024-08-14 00:00:00+05:30,82.19000244140625,82.41000366210938,76.75,76.7699966430664,141960840.0,0.0,0.0,0.3161
2024-08-16 00:00:00+05:30,77.94999694824219,80.5,74.12000274658203,79.94999694824219,155613726.0,0.0,0.0,0.1762
2024-08-19 00:00:00+05:30,80.63999938964844,82.44999694824219,79.20999908447266,80.70999908447266,96552950.0,0.0,0.0,0.4133
2024-08-20 00:00:00+05:30,81.30999755859375,81.58000183105469,78.5,79.43000030517578,54449596.0,0.0,0.0,0.562
2024-08-21 00:00:00+05:30,79.4000015258789,80.1500015258789,78.61000061035156,78.8499984741211,38869576.0,0.0,0.0,0.2295
2024-08-22 00:00:00+05:30,79.2300033569336,79.58999633789062,77.30000305175781,77.56999969482422,41519353.0,0.0,0.0,0.4737
2024-08-23 00:00:00+05:30,77.69999694824219,80.5,77.69999694824219,78.83999633789062,67410388.0,0.0,0.0,0.1512
2024-08-26 00:00:00+05:30,79.33999633789062,79.79000091552734,75.66000366210938,76.4000015258789,57918809.0,0.0,0.0,0.131
2024-08-27 00:00:00+05:30,77.23999786376953,78.30000305175781,76.5999984741211,77.5,32622346.0,0.0,0.0,0.4188
2024-08-28 00:00:00+05:30,77.94999694824219,79.7300033569336,77.66000366210938,78.95999908447266,47724768.0,0.0,0.0,0.4244
2024-08-29 00:00:00+05:30,78.66999816894531,78.69000244140625,76.19999694824219,77.0,41938870.0,0.0,0.0,0.4825
2024-08-30 00:00:00+05:30,77.30000305175781,77.58000183105469,75.12000274658203,75.83999633789062,63934257.0,0.0,0.0,0.5357
2024-09-02 00:00:00+05:30,75.83999633789062,76.0999984741211,72.5,73.80999755859375,71966033.0,0.0,0.0,0.6855
2024-09-03 00:00:00+05:30,73.80999755859375,76.37000274658203,73.54000091552734,74.47000122070312,49347993.0,0.0,0.0,0.4098
2024-09-04 00:00:00+05:30,74.4000015258789,74.9000015258789,73.30000305175781,74.16000366210938,28321394.0,0.0,0.0,0.2938
2024-09-05 00:00:00+05:30,75.69999694824219,77.08999633789062,74.66000366210938,76.0,56483144.0,0.0,0.0,0.5771
2024-09-06 00:00:00+05:30,76.75,77.3499984741211,74.51000213623047,74.72000122070312,43635971.0,0.0,0.0,0.2625
2024-09-09 00:00:00+05:30,75.27999877929688,77.27999877929688,72.81999969482422,74.33999633789062,87247821.0,0.0,0.0,0.3634
2024-09-10 00:00:00+05:30,75.83000183105469,78.05000305175781,75.33999633789062,78.05000305175781,144759489.0,0.0,0.0,0.1471
2024-09-11 00:00:00+05:30,79.33999633789062,81.94999694824219,79.0999984741211,81.94999694824219,121404214.0,0.0,0.0,0.1152
2024-09-12 00:00:00+05:30,86.0,86.04000091552734,80.41000366210938,81.69999694824219,186025037.0,0.0,0.0,0.6776
2024-09-13 00:00:00+05:30,82.13999938964844,84.5,80.80000305175781,83.11000061035156,82750388.0,0.0,0.0,0.6016
2024-09-16 00:00:00+05:30,83.87999725341797,85.8499984741211,83.66000366210938,84.69999694824219,67945786.0,0.0,0.0,0.5176
2024-09-17 00:00:00+05:30,85.18000030517578,85.4000015258789,80.56999969482422,82.0,61029140.0,0.0,0.0,0.3454
2024-09-18 00:00:00+05:30,82.19999694824219,82.9800033569336,80.5199966430664,80.81999969482422,37668180.0,0.0,0.0,0.204
2024-09-19 00:00:00+05:30,81.88999938964844,83.0,78.0,80.97000122070312,60446356.0,0.0,0.0,0.1939
2024-09-20 00:00:00+05:30,82.23999786376953,84.0,81.30999755859375,83.44999694824219,74313107.0,0.0,0.0,0.2501
2024-09-23 00:00:00+05:30,84.19000244140625,84.98999786376953,82.69999694824219,82.88999938964844,35307207.0,0.0,0.0,0.4295
2024-09-24 00:00:00+05:30,83.0,84.19999694824219,82.31999969482422,83.79000091552734,34414038.0,0.0,0.0,0.5288
2024-09-25 00:00:00+05:30,83.69999694824219,83.69999694824219,82.5,82.95999908447266,27040040.0,0.0,0.0,0.4961
2024-09-26 00:00:00+05:30,82.94999694824219,83.36000061035156,81.5,81.83999633789062,24929699.0,0.0,0.0,0.268
2024-09-27 00:00:00+05:30,81.75,82.7699966430664,80.5,81.08999633789062,42523359.0,0.0,0.0,0.6729
2024-09-30 00:00:00+05:30,80.80000305175781,81.58000183105469,79.37000274658203,80.05000305175781,42376466.0,0.0,0.0,0.5427
2024-10-01 00:00:00+05:30,80.30000305175781,81.52999877929688,79.5,79.73999786376953,27494973.0,0.0,0.0,0.4326
2024-10-03 00:00:00+05:30,76.73999786376953,78.5999984741211,75.75,75.75,79766127.0,0.0,0.0,0.467
2024-10-04 00:00:00+05:30,74.8499984741211,76.6500015258789,72.22000122070312,74.66999816894531,77974009.0,0.0,0.0,0.3518
2024-10-07 00:00:00+05:30,75.63999938964844,76.48999786376953,70.93000030517578,70.93000030517578,76807728.0,0.0,0.0,0.2486
2024-10-08 00:00:00+05:30,68.0999984741211,74.19999694824219,66.0999984741211,73.63999938964844,135896990.0,0.0,0.0,0.3136
2024-10-09 00:00:00+05:30,74.58999633789062,80.5999984741211,74.55000305175781,76.69000244140625,136134618.0,0.0,0.0,0.5547
2024-10-10 00:00:00+05:30,77.5,77.88999938964844,74.66999816894531,75.44000244140625,71016473.0,0.0,0.0,0.1086
2024-10-11 00:00:00+05:30,75.75,76.06999969482422,74.25,74.38999938964844,32799505.0,0.0,0.0,0.1696
2024-10-14 00:00:00+05:30,74.6500015258789,75.0,73.75,74.01000213623047,24979009.0,0.0,0.0,0.1276
2024-10-15 00:00:00+05:30,74.0999984741211,74.23999786376953,72.1500015258789,73.70999908447266,42418804.0,0.0,0.0,0.1244
2024-10-16 00:00:00+05:30,73.70999908447266,75.6500015258789,73.5199966430664,75.05000305175781,47156496.0,0.0,0.0,0.6133
2024-10-17 00:00:00+05:30,75.38999938964844,75.44999694824219,72.4000015258789,73.01000213623047,32194681.0,0.0,0.0,0.5222
2024-10-18 00:00:00+05:30,72.9000015258789,73.3499984741211,71.0999984741211,72.19000244140625,36018706.0,0.0,0.0,0.3845
2024-10-21 00:00:00+05:30,72.48999786376953,72.7699966430664,70.30000305175781,70.62999725341797,27026007.0,0.0,0.0,0.1587
2024-10-22 00:00:00+05:30,70.58999633789062,71.30000305175781,67.5,68.55999755859375,67732028.0,0.0,0.0,0.395
2024-10-23 00:00:00+05:30,67.30000305175781,69.94000244140625,66.0999984741211,68.8499984741211,55215451.0,0.0,0.0,0.3841
2024-10-24 00:00:00+05:30,69.08000183105469,71.13999938964844,68.4000015258789,69.1500015258789,35058205.0,0.0,0.0,0.2039
2024-10-25 00:00:00+05:30,69.87999725341797,70.30000305175781,66.0,67.47000122070312,49452859.0,0.0,0.0,0.3603
2024-10-28 00:00:00+05:30,68.0,72.5999984741211,66.13999938964844,70.83999633789062,81820533.0,0.0,0.0,0.3391
2024-10-29 00:00:00+05:30,72.75,73.5,66.81999969482422,68.87000274658203,129971042.0,0.0,0.0,0.4695
2024-10-30 00:00:00+05:30,68.98999786376953,69.62999725341797,67.55999755859375,68.12999725341797,52761387.0,0.0,0.0,0.4811
2024-10-31 00:00:00+05:30,67.95999908447266,68.44000244140625,66.69999694824219,66.94999694824219,41454018.0,0.0,0.0,0.1272
2024-11-01 00:00:00+05:30,67.30000305175781,68.4000015258789,67.19999694824219,68.13999938964844,14965199.0,0.0,0.0,0.3248
2024-11-04 00:00:00+05:30,68.19000244140625,68.23999786376953,65.19999694824219,66.31999969482422,55381082.0,0.0,0.0,0.4755
2024-11-05 00:00:00+05:30,66.30000305175781,68.25,65.52999877929688,67.37000274658203,45626050.0,0.0,0.0,0.4019
2024-11-06 00:00:00+05:30,68.0,69.8499984741211,67.41999816894531,69.31999969482422,50008246.0,0.0,0.0,0.6139
2024-11-07 00:00:00+05:30,69.44999694824219,69.44999694824219,66.44000244140625,66.80000305175781,49354800.0,0.0,0.0,0.4952
2024-11-08 00:00:00+05:30,66.58999633789062,66.58999633789062,61.84000015258789,62.5,86095752.0,0.0,0.0,0.1978
2024-11-11 00:00:00+05:30,61.5,63.13999938964844,58.560001373291016,62.15999984741211,128104971.0,0.0,0.0,0.1423
2024-11-12 00:00:00+05:30,62.15999984741211,62.869998931884766,59.099998474121094,59.38999938964844,67563924.0,0.0,0.0,0.4855
2024-11-13 00:00:00+05:30,58.0,59.279998779296875,53.45000076293945,54.029998779296875,194511406.0,0.0,0.0,0.1159
2024-11-14 00:00:00+05:30,54.029998779296875,56.72999954223633,53.650001525878906,56.72999954223633,56957801.0,0.0,0.0,0.4515
2024-11-18 00:00:00+05:30,59.45000076293945,59.560001373291016,56.79999923706055,59.2599983215332,119110598.0,0.0,0.0,0.6641
2024-11-19 00:00:00+05:30,60.5,62.220001220703125,59.41999816894531,62.220001220703125,74476083.0,0.0,0.0,0.4453
2024-11-21 00:00:00+05:30,63.900001525878906,65.33000183105469,63.5,65.33000183105469,131579845.0,0.0,0.0,0.3329
2024-11-22 00:00:00+05:30,66.80000305175781,68.33000183105469,64.5999984741211,65.22000122070312,130345329.0,0.0,0.0,0.486
2024-11-25 00:00:00+05:30,67.0,67.5,63.709999084472656,64.2300033569336,123922270.0,0.0,0.0,0.375
2024-11-26 00:00:00+05:30,64.63999938964844,64.8499984741211,63.29999923706055,63.56999969482422,35463228.0,0.0,0.0,0.4274
2024-11-27 00:00:00+05:30,63.880001068115234,64.29000091552734,62.709999084472656,63.59000015258789,37152591.0,0.0,0.0,0.6649
2024-11-28 00:00:00+05:30,63.689998626708984,65.5,62.900001525878906,63.72999954223633,42559541.0,0.0,0.0,0.3317
2024-11-29 00:00:00+05:30,63.900001525878906,64.22000122070312,62.40999984741211,62.97999954223633,54815057.0,0.0,0.0,0.6767
2024-12-02 00:00:00+05:30,63.11000061035156,66.12000274658203,62.279998779296875,66.12000274658203,61128869.0,0.0,0.0,0.6432
2024-12-03 00:00:00+05:30,66.79000091552734,67.30000305175781,65.0,65.4000015258789,91100475.0,0.0,0.0,0.2175
2024-12-04 00:00:00+05:30,65.9000015258789,68.44999694824219,65.33999633789062,67.72000122070312,97607170.0,0.0,0.0,0.1416
2024-12-05 00:00:00+05:30,68.19999694824219,68.80000305175781,66.87999725341797,68.26000213623047,56295912.0,0.0,0.0,0.1605
2024-12-06 00:00:00+05:30,68.0,68.38999938964844,67.27999877929688,67.38999938964844,38528682.0,0.0,0.0,0.1109
2024-12-09 00:00:00+05:30,67.37999725341797,67.80000305175781,66.4000015258789,67.36000061035156,34635931.0,0.0,0.0,0.1567
2024-12-10 00:00:00+05:30,67.30000305175781,67.36000061035156,65.86000061035156,66.55000305175781,29542425.0,0.0,0.0,0.5098
2024-12-11 00:00:00+05:30,66.41999816894531,67.19999694824219,65.8499984741211,66.12000274658203,32530712.0,0.0,0.0,0.1427
2024-12-12 00:00:00+05:30,65.61000061035156,66.43000030517578,64.86000061035156,65.69999694824219,33619161.0,0.0,0.0,0.2914
2024-12-13 00:00:00+05:30,65.5,67.68000030517578,65.26000213623047,66.19999694824219,47952699.0,0.0,0.0,0.6069
2024-12-16 00:00:00+05:30,67.5,68.62000274658203,66.16000366210938,66.36000061035156,56788124.0,0.0,0.0,0.114
2024-12-17 00:00:00+05:30,66.36000061035156,69.66999816894531,66.20999908447266,69.55999755859375,188345914.0,0.0,0.0,0.5887
2024-12-18 00:00:00+05:30,69.80000305175781,70.18000030517578,67.37000274658203,67.94999694824219,68899550.0,0.0,0.0,0.2691
2024-12-19 00:00:00+05:30,66.5,68.58000183105469,66.19999694824219,67.05000305175781,56237783.0,0.0,0.0,0.1709
2024-12-20 00:00:00+05:30,67.55000305175781,67.79000091552734,63.95000076293945,64.12999725341797,55042543.0,0.0,0.0,0.518
2024-12-23 00:00:00+05:30,65.16000366210938,65.16000366210938,63.279998779296875,63.86000061035156,30077026.0,0.0,0.0,0.4774
2024-12-24 00:00:00+05:30,63.97999954223633,65.37999725341797,63.77000045776367,64.87000274658203,24810689.0,0.0,0.0,0.6265
2024-12-26 00:00:00+05:30,64.98999786376953,65.1500015258789,63.869998931884766,64.33999633789062,19522002.0,0.0,0.0,0.541
2024-12-27 00:00:00+05:30,64.5,64.7300033569336,63.0,63.25,20617504.0,0.0,0.0,0.5821
2024-12-30 00:00:00+05:30,63.189998626708984,63.88999938964844,61.11000061035156,61.41999816894531,50198161.0,0.0,0.0,0.2692
2024-12-31 00:00:00+05:30,61.4900016784668,62.41999816894531,61.060001373291016,62.220001220703125,34983814.0,0.0,0.0,0.2065
2025-01-01 00:00:00+05:30,62.63999938964844,65.33000183105469,62.06999969482422,65.33000183105469,62229972.0,0.0,0.0,0.5504
2025-01-02 00:00:00+05:30,65.0,65.0999984741211,62.54999923706055,62.91999816894531,67889756.0,0.0,0.0,0.5841
2025-01-03 00:00:00+05:30,63.0,63.25,61.79999923706055,61.95000076293945,42686992.0,0.0,0.0,0.6943
2025-01-06 00:00:00+05:30,62.04999923706055,62.119998931884766,58.849998474121094,58.849998474121094,62445389.0,0.0,0.0,0.3476
2025-01-07 00:00:00+05:30,58.060001373291016,61.790000915527344,58.060001373291016,60.880001068115234,59115926.0,0.0,0.0,0.3232
2025-01-08 00:00:00+05:30,60.79999923706055,61.0,59.0,60.029998779296875,37159538.0,0.0,0.0,0.5658
2025-01-09 00:00:00+05:30,60.34000015258789,60.349998474121094,57.650001525878906,57.880001068115234,35053006.0,0.0,0.0,0.3045
2025-01-10 00:00:00+05:30,58.0,58.150001525878906,55.5,55.56999969482422,64397011.0,0.0,0.0,0.6585
2025-01-13 00:00:00+05:30,54.5,57.0,53.97999954223633,54.45000076293945,92083914.0,0.0,0.0,0.615
2025-01-14 00:00:00+05:30,55.20000076293945,57.16999816894531,55.11000061035156,57.16999816894531,41045252.0,0.0,0.0,0.3574
2025-01-15 00:00:00+05:30,57.16999816894531,59.79999923706055,56.810001373291016,57.2599983215332,65243228.0,0.0,0.0,0.5505
2025-01-16 00:00:00+05:30,58.7599983215332,59.189998626708984,56.70000076293945,56.869998931884766,39797323.0,0.0,0.0,0.5527
2025-01-17 00:00:00+05:30,57.0,57.38999938964844,55.939998626708984,56.84000015258789,41806502.0,0.0,0.0,0.1619
2025-01-20 00:00:00+05:30,57.52000045776367,58.790000915527344,56.2599983215332,58.09000015258789,49547406.0,0.0,0.0,0.6415
2025-01-21 00:00:00+05:30,58.349998474121094,58.470001220703125,56.349998474121094,57.43000030517578,33972001.0,0.0,0.0,0.4032
2025-01-22 00:00:00+05:30,57.43000030517578,57.84000015258789,54.54999923706055,55.119998931884766,48986568.0,0.0,0.0,0.5959
2025-01-23 00:00:00+05:30,55.119998931884766,56.63999938964844,54.189998626708984,54.310001373291016,49582278.0,0.0,0.0,0.292
2025-01-24 00:00:00+05:30,54.900001525878906,54.9900016784668,52.150001525878906,52.540000915527344,64210167.0,0.0,0.0,0.6373
2025-01-27 00:00:00+05:30,52.400001525878906,52.47999954223633,49.90999984741211,50.22999954223633,66288203.0,0.0,0.0,0.3335
2025-01-28 00:00:00+05:30,50.59000015258789,51.59000015258789,47.810001373291016,50.2599983215332,86563217.0,0.0,0.0,0.1065
2025-01-29 00:00:00+05:30,52.77000045776367,52.77000045776367,52.77000045776367,52.77000045776367,13990368.0,0.0,0.0,0.6432
2025-01-30 00:00:00+05:30,55.400001525878906,55.400001525878906,55.400001525878906,55.400001525878906,10961611.0,0.0,0.0,0.1548
2025-01-31 00:00:00+05:30,57.0,58.16999816894531,56.54999923706055,58.16999816894531,111500110.0,0.0,0.0,0.2916
2025-02-01 00:00:00+05:30,60.5,61.06999969482422,56.5099983215332,58.15999984741211,168912946.0,0.0,0.0,0.67
2025-02-03 00:00:00+05:30,57.779998779296875,59.099998474121094,55.40999984741211,56.369998931884766,93425367.0,0.0,0.0,0.6704
2025-02-04 00:00:00+05:30,57.189998626708984,57.97999954223633,55.959999084472656,56.91999816894531,42367489.0,0.0,0.0,0.4441
2025-02-05 00:00:00+05:30,57.2400016784668,57.77000045776367,55.77000045776367,55.900001525878906,37787329.0,0.0,0.0,0.4791
2025-02-06 00:00:00+05:30,55.90999984741211,56.380001068115234,54.54999923706055,54.91999816894531,31769107.0,0.0,0.0,0.3691
2025-02-07 00:00:00+05:30,54.970001220703125,55.08000183105469,52.91999816894531,53.61000061035156,38821987.0,0.0,0.0,0.2759
2025-02-10 00:00:00+05:30,53.38999938964844,54.38999938964844,52.310001373291016,52.720001220703125,31170558.0,0.0,0.0,0.2972
2025-02-11 00:00:00+05:30,52.849998474121094,53.04999923706055,50.31999969482422,51.9900016784668,49471491.0,0.0,0.0,0.5035
2025-02-12 00:00:00+05:30,51.9900016784668,52.9900016784668,49.04999923706055,52.400001525878906,69163693.0,0.0,0.0,0.5514
2025-02-13 00:00:00+05:30,52.810001373291016,53.95000076293945,52.290000915527344,53.349998474121094,41607228.0,0.0,0.0,0.5749
2025-02-14 00:00:00+05:30,53.54999923706055,53.880001068115234,50.45000076293945,51.13999938964844,45983899.0,0.0,0.0,0.5738
2025-02-17 00:00:00+05:30,51.0,51.689998626708984,49.5,51.41999816894531,46742293.0,0.0,0.0,0.1547
2025-02-18 00:00:00+05:30,51.0,51.349998474121094,49.4900016784668,50.63999938964844,38970008.0,0.0,0.0,0.3967
2025-02-19 00:00:00+05:30,50.29999923706055,55.279998779296875,49.84000015258789,54.15999984741211,71927816.0,0.0,0.0,0.1345
2025-02-20 00:00:00+05:30,54.0,55.349998474121094,53.25,54.880001068115234,38873355.0,0.0,0.0,0.4297
2025-02-21 00:00:00+05:30,54.900001525878906,56.29999923706055,54.29999923706055,55.16999816894531,56799902.0,0.0,0.0,0.3649
2025-02-24 00:00:00+05:30,54.599998474121094,54.70000076293945,53.45000076293945,54.290000915527344,43162800.0,0.0,0.0,0.6326
2025-02-25 00:00:00+05:30,54.290000915527344,55.08000183105469,54.27000045776367,54.58000183105469,21791959.0,0.0,0.0,0.3105
2025-02-27 00:00:00+05:30,54.63999938964844,54.939998626708984,51.75,52.130001068115234,39073334.0,0.0,0.0,0.1702
2025-02-28 00:00:00+05:30,51.209999084472656,51.900001525878906,49.5099983215332,49.709999084472656,93211241.0,0.0,0.0,0.1858
2025-03-03 00:00:00+05:30,50.04999923706055,51.189998626708984,46.599998474121094,49.779998779296875,108578059.0,0.0,0.0,0.5569
2025-03-04 00:00:00+05:30,48.849998474121094,51.4900016784668,48.52000045776367,50.11000061035156,67731679.0,0.0,0.0,0.4709
2025-03-05 00:00:00+05:30,50.599998474121094,52.04999923706055,50.5099983215332,51.4900016784668,72632328.0,0.0,0.0,0.1607
2025-03-06 00:00:00+05:30,52.689998626708984,52.88999938964844,51.720001220703125,52.099998474121094,56090540.0,0.0,0.0,0.1505
2025-03-07 00:00:00+05:30,51.9900016784668,56.939998626708984,51.599998474121094,54.91999816894531,106855231.0,0.0,0.0,0.5206
2025-03-10 00:00:00+05:30,55.11000061035156,56.790000915527344,52.7599983215332,53.2400016784668,81450055.0,0.0,0.0,0.1437
2025-03-11 00:00:00+05:30,52.02000045776367,54.150001525878906,51.630001068115234,53.7599983215332,58522186.0,0.0,0.0,0.5931
2025-03-12 00:00:00+05:30,54.060001373291016,54.45000076293945,52.77000045776367,53.849998474121094,48314005.0,0.0,0.0,0.5237
2025-03-13 00:00:00+05:30,54.349998474121094,55.0,53.619998931884766,54.58000183105469,43837645.0,0.0,0.0,0.1488
2025-03-17 00:00:00+05:30,54.7400016784668,56.5,54.25,54.5,54133917.0,0.0,0.0,0.1509
2025-03-18 00:00:00+05:30,54.5,54.5,54.5,54.5,0.0,0.0,0.0,0.692
2025-03-19 00:00:00+05:30,55.38999938964844,58.0,55.34000015258789,57.7599983215332,79465967.0,0.0,0.0,0.3246
2025-03-20 00:00:00+05:30,58.900001525878906,59.400001525878906,56.68000030517578,58.38999938964844,51729766.0,0.0,0.0,0.3224
2025-03-21 00:00:00+05:30,58.380001068115234,58.650001525878906,55.939998626708984,56.5,104724888.0,0.0,0.0,0.5877
2025-03-24 00:00:00+05:30,57.689998626708984,58.36000061035156,57.04999923706055,57.90999984741211,58367956.0,0.0,0.0,0.6683
2025-03-25 00:00:00+05:30,58.459999084472656,59.47999954223633,57.04999923706055,57.650001525878906,66615843.0,0.0,0.0,0.6916
2025-03-26 00:00:00+05:30,57.900001525878906,58.630001068115234,56.29999923706055,57.43000030517578,52250161.0,0.0,0.0,0.552
2025-03-27 00:00:00+05:30,57.11000061035156,57.939998626708984,56.439998626708984,57.0099983215332,49678644.0,0.0,0.0,0.3258
2025-03-28 00:00:00+05:30,57.36000061035156,58.400001525878906,56.400001525878906,56.65999984741211,43376048.0,0.0,0.0,0.1501
2025-04-01 00:00:00+05:30,55.5,56.97999954223633,55.11000061035156,55.75,40810312.0,0.0,0.0,0.5663
2025-04-02 00:00:00+05:30,55.84000015258789,57.7400016784668,54.36000061035156,57.43000030517578,49530064.0,0.0,0.0,0.435
2025-04-03 00:00:00+05:30,56.209999084472656,57.81999969482422,56.20000076293945,57.4900016784668,42914792.0,0.0,0.0,0.3545
2025-04-04 00:00:00+05:30,57.4900016784668,57.5,54.65999984741211,55.36000061035156,51863551.0,0.0,0.0,0.6438
2025-04-07 00:00:00+05:30,46.900001525878906,53.099998474121094,46.150001525878906,52.119998931884766,81905901.0,0.0,0.0,0.1667
2025-04-08 00:00:00+05:30,54.34000015258789,54.34000015258789,52.72999954223633,53.08000183105469,40949448.0,0.0,0.0,0.3956
2025-04-09 00:00:00+05:30,53.06999969482422,53.7599983215332,51.0099983215332,51.209999084472656,50850121.0,0.0,0.0,0.1068
2025-04-11 00:00:00+05:30,53.959999084472656,53.959999084472656,52.15999984741211,53.0,49591603.0,0.0,0.0,0.3812
2025-04-15 00:00:00+05:30,54.880001068115234,55.65999984741211,53.90999984741211,54.369998931884766,58941572.0,0.0,0.0,0.1338
2025-04-16 00:00:00+05:30,54.5099983215332,54.88999938964844,53.849998474121094,54.34000015258789,34690956.0,0.0,0.0,0.1713
2025-04-17 00:00:00+05:30,54.33000183105469,55.720001220703125,54.0099983215332,55.06999969482422,54279879.0,0.0,0.0,0.1705
2025-04-21 00:00:00+05:30,55.54999923706055,61.099998474121094,55.5,60.290000915527344,169658526.0,0.0,0.0,0.4895
2025-04-22 00:00:00+05:30,60.95000076293945,61.58000183105469,59.02000045776367,59.27000045776367,89155646.0,0.0,0.0,0.5476
2025-04-23 00:00:00+05:30,59.68000030517578,60.16999816894531,58.130001068115234,59.9900016784668,97968387.0,0.0,0.0,0.45
2025-04-24 00:00:00+05:30,60.0,61.4900016784668,59.720001220703125,60.11000061035156,97850644.0,0.0,0.0,0.6773
2025-04-25 00:00:00+05:30,60.310001373291016,60.45000076293945,56.720001220703125,58.29999923706055,104362729.0,0.0,0.0,0.3249
2025-04-28 00:00:00+05:30,57.5,58.4900016784668,57.0,57.779998779296875,50641247.0,0.0,0.0,0.2714
2025-04-29 00:00:00+05:30,58.0,59.5,57.349998474121094,57.70000076293945,51629064.0,0.0,0.0,0.6212
2025-04-30 00:00:00+05:30,57.70000076293945,57.900001525878906,56.0,56.400001525878906,55507075.0,0.0,0.0,0.2342
2025-05-02 00:00:00+05:30,56.15999984741211,56.9900016784668,55.86000061035156,56.130001068115234,35493371.0,0.0,0.0,0.6779
2025-05-05 00:00:00+05:30,56.5,57.25,56.349998474121094,56.91999816894531,30173749.0,0.0,0.0,0.1073
2025-05-06 00:00:00+05:30,57.0,57.4900016784668,53.41999816894531,53.7400016784668,59698908.0,0.0,0.0,0.6819
2025-05-07 00:00:00+05:30,52.400001525878906,55.18000030517578,52.400001525878906,54.70000076293945,100831859.0,0.0,0.0,0.1259
2025-05-08 00:00:00+05:30,55.5,55.97999954223633,52.79999923706055,53.150001525878906,65062799.0,0.0,0.0,0.6347
2025-05-09 00:00:00+05:30,51.25,53.0,51.099998474121094,52.66999816894531,68598385.0,0.0,0.0,0.4166
2025-05-12 00:00:00+05:30,56.2400016784668,57.400001525878906,55.2400016784668,56.95000076293945,89597903.0,0.0,0.0,0.6958
2025-05-13 00:00:00+05:30,57.20000076293945,58.16999816894531,56.709999084472656,57.599998474121094,55623455.0,0.0,0.0,0.1443
2025-05-14 00:00:00+05:30,57.900001525878906,60.400001525878906,57.400001525878906,59.91999816894531,97734016.0,0.0,0.0,0.4323
2025-05-15 00:00:00+05:30,60.400001525878906,61.77000045776367,60.099998474121094,61.220001220703125,79989466.0,0.0,0.0,0.6816
2025-05-16 00:00:00+05:30,61.599998474121094,62.130001068115234,60.349998474121094,61.08000183105469,77800547.0,0.0,0.0,0.4139
2025-05-19 00:00:00+05:30,61.209999084472656,62.599998474121094,61.119998931884766,61.529998779296875,53353255.0,0.0,0.0,0.4776
2025-05-20 00:00:00+05:30,61.95000076293945,62.189998626708984,60.099998474121094,60.349998474121094,64416562.0,0.0,0.0,0.5174
2025-05-21 00:00:00+05:30,60.20000076293945,61.650001525878906,59.349998474121094,61.279998779296875,57916922.0,0.0,0.0,0.3727
2025-05-22 00:00:00+05:30,61.0,61.720001220703125,60.349998474121094,61.0099983215332,43220436.0,0.0,0.0,0.4765
2025-05-23 00:00:00+05:30,61.45000076293945,62.900001525878906,60.65999984741211,62.209999084472656,90698519.0,0.0,0.0,0.4506
2025-05-26 00:00:00+05:30,62.83000183105469,65.94999694824219,62.7400016784668,64.37000274658203,127004476.0,0.0,0.0,0.6407
2025-05-27 00:00:00+05:30,64.9000015258789,66.0,63.61000061035156,65.38999938964844,125848116.0,0.0,0.0,0.1273
2025-05-28 00:00:00+05:30,65.70999908447266,68.5,65.51000213623047,66.31999969482422,162393521.0,0.0,0.0,0.2686
2025-05-29 00:00:00+05:30,67.19000244140625,67.61000061035156,64.75,65.41999816894531,106020315.0,0.0,0.0,0.6702
2025-05-30 00:00:00+05:30,71.5,74.30000305175781,70.55000305175781,71.4800033569336,547640042.0,0.0,0.0,0.6342
2025-06-02 00:00:00+05:30,72.19999694824219,73.5,70.70999908447266,71.19000244140625,173588228.0,0.0,0.0,0.3734
2025-06-03 00:00:00+05:30,71.69999694824219,72.4000015258789,67.9000015258789,68.1500015258789,166631797.0,0.0,0.0,0.4721
2025-06-04 00:00:00+05:30,68.3499984741211,68.58000183105469,66.5,66.72000122070312,125734824.0,0.0,0.0,0.2664
2025-06-05 00:00:00+05:30,67.0,68.5999984741211,66.5,66.7699966430664,116558636.0,0.0,0.0,0.2129
2025-06-06 00:00:00+05:30,67.4000015258789,67.5,66.0999984741211,66.70999908447266,75950376.0,0.0,0.0,0.3782
2025-06-09 00:00:00+05:30,67.75,68.30000305175781,67.0,67.12999725341797,110914040.0,0.0,0.0,0.312
2025-06-10 00:00:00+05:30,67.83000183105469,69.5,66.80000305175781,68.29000091552734,158113094.0,0.0,0.0,0.4502
2025-06-11 00:00:00+05:30,68.5999984741211,69.4000015258789,67.12000274658203,67.58999633789062,99916334.0,0.0,0.0,0.1466
2025-06-12 00:00:00+05:30,67.75,67.88999938964844,65.5,65.68000030517578,91116082.0,0.0,0.0,0.6846
2025-06-13 00:00:00+05:30,64.19000244140625,65.4800033569336,63.31999969482422,64.7300033569336,90307455.0,0.0,0.0,0.6917
2025-06-16 00:00:00+05:30,64.5,65.80000305175781,63.15999984741211,65.41000366210938,82798745.0,0.0,0.0,0.5189
2025-06-17 00:00:00+05:30,65.41000366210938,65.87000274658203,64.11000061035156,64.5199966430664,62347373.0,0.0,0.0,0.4217
2025-06-18 00:00:00+05:30,64.5199966430664,65.23999786376953,63.810001373291016,64.06999969482422,49246678.0,0.0,0.0,0.2857
2025-06-19 00:00:00+05:30,64.0,64.4000015258789,61.7599983215332,62.529998779296875,90679408.0,0.0,0.0,0.5883
2025-06-20 00:00:00+05:30,62.560001373291016,64.4800033569336,62.41999816894531,63.22999954223633,155351419.0,0.0,0.0,0.5108
2025-06-23 00:00:00+05:30,62.599998474121094,63.20000076293945,62.04999923706055,62.790000915527344,48152988.0,0.0,0.0,0.1976
2025-06-24 00:00:00+05:30,63.70000076293945,64.66999816894531,63.2599983215332,64.38999938964844,84498836.0,0.0,0.0,0.6466
2025-06-25 00:00:00+05:30,64.9000015258789,64.9000015258789,63.90999984741211,64.31999969482422,51596980.0,0.0,0.0,0.5935
2025-06-26 00:00:00+05:30,64.54000091552734,65.56999969482422,64.08000183105469,64.52999877929688,63684828.0,0.0,0.0,0.6699
2025-06-27 00:00:00+05:30,64.80000305175781,67.69999694824219,64.44999694824219,67.31999969482422,157324744.0,0.0,0.0,0.5354
2025-06-30 00:00:00+05:30,67.6500015258789,68.16999816894531,66.5,67.72000122070312,100164317.0,0.0,0.0,0.468
2025-07-01 00:00:00+05:30,67.72000122070312,68.12000274658203,67.01000213623047,67.19999694824219,49316098.0,0.0,0.0,0.3509
2025-07-02 00:00:00+05:30,67.37999725341797,67.5199966430664,64.4000015258789,64.79000091552734,72931988.0,0.0,0.0,0.6596
2025-07-03 00:00:00+05:30,65.4000015258789,66.20999908447266,64.91999816894531,65.2699966430664,48302742.0,0.0,0.0,0.6196
2025-07-04 00:00:00+05:30,65.5,65.69999694824219,64.91999816894531,65.52999877929688,32254269.0,0.0,0.0,0.1271
2025-07-07 00:00:00+05:30,65.80000305175781,66.58999633789062,65.12999725341797,65.87999725341797,41996456.0,0.0,0.0,0.1158
2025-07-08 00:00:00+05:30,65.79000091552734,66.5,65.30000305175781,66.26000213623047,40707600.0,0.0,0.0,0.3259
2025-07-09 00:00:00+05:30,66.47000122070312,66.8499984741211,65.72000122070312,65.94000244140625,39940889.0,0.0,0.0,0.5863
2025-07-10 00:00:00+05:30,66.0,66.54000091552734,65.51000213623047,65.97000122070312,31012486.0,0.0,0.0,0.6924
2025-07-11 00:00:00+05:30,65.97000122070312,66.26000213623047,65.25,65.91999816894531,32762054.0,0.0,0.0,0.1903
2025-07-14 00:00:00+05:30,66.22000122070312,66.44000244140625,65.26000213623047,65.44000244140625,37954638.0,0.0,0.0,0.4565
2025-07-15 00:00:00+05:30,65.47000122070312,67.4000015258789,65.47000122070312,67.16999816894531,68141681.0,0.0,0.0,0.3285
2025-07-16 00:00:00+05:30,67.30000305175781,68.30000305175781,66.8499984741211,67.02999877929688,52713937.0,0.0,0.0,0.6819
2025-07-17 00:00:00+05:30,67.0999984741211,67.13999938964844,66.05000305175781,66.26000213623047,31477927.0,0.0,0.0,0.6053
2025-07-18 00:00:00+05:30,66.26000213623047,66.58999633789062,64.7699966430664,65.05999755859375,37155281.0,0.0,0.0,0.603
2025-07-21 00:00:00+05:30,65.23999786376953,66.5,65.0,66.41999816894531,35813725.0,0.0,0.0,0.3812
2025-07-22 00:00:00+05:30,66.68000030517578,66.77999877929688,65.69999694824219,66.58000183105469,35735857.0,0.0,0.0,0.3489
2025-07-23 00:00:00+05:30,66.0999984741211,66.44000244140625,65.5199966430664,65.9800033569336,32844030.0,0.0,0.0,0.264
2025-07-24 00:00:00+05:30,65.9800033569336,66.23999786376953,65.05000305175781,65.31999969482422,25857103.0,0.0,0.0,0.1338
2025-07-25 00:00:00+05:30,65.30000305175781,65.31999969482422,62.83000183105469,63.619998931884766,55135489.0,0.0,0.0,0.6188
2025-07-28 00:00:00+05:30,63.5,63.54999923706055,60.650001525878906,60.849998474121094,63833967.0,0.0,0.0,0.5877
2025-07-29 00:00:00+05:30,60.689998626708984,62.61000061035156,59.95000076293945,61.790000915527344,53322991.0,0.0,0.0,0.6998
2025-07-30 00:00:00+05:30,61.97999954223633,62.04999923706055,61.0099983215332,61.209999084472656,26142390.0,0.0,0.0,0.698
2025-07-31 00:00:00+05:30,60.04999923706055,62.02000045776367,59.779998779296875,61.599998474121094,52270070.0,0.0,0.0,0.4333
2025-08-01 00:00:00+05:30,62.29999923706055,66.80000305175781,62.29999923706055,65.94999694824219,282885799.0,0.0,0.0,0.5614
2025-08-04 00:00:00+05:30,66.5999984741211,66.80999755859375,64.6500015258789,65.0,72002898.0,0.0,0.0,0.6669
2025-08-05 00:00:00+05:30,65.0,66.0999984741211,64.87000274658203,65.44000244140625,49369073.0,0.0,0.0,0.6098
2025-08-06 00:00:00+05:30,65.77999877929688,65.8499984741211,64.56999969482422,65.26000213623047,47280146.0,0.0,0.0,0.2484
2025-08-07 00:00:00+05:30,64.80999755859375,65.26000213623047,62.209999084472656,64.20999908447266,75542321.0,0.0,0.0,0.3703
2025-08-08 00:00:00+05:30,64.5,64.5199966430664,62.959999084472656,63.189998626708984,44361456.0,0.0,0.0,0.1775
2025-08-11 00:00:00+05:30,63.20000076293945,64.77999877929688,62.88999938964844,63.31999969482422,56446107.0,0.0,0.0,0.6724
2025-08-12 00:00:00+05:30,64.19999694824219,64.94999694824219,62.56999969482422,63.130001068115234,98199194.0,0.0,0.0,0.4637
2025-08-13 00:00:00+05:30,63.150001525878906,63.79999923706055,60.099998474121094,60.380001068115234,173116275.0,0.0,0.0,0.2372
2025-08-14 00:00:00+05:30,60.68000030517578,60.9900016784668,60.0,60.060001373291016,61474611.0,0.0,0.0,0.503
2025-08-18 00:00:00+05:30,61.5,61.63999938964844,56.619998931884766,58.06999969482422,175241892.0,0.0,0.0,0.4709
2025-08-19 00:00:00+05:30,58.25,59.75,57.720001220703125,59.59000015258789,100339049.0,0.0,0.0,0.3149
2025-08-20 00:00:00+05:30,59.650001525878906,60.349998474121094,59.20000076293945,59.849998474121094,59028795.0,0.0,0.0,0.1681
2025-08-21 00:00:00+05:30,60.15999984741211,60.2400016784668,58.0099983215332,58.15999984741211,53042863.0,0.0,0.0,0.5029
2025-08-22 00:00:00+05:30,58.38999938964844,59.290000915527344,58.060001373291016,58.5099983215332,67410588.0,0.0,0.0,0.4122
2025-08-25 00:00:00+05:30,59.040000915527344,59.040000915527344,57.36000061035156,57.43000030517578,55015151.0,0.0,0.0,0.5634
2025-08-26 00:00:00+05:30,57.040000915527344,57.45000076293945,56.61000061035156,56.970001220703125,54251386.0,0.0,0.0,0.4121
2025-08-28 00:00:00+05:30,57.310001373291016,57.310001373291016,55.88999938964844,56.31999969482422,57742437.0,0.0,0.0,0.6113
2025-08-29 00:00:00+05:30,56.349998474121094,57.150001525878906,55.529998779296875,56.43000030517578,66053084.0,0.0,0.0,0.4311
2025-09-01 00:00:00+05:30,56.900001525878906,57.97999954223633,56.56999969482422,57.86000061035156,62787374.0,0.0,0.0,0.4366
2025-09-02 00:00:00+05:30,58.45000076293945,59.099998474121094,57.900001525878906,58.25,72989341.0,0.0,0.0,0.626
2025-09-03 00:00:00+05:30,58.25,58.720001220703125,57.900001525878906,57.9900016784668,44161578.0,0.0,0.0,0.3421
2025-09-04 00:00:00+05:30,58.7400016784668,58.900001525878906,57.27000045776367,57.41999816894531,45523685.0,0.0,0.0,0.1804
2025-09-05 00:00:00+05:30,57.63999938964844,58.150001525878906,57.29999923706055,57.869998931884766,36924536.0,0.0,0.0,0.1173
2025-09-08 00:00:00+05:30,58.099998474121094,58.25,57.349998474121094,57.45000076293945,31288449.0,0.0,0.0,0.5531
2025-09-09 00:00:00+05:30,57.72999954223633,57.75,57.0,57.060001373291016,28437335.0,0.0,0.0,0.4722
2025-09-10 00:00:00+05:30,57.29999923706055,58.029998779296875,57.209999084472656,57.56999969482422,37061910.0,0.0,0.0,0.5224
2025-09-11 00:00:00+05:30,57.56999969482422,58.040000915527344,56.880001068115234,56.939998626708984,35651527.0,0.0,0.0,0.2278
2025-09-12 00:00:00+05:30,57.2599983215332,57.41999816894531,56.72999954223633,57.11000061035156,30872715.0,0.0,0.0,0.1818
2025-09-15 00:00:00+05:30,57.38999938964844,58.45000076293945,57.20000076293945,58.06999969482422,47861584.0,0.0,0.0,0.1087
2025-09-16 00:00:00+05:30,58.29999923706055,59.650001525878906,58.290000915527344,58.97999954223633,83962341.0,0.0,0.0,0.3104
2025-09-17 00:00:00+05:30,60.0,60.08000183105469,58.75,59.290000915527344,63663995.0,0.0,0.0,0.454
2025-09-18 00:00:00+05:30,59.40999984741211,59.65999984741211,58.75,59.08000183105469,34615017.0,0.0,0.0,0.3353
2025-09-19 00:00:00+05:30,59.25,60.61000061035156,59.060001373291016,60.400001525878906,84643232.0,0.0,0.0,0.3625
2025-09-22 00:00:00+05:30,60.400001525878906,60.970001220703125,59.66999816894531,59.93000030517578,62077740.0,0.0,0.0,0.6425
2025-09-23 00:00:00+05:30,60.0,60.130001068115234,58.630001068115234,58.75,43152416.0,0.0,0.0,0.309
2025-09-24 00:00:00+05:30,58.779998779296875,58.880001068115234,57.36000061035156,57.5,36883372.0,0.0,0.0,0.4084
2025-09-25 00:00:00+05:30,57.5,58.20000076293945,56.45000076293945,56.63999938964844,38206699.0,0.0,0.0,0.5702
2025-09-26 00:00:00+05:30,56.959999084472656,57.22999954223633,55.150001525878906,55.279998779296875,54393034.0,0.0,0.0,0.3379
2025-09-29 00:00:00+05:30,55.70000076293945,56.36000061035156,55.150001525878906,55.279998779296875,49687799.0,0.0,0.0,0.4733
2025-09-30 00:00:00+05:30,55.380001068115234,55.459999084472656,54.40999984741211,55.04999923706055,57639009.0,0.0,0.0,0.6174
2025-10-01 00:00:00+05:30,55.04999923706055,55.36000061035156,54.599998474121094,55.18000030517578,46144026.0,0.0,0.0,0.6697
2025-10-03 00:00:00+05:30,55.439998626708984,55.47999954223633,53.849998474121094,54.459999084472656,69042422.0,0.0,0.0,0.1882
2025-10-06 00:00:00+05:30,55.0,55.16999816894531,53.91999816894531,54.11000061035156,45009790.0,0.0,0.0,0.656
2025-10-07 00:00:00+05:30,54.349998474121094,54.79999923706055,53.95000076293945,54.0099983215332,50646458.0,0.0,0.0,0.3953
2025-10-08 00:00:00+05:30,54.130001068115234,54.13999938964844,52.65999984741211,52.77000045776367,60453406.0,0.0,0.0,0.2549
2025-10-09 00:00:00+05:30,52.79999923706055,53.529998779296875,52.54999923706055,53.16999816894531,63749358.0,0.0,0.0,0.3755
2025-10-10 00:00:00+05:30,53.29999923706055,54.75,53.22999954223633,54.310001373291016,58987213.0,0.0,0.0,0.688
2025-10-13 00:00:00+05:30,54.290000915527344,54.47999954223633,53.720001220703125,54.349998474121094,44487704.0,0.0,0.0,0.3956
2025-10-14 00:00:00+05:30,54.650001525878906,54.70000076293945,53.619998931884766,53.95000076293945,40526897.0,0.0,0.0,0.2973
2025-10-15 00:00:00+05:30,54.209999084472656,54.599998474121094,53.58000183105469,53.72999954223633,56703266.0,0.0,0.0,0.48
2025-10-16 00:00:00+05:30,53.93000030517578,54.20000076293945,53.40999984741211,53.61000061035156,48868416.0,0.0,0.0,0.2441
2025-10-17 00:00:00+05:30,53.61000061035156,53.95000076293945,52.0,52.91999816894531,173663310.0,0.0,0.0,0.1455
2025-10-20 00:00:00+05:30,53.189998626708984,53.689998626708984,52.91999816894531,53.09000015258789,34409429.0,0.0,0.0,0.1773
2025-10-21 00:00:00+05:30,53.599998474121094,54.34000015258789,53.400001525878906,54.18000030517578,22821584.0,0.0,0.0,0.1768
2025-10-23 00:00:00+05:30,54.540000915527344,55.25,54.220001220703125,54.529998779296875,76480331.0,0.0,0.0,0.1911
2025-10-24 00:00:00+05:30,54.68000030517578,55.18000030517578,53.650001525878906,53.81999969482422,44370005.0,0.0,0.0,0.1833
2025-10-27 00:00:00+05:30,54.099998474121094,54.15999984741211,53.630001068115234,53.709999084472656,24719719.0,0.0,0.0,0.4845
2025-10-28 00:00:00+05:30,53.709999084472656,56.470001220703125,53.599998474121094,56.220001220703125,134473878.0,0.0,0.0,0.2091
2025-10-29 00:00:00+05:30,56.439998626708984,58.779998779296875,55.97999954223633,58.189998626708984,154967971.0,0.0,0.0,0.3074
2025-10-30 00:00:00+05:30,58.5,59.33000183105469,57.91999816894531,58.5099983215332,83463327.0,0.0,0.0,0.6381
2025-10-31 00:00:00+05:30,58.779998779296875,60.18000030517578,58.65999984741211,59.29999923706055,108026021.0,0.0,0.0,0.3844
2025-11-03 00:00:00+05:30,59.470001220703125,59.880001068115234,58.529998779296875,59.2400016784668,75149800.0,0.0,0.0,0.5005
2025-11-04 00:00:00+05:30,59.59000015258789,61.369998931884766,58.83000183105469,59.9900016784668,317089760.0,0.0,0.0,0.2034
2025-11-06 00:00:00+05:30,61.5,61.5,59.459999084472656,59.61000061035156,147235071.0,0.0,0.0,0.2154
2025-11-07 00:00:00+05:30,59.5,59.5,56.93000030517578,57.380001068115234,122840652.0,0.0,0.0,0.1245
2025-11-10 00:00:00+05:30,57.900001525878906,58.20000076293945,57.0099983215332,57.43000030517578,63054794.0,0.0,0.0,0.2014
2025-11-11 00:00:00+05:30,57.599998474121094,58.04999923706055,56.86000061035156,57.81999969482422,50483890.0,0.0,0.0,0.2672
2025-11-12 00:00:00+05:30,58.20000076293945,58.95000076293945,57.66999816894531,58.47999954223633,53042828.0,0.0,0.0,0.2062
2025-11-13 00:00:00+05:30,58.290000915527344,58.34000015258789,57.40999984741211,57.58000183105469,40221624.0,0.0,0.0,0.1532
2025-11-14 00:00:00+05:30,57.5,58.290000915527344,57.029998779296875,57.68000030517578,41214942.0,0.0,0.0,0.1724
2025-11-17 00:00:00+05:30,57.79999923706055,58.15999984741211,57.5,57.70000076293945,36049802.0,0.0,0.0,0.3765
2025-11-18 00:00:00+05:30,57.880001068115234,57.880001068115234,56.70000076293945,56.900001525878906,29797672.0,0.0,0.0,0.2238
2025-11-19 00:00:00+05:30,56.95000076293945,57.08000183105469,56.29999923706055,56.529998779296875,35976206.0,0.0,0.0,0.3186
2025-11-20 00:00:00+05:30,56.599998474121094,57.150001525878906,56.52000045776367,56.70000076293945,37658777.0,0.0,0.0,0.4021
2025-11-21 00:00:00+05:30,56.66999816894531,56.720001220703125,55.0,55.099998474121094,42894379.0,0.0,0.0,0.5142
2025-11-24 00:00:00+05:30,55.099998474121094,55.540000915527344,54.400001525878906,54.61000061035156,96347031.0,0.0,0.0,0.1236
2025-11-25 00:00:00+05:30,54.5,54.95000076293945,54.11000061035156,54.189998626708984,36680917.0,0.0,0.0,0.5796
2025-11-26 00:00:00+05:30,54.20000076293945,55.689998626708984,54.13999938964844,55.58000183105469,43866679.0,0.0,0.0,0.4767
2025-11-27 00:00:00+05:30,55.70000076293945,55.900001525878906,54.810001373291016,54.93000030517578,28645872.0,0.0,0.0,0.1491
2025-11-28 00:00:00+05:30,55.0,55.0,53.75,54.0099983215332,52551047.0,0.0,0.0,0.6241
2025-12-01 00:00:00+05:30,54.29999923706055,54.7400016784668,53.52000045776367,53.720001220703125,33170385.0,0.0,0.0,0.6525
2025-12-02 00:00:00+05:30,53.75,54.099998474121094,53.209999084472656,53.41999816894531,41115861.0,0.0,0.0,0.1366
2025-12-03 00:00:00+05:30,53.43000030517578,53.650001525878906,52.220001220703125,52.59000015258789,42825048.0,0.0,0.0,0.2661
2025-12-04 00:00:00+05:30,52.650001525878906,52.84000015258789,50.599998474121094,50.849998474121094,76794810.0,0.0,0.0,0.5837
2025-12-05 00:00:00+05:30,51.130001068115234,52.150001525878906,50.75,51.7400016784668,61141969.0,0.0,0.0,0.549
2025-12-08 00:00:00+05:30,52.0099983215332,53.0,51.56999969482422,51.779998779296875,97482417.0,0.0,0.0,0.2107
2025-12-09 00:00:00+05:30,51.9900016784668,52.77000045776367,51.0,52.54999923706055,64804664.0,0.0,0.0,0.2256
2025-12-10 00:00:00+05:30,52.79999923706055,53.20000076293945,51.349998474121094,51.540000915527344,59123651.0,0.0,0.0,0.3223
2025-12-11 00:00:00+05:30,51.70000076293945,52.439998626708984,51.31999969482422,52.040000915527344,52982896.0,0.0,0.0,0.3907
2025-12-12 00:00:00+05:30,52.5,53.099998474121094,52.5,53.02000045776367,42524157.0,0.0,0.0,0.471
2025-12-15 00:00:00+05:30,52.9900016784668,53.349998474121094,52.54999923706055,53.13999938964844,30122901.0,0.0,0.0,0.3213
2025-12-16 00:00:00+05:30,53.13999938964844,53.13999938964844,52.25,52.66999816894531,33821093.0,0.0,0.0,0.3775
2025-12-17 00:00:00+05:30,52.599998474121094,52.650001525878906,51.79999923706055,51.939998626708984,30348315.0,0.0,0.0,0.5485
2025-12-18 00:00:00+05:30,51.90999984741211,52.0,51.31999969482422,51.779998779296875,30872497.0,0.0,0.0,0.122
2025-12-19 00:00:00+05:30,51.79999923706055,52.75,51.540000915527344,52.59000015258789,37121138.0,0.0,0.0,0.2515
2025-12-22 00:00:00+05:30,52.900001525878906,53.7400016784668,52.79999923706055,53.5099983215332,38903607.0,0.0,0.0,0.528
2025-12-23 00:00:00+05:30,53.5099983215332,53.84000015258789,53.31999969482422,53.619998931884766,30259539.0,0.0,0.0,0.6371
2025-12-24 00:00:00+05:30,53.59000015258789,55.04999923706055,53.15999984741211,53.29999923706055,44076962.0,0.0,0.0,0.407
2025-12-26 00:00:00+05:30,53.29999923706055,54.130001068115234,53.099998474121094,53.20000076293945,41885960.0,0.0,0.0,0.4193
2025-12-29 00:00:00+05:30,53.439998626708984,53.849998474121094,52.61000061035156,52.72999954223633,35515877.0,0.0,0.0,0.1643
2025-12-30 00:00:00+05:30,52.72999954223633,52.79999923706055,51.810001373291016,52.0,101385408.0,0.0,0.0,0.3684
2025-12-31 00:00:00+05:30,52.0,53.15999984741211,51.90999984741211,52.66999816894531,38744091.0,0.0,0.0,0.4196
2026-01-01 00:00:00+05:30,52.709999084472656,52.97999954223633,52.04999923706055,52.470001220703125,26749342.0,0.0,0.0,0.2455
2026-01-02 00:00:00+05:30,52.59000015258789,54.400001525878906,52.439998626708984,54.279998779296875,59517999.0,0.0,0.0,0.2615
2026-01-05 00:00:00+05:30,54.400001525878906,54.540000915527344,53.29999923706055,53.66999816894531,40693570.0,0.0,0.0,0.3264
2026-01-06 00:00:00+05:30,53.70000076293945,53.9900016784668,52.869998931884766,53.45000076293945,31119731.0,0.0,0.0,0.112
2026-01-07 00:00:00+05:30,53.29999923706055,53.689998626708984,52.66999816894531,52.900001525878906,48744390.0,0.0,0.0,0.2932
2026-01-08 00:00:00+05:30,52.900001525878906,53.40999984741211,50.650001525878906,50.93000030517578,59316617.0,0.0,0.0,0.2269
2026-01-09 00:00:00+05:30,50.81999969482422,51.09000015258789,48.869998931884766,49.20000076293945,89917429.0,0.0,0.0,0.2965
2026-01-12 00:00:00+05:30,49.29999923706055,49.380001068115234,47.900001525878906,49.20000076293945,66498246.0,0.0,0.0,0.1719
2026-01-13 00:00:00+05:30,49.54999923706055,49.70000076293945,47.79999923706055,48.689998626708984,75354673.0,0.0,0.0,0.6343
2026-01-14 00:00:00+05:30,48.4900016784668,49.79999923706055,48.15999984741211,49.0099983215332,55863563.0,0.0,0.0,0.4562
2026-01-15 00:00:00+05:30,49.0099983215332,49.0099983215332,49.0099983215332,49.0099983215332,0.0,0.0,0.0,0.5075
2026-01-16 00:00:00+05:30,49.02000045776367,49.36000061035156,48.150001525878906,48.45000076293945,105047207.0,0.0,0.0,0.5735
2026-01-19 00:00:00+05:30,48.689998626708984,48.91999816894531,47.45000076293945,47.97999954223633,52924798.0,0.0,0.0,0.3991
2026-01-20 00:00:00+05:30,47.97999954223633,48.33000183105469,46.20000076293945,46.34000015258789,60935304.0,0.0,0.0,0.1522
2026-01-21 00:00:00+05:30,46.29999923706055,46.689998626708984,45.369998931884766,45.529998779296875,78076574.0,0.0,0.0,0.4223
2026-01-22 00:00:00+05:30,46.400001525878906,47.20000076293945,45.75,46.9900016784668,56239464.0,0.0,0.0,0.4521
2026-01-23 00:00:00+05:30,47.400001525878906,47.400001525878906,45.54999923706055,45.70000076293945,49252985.0,0.0,0.0,0.5473
2026-01-27 00:00:00+05:30,45.849998474121094,46.25,44.880001068115234,45.790000915527344,62941841.0,0.0,0.0,0.359
2026-01-28 00:00:00+05:30,46.0099983215332,48.0,46.0099983215332,47.79999923706055,59993734.0,0.0,0.0,0.1765
2026-01-29 00:00:00+05:30,48.029998779296875,48.09000015258789,46.630001068115234,47.439998626708984,55397230.0,0.0,0.0,0.2703
2026-01-30 00:00:00+05:30,47.43000030517578,47.970001220703125,46.790000915527344,47.66999816894531,60762661.0,0.0,0.0,0.3178
2026-02-02 00:00:00+05:30,46.5,47.25,45.40999984741211,46.9900016784668,45471127.0,0.0,0.0,0.4876
2026-02-03 00:00:00+05:30,49.310001373291016,49.689998626708984,48.41999816894531,49.15999984741211,78516505.0,0.0,0.0,0.4425
2026-02-04 00:00:00+05:30,49.2599983215332,50.0,48.79999923706055,49.77000045776367,55580192.0,0.0,0.0,0.3137
2026-02-05 00:00:00+05:30,50.0,50.02000045776367,47.0,47.849998474121094,121302173.0,0.0,0.0,0.6919
2026-02-06 00:00:00+05:30,47.849998474121094,48.20000076293945,47.25,48.040000915527344,57960744.0,0.0,0.0,0.4635
2026-02-09 00:00:00+05:30,48.2599983215332,48.56999969482422,47.61000061035156,48.189998626708984,51743958.0,0.0,0.0,0.2423
2026-02-10 00:00:00+05:30,48.20000076293945,48.38999938964844,47.54999923706055,47.689998626708984,40362194.0,0.0,0.0,0.1611
2026-02-11 00:00:00+05:30,47.709999084472656,47.7400016784668,46.70000076293945,47.380001068115234,57124692.0,0.0,0.0,0.1917
2026-02-12 00:00:00+05:30,47.29999923706055,47.54999923706055,46.720001220703125,46.810001373291016,38946281.0,0.0,0.0,0.2476
2026-02-13 00:00:00+05:30,46.599998474121094,46.7400016784668,45.54999923706055,45.66999816894531,52618195.0,0.0,0.0,0.1964
2026-02-16 00:00:00+05:30,45.66999816894531,46.33000183105469,45.34000015258789,46.209999084472656,39325966.0,0.0,0.0,0.2119
2026-02-17 00:00:00+05:30,46.189998626708984,46.56999969482422,45.709999084472656,45.939998626708984,39827932.0,0.0,0.0,0.2711
2026-02-18 00:00:00+05:30,45.95000076293945,46.290000915527344,45.810001373291016,46.09000015258789,22066437.0,0.0,0.0,0.204
2026-02-19 00:00:00+05:30,46.04999923706055,46.38999938964844,45.0,45.25,36681650.0,0.0,0.0,0.6381
2026-02-20 00:00:00+05:30,45.20000076293945,45.349998474121094,44.2599983215332,44.459999084472656,61647383.0,0.0,0.0,0.1481
2026-02-23 00:00:00+05:30,44.560001373291016,44.959999084472656,43.83000183105469,44.25,49442100.0,0.0,0.0,0.4147
2026-02-24 00:00:00+05:30,44.25,44.38999938964844,43.36000061035156,44.130001068115234,56568697.0,0.0,0.0,0.3462
2026-02-25 00:00:00+05:30,44.34000015258789,44.7400016784668,42.599998474121094,43.18000030517578,75839738.0,0.0,0.0,0.6894
2026-02-26 00:00:00+05:30,43.18000030517578,43.900001525878906,42.869998931884766,43.27000045776367,49800911.0,0.0,0.0,0.1672
2026-02-27 00:00:00+05:30,43.27000045776367,43.29999923706055,42.45000076293945,42.66999816894531,85724851.0,0.0,0.0,0.3387
2026-03-02 00:00:00+05:30,39.130001068115234,41.790000915527344,39.130001068115234,40.95000076293945,116013965.0,0.0,0.0,0.6817
2026-03-04 00:00:00+05:30,40.20000076293945,40.54999923706055,39.70000076293945,39.93000030517578,71113339.0,0.0,0.0,0.6193
2026-03-05 00:00:00+05:30,40.25,40.63999938964844,39.220001220703125,40.25,89173308.0,0.0,0.0,0.5902
2026-03-06 00:00:00+05:30,40.25,40.9900016784668,39.849998474121094,39.9900016784668,63058597.0,0.0,0.0,0.2547
2026-03-09 00:00:00+05:30,39.4900016784668,39.7599983215332,38.189998626708984,39.619998931884766,71721599.0,0.0,0.0,0.2025
2026-03-10 00:00:00+05:30,40.380001068115234,41.63999938964844,40.0,41.45000076293945,70866917.0,0.0,0.0,0.5012
2026-03-11 00:00:00+05:30,41.720001220703125,42.060001373291016,41.400001525878906,41.619998931884766,64189593.0,0.0,0.0,0.6576
2026-03-12 00:00:00+05:30,41.5099983215332,43.540000915527344,40.93000030517578,42.43000030517578,108432510.0,0.0,0.0,0.4341
2026-03-13 00:00:00+05:30,42.41999816894531,42.83000183105469,40.97999954223633,41.40999984741211,79497665.0,0.0,0.0,0.443
2026-03-16 00:00:00+05:30,41.4900016784668,42.22999954223633,40.720001220703125,41.0099983215332,81266796.0,0.0,0.0,0.268
2026-03-17 00:00:00+05:30,41.5,41.599998474121094,40.5099983215332,41.27000045776367,70423021.0,0.0,0.0,0.5617
2026-03-18 00:00:00+05:30,41.34000015258789,42.29999923706055,41.209999084472656,42.060001373291016,58427254.0,0.0,0.0,0.2122
2026-03-19 00:00:00+05:30,41.20000076293945,41.790000915527344,40.81999969482422,41.09000015258789,55593734.0,0.0,0.0,0.2942
2026-03-20 00:00:00+05:30,41.400001525878906,42.72999954223633,41.34000015258789,41.95000076293945,71960845.0,0.0,0.0,0.3553
2026-03-23 00:00:00+05:30,41.7599983215332,41.7599983215332,39.70000076293945,39.939998626708984,68192562.0,0.0,0.0,0.4046
2026-03-24 00:00:00+05:30,41.29999923706055,41.29999923706055,39.95000076293945,41.040000915527344,65440981.0,0.0,0.0,0.2454
2026-03-25 00:00:00+05:30,41.5,42.849998474121094,41.43000030517578,42.27000045776367,76079784.0,0.0,0.0,0.1689
2026-03-27 00:00:00+05:30,41.849998474121094,42.04999923706055,40.599998474121094,40.81999969482422,73603173.0,0.0,0.0,0.4664
2026-03-30 00:00:00+05:30,40.0,40.810001373291016,39.099998474121094,39.560001373291016,126591848.0,0.0,0.0,0.2732
2026-04-01 00:00:00+05:30,41.38999938964844,41.59000015258789,40.79999923706055,41.119998931884766,58512083.0,0.0,0.0,0.4487
2026-04-02 00:00:00+05:30,40.5,40.97999954223633,39.77000045776367,40.779998779296875,64825364.0,0.0,0.0,0.1926
2026-04-06 00:00:00+05:30,40.900001525878906,41.72999954223633,39.84000015258789,41.59000015258789,66648727.0,0.0,0.0,0.3887
2026-04-07 00:00:00+05:30,41.290000915527344,41.900001525878906,40.93000030517578,41.54999923706055,39145918.0,0.0,0.0,0.4196
2026-04-08 00:00:00+05:30,43.400001525878906,44.380001068115234,42.630001068115234,44.22999954223633,98803804.0,0.0,0.0,0.1311
2026-04-09 00:00:00+05:30,44.22999954223633,44.560001373291016,43.36000061035156,44.22999954223633,80302508.0,0.0,0.0,0.302
2026-04-10 00:00:00+05:30,44.47999954223633,45.650001525878906,44.380001068115234,45.31999969482422,67332752.0,0.0,0.0,0.1806
2026-04-13 00:00:00+05:30,44.5,46.40999984741211,43.88999938964844,45.86000061035156,132245471.0,0.0,0.0,0.138
2026-04-15 00:00:00+05:30,47.0,49.36000061035156,46.72999954223633,49.130001068115234,215457241.0,0.0,0.0,0.694
2026-04-16 00:00:00+05:30,50.029998779296875,50.529998779296875,49.0099983215332,50.25,161130833.0,0.0,0.0,0.2934
2026-04-17 00:00:00+05:30,50.790000915527344,53.7400016784668,50.56999969482422,52.93000030517578,337159969.0,0.0,0.0,0.5859
2026-04-20 00:00:00+05:30,53.34000015258789,53.45000076293945,51.869998931884766,52.5,153681261.0,0.0,0.0,0.2528
2026-04-21 00:00:00+05:30,52.810001373291016,53.349998474121094,52.2599983215332,53.099998474121094,114713319.0,0.0,0.0,0.5089
2026-04-22 00:00:00+05:30,53.150001525878906,54.70000076293945,52.900001525878906,54.56999969482422,147736421.0,0.0,0.0,0.5561
2026-04-23 00:00:00+05:30,54.5099983215332,55.04999923706055,53.52000045776367,53.72999954223633,114711783.0,0.0,0.0,0.4574
2026-04-24 00:00:00+05:30,53.900001525878906,54.25,52.93000030517578,53.90999984741211,103128445.0,0.0,0.0,0.3829
2026-04-27 00:00:00+05:30,54.2599983215332,57.47999954223633,54.2599983215332,56.93000030517578,215958603.0,0.0,0.0,0.3471
2026-04-28 00:00:00+05:30,57.150001525878906,57.869998931884766,56.900001525878906,57.31999969482422,138320111.0,0.0,0.0,0.3093
2026-04-29 00:00:00+05:30,57.75,58.060001373291016,56.400001525878906,56.810001373291016,127240966.0,0.0,0.0,0.6577
2026-04-30 00:00:00+05:30,56.5,56.5,55.0,55.58000183105469,102354018.0,0.0,0.0,0.5984
2026-05-01 00:00:00+05:30,55.58000183105469,55.58000183105469,55.58000183105469,55.58000183105469,0.0,0.0,0.0,0.679
2026-05-04 00:00:00+05:30,56.20000076293945,56.349998474121094,54.06999969482422,54.959999084472656,103192022.0,0.0,0.0,0.1746
2026-05-05 00:00:00+05:30,54.95000076293945,56.0,54.560001373291016,54.849998474121094,71812106.0,0.0,0.0,0.5385
2026-05-06 00:00:00+05:30,55.290000915527344,55.310001373291016,53.310001373291016,54.31999969482422,90584507.0,0.0,0.0,0.663
2026-05-07 00:00:00+05:30,54.59000015258789,55.869998931884766,53.75,55.650001525878906,98244179.0,0.0,0.0,0.2087
2026-05-08 00:00:00+05:30,55.900001525878906,55.91999816894531,54.56999969482422,54.970001220703125,56797248.0,0.0,0.0,0.1399
2026-05-11 00:00:00+05:30,54.349998474121094,54.43000030517578,53.02000045776367,53.29999923706055,70005148.0,0.0,0.0,0.5447
2026-05-12 00:00:00+05:30,53.0,53.959999084472656,51.310001373291016,51.52000045776367,99265010.0,0.0,0.0,0.4447
2026-05-13 00:00:00+05:30,51.310001373291016,53.7400016784668,51.310001373291016,53.099998474121094,93140759.0,0.0,0.0,0.6051
2026-05-14 00:00:00+05:30,53.40999984741211,53.90999984741211,52.5099983215332,53.470001220703125,70978290.0,0.0,0.0,0.1839
2026-05-15 00:00:00+05:30,53.470001220703125,54.5099983215332,52.97999954223633,53.84000015258789,82878733.0,0.0,0.0,0.5772
2026-05-18 00:00:00+05:30,53.47999954223633,53.47999954223633,52.150001525878906,53.25,77363520.0,0.0,0.0,0.221
2026-05-19 00:00:00+05:30,53.56999969482422,53.83000183105469,52.52000045776367,52.90999984741211,54643439.0,0.0,0.0,0.1982
2026-05-20 00:00:00+05:30,52.54999923706055,52.70000076293945,52.0,52.56999969482422,46459868.0,0.0,0.0,0.1986
2026-05-21 00:00:00+05:30,53.0,53.84000015258789,52.65999984741211,52.869998931884766,55852452.0,0.0,0.0,0.5887
2026-05-22 00:00:00+05:30,53.16999816894531,53.95000076293945,53.0,53.75,60760806.0,0.0,0.0,0.4991
2026-05-25 00:00:00+05:30,54.75,54.900001525878906,53.099998474121094,53.9900016784668,132667695.0,0.0,0.0,0.4138
2026-05-26 00:00:00+05:30,53.63999938964844,55.4900016784668,53.380001068115234,54.58000183105469,173729945.0,0.0,0.0,0.3153
2026-05-27 00:00:00+05:30,54.849998474121094,58.099998474121094,54.41999816894531,57.529998779296875,227745007.0,0.0,0.0,0.6263
2026-05-28 00:00:00+05:30,57.529998779296875,57.529998779296875,57.529998779296875,57.529998779296875,0.0,0.0,0.0,0.3355
2026-05-29 00:00:00+05:30,58.0,58.41999816894531,55.599998474121094,56.9900016784668,221481859.0,0.0,0.0,0.59
2026-06-01 00:00:00+05:30,56.810001373291016,56.900001525878906,53.5,53.93000030517578,153165238.0,0.0,0.0,0.3635
2026-06-02 00:00:00+05:30,,,,,103395195.0,0.0,0.0,0.3262
