Date,Close,Log_Return,Vol_Shock_Ratio,Norm_Spread,Amihud_Ratio,Delivery_Divergence,Volatility_Squeeze,Positive_Streak,Return_Skewness,Gap_Up_Momentum,Volume_Gini_20D,OBV_Acceleration,Max_Drawdown_20D
2023-10-15,19.1500,-0.0283,0.3464,0.0496,0.0000,0.1705,1.8562,0.0000,0.7798,-0.0051,0.6718,1.3805,-0.0783
2023-10-16,18.8000,-0.0184,0.1943,0.0266,0.0000,0.0466,1.8623,0.0000,0.8926,-0.0235,0.6618,1.2106,-0.0612
2023-10-17,18.1000,-0.0379,0.2263,0.0552,0.0000,0.0910,1.9033,0.0000,0.8898,-0.0160,0.6535,1.0581,-0.0249
2023-10-18,20.2000,0.1098,2.2483,0.2054,0.0000,1.4809,2.0474,1.0000,0.7056,-0.0304,0.6507,1.4100,-0.1262
2023-10-19,19.3000,-0.0456,0.5083,0.0959,0.0000,0.2169,2.0593,0.0000,0.9449,0.0000,0.6558,1.1751,-0.0855
2023-10-22,17.9500,-0.0725,0.3306,0.1393,0.0000,0.1312,1.5871,0.0000,1.1454,0.0026,0.6660,1.0033,-0.0167
2023-10-24,17.6500,-0.0169,0.1656,0.0538,0.0000,0.0371,1.3842,0.0000,1.4754,0.0000,0.6796,0.8801,0.0085
2023-10-25,17.8000,0.0085,0.2356,0.0983,0.0000,0.1433,1.3662,1.0000,1.4568,-0.0312,0.6843,0.8358,0.0028
2023-10-26,18.1000,0.0167,0.0550,0.0249,0.0000,0.0141,1.3961,2.0000,1.4076,0.0084,0.6921,0.7633,-0.0138
2023-10-29,18.4500,0.0192,0.0769,0.0298,0.0000,0.0356,1.4124,3.0000,1.3204,0.0221,0.6988,0.6997,-0.0325
2023-10-30,17.8500,-0.0331,0.1240,0.0392,0.0000,0.0325,1.4175,0.0000,1.4915,0.0000,0.7017,0.5992,0.0308
2023-10-31,19.5500,0.0910,1.6715,0.1535,0.0000,1.0114,1.5987,1.0000,1.1635,0.0028,0.6867,0.9241,-0.0588
2023-11-01,19.6000,0.0026,0.1314,0.0485,0.0000,0.0759,1.5493,2.0000,1.1499,0.0205,0.6905,0.9160,-0.0612
2023-11-02,19.2500,-0.0180,0.1343,0.0442,0.0000,0.0581,1.2119,0.0000,1.2766,0.0051,0.6930,0.8827,-0.0494
2023-11-05,19.2000,-0.0026,0.2759,0.0625,0.0000,0.0901,1.1520,0.0000,1.2444,0.0234,0.6863,1.0741,-0.0651
2023-11-06,19.0500,-0.0078,0.1009,0.0341,0.0000,0.0267,0.9306,0.0000,1.1595,0.0000,0.6527,1.0901,-0.0577
2023-11-07,18.8000,-0.0132,0.3841,0.0479,0.0000,0.1254,0.9239,0.0000,1.4812,0.0000,0.5635,0.8961,-0.0452
2023-11-08,19.0000,0.0106,0.3735,0.0368,0.0000,0.0965,0.9253,1.0000,1.4450,0.0053,0.5670,0.9501,-0.0553
2023-11-09,18.7000,-0.0159,0.1992,0.0561,0.0000,0.0553,0.9391,0.0000,1.4534,-0.0289,0.5836,0.7956,-0.0401
2023-11-12,18.8500,0.0080,0.3444,0.0265,0.0000,0.1389,0.9313,1.0000,1.3556,0.0000,0.5910,0.8275,-0.0477
2023-11-14,18.8500,0.0000,0.2706,0.0398,0.0000,0.0843,0.8688,0.0000,1.3012,-0.0080,0.6032,0.7507,-0.0477
2023-11-15,18.9500,0.0053,0.1501,0.0264,0.0000,0.0457,0.2809,1.0000,1.2283,0.0159,0.6202,0.7438,-0.0528
2023-11-16,18.8500,-0.0053,0.4967,0.0186,0.0000,0.1348,0.2758,0.0000,1.2339,0.0000,0.6221,0.4949,-0.0477
2023-11-19,18.6500,-0.0107,0.4191,0.0402,0.0000,0.0743,0.2507,0.0000,0.8803,-0.0080,0.5161,0.3280,-0.0375
2023-11-20,18.4000,-0.0135,0.1724,0.0272,0.0000,0.0647,0.2659,0.0000,0.9933,0.0000,0.5186,0.2203,-0.0245
2023-11-21,19.6500,0.0657,5.8158,0.1603,0.0000,3.5848,0.6507,1.0000,1.9307,0.0082,0.5952,2.1718,-0.0992
2023-11-22,19.5500,-0.0051,0.6165,0.0358,0.0000,0.1806,0.6379,0.0000,1.9553,-0.0127,0.5946,1.7601,-0.0946
2023-11-23,18.9000,-0.0338,0.7393,0.0556,0.0000,0.2706,0.7060,0.0000,1.8174,0.0000,0.5944,1.3672,-0.0635
2023-11-27,19.1500,0.0131,0.7035,0.0862,0.0000,0.4025,0.6979,1.0000,1.8482,-0.0344,0.5766,1.5181,-0.0757
2023-11-28,19.3500,0.0104,2.7660,0.0568,0.0000,2.4717,0.7012,2.0000,1.9251,0.0183,0.5810,2.3863,-0.0853
2023-11-29,18.7500,-0.0315,1.0916,0.0800,0.0000,0.5542,0.7565,0.0000,1.9487,0.0181,0.5746,1.7892,-0.0560
2023-11-30,18.4000,-0.0188,1.1651,0.0462,0.0000,0.4002,0.7709,0.0000,1.7450,0.0053,0.5152,1.2203,-0.0380
2023-12-03,18.4000,0.0000,1.4013,0.0326,0.0000,0.5321,0.7775,0.0000,1.7716,0.0027,0.5110,1.1163,-0.0380
2023-12-04,18.3000,-0.0054,0.4451,0.0301,0.0000,0.1582,0.7775,0.0000,1.7660,-0.0054,0.5123,0.8742,-0.0328
2023-12-05,17.9500,-0.0193,1.0089,0.0446,0.0000,0.1888,0.7849,0.0000,1.7844,0.0191,0.5122,0.4545,-0.0139
2023-12-06,18.3500,0.0220,0.5555,0.0300,0.0000,0.1486,0.5152,1.0000,1.4771,0.0139,0.4970,0.5900,-0.0354
2023-12-07,18.2500,-0.0055,0.2940,0.0411,0.0000,0.0911,0.5159,0.0000,1.4554,0.0163,0.5105,0.4141,-0.0301
2023-12-10,18.2000,-0.0027,0.7158,0.0330,0.0000,0.2690,0.4471,0.0000,1.5880,-0.0192,0.5067,0.0824,-0.0275
2023-12-11,17.9500,-0.0138,1.5101,0.0808,0.0000,1.0767,0.4226,0.0000,1.5926,0.0137,0.4914,-0.6127,-0.0139
2023-12-12,18.0500,0.0056,0.5648,0.0360,0.0000,0.3839,0.4089,1.0000,1.6204,0.0000,0.4860,-0.4189,-0.0194
2023-12-13,18.4000,0.0192,0.5983,0.0272,0.0000,0.0825,0.3904,2.0000,1.4123,0.0222,0.4738,-0.2071,-0.0380
2023-12-14,18.2000,-0.0109,0.2861,0.0330,0.0000,0.0746,0.3672,0.0000,1.5207,-0.0109,0.4665,-0.4107,-0.0275
2023-12-17,18.0500,-0.0083,0.7969,0.0277,0.0000,0.2019,0.3726,0.0000,1.5352,0.0165,0.4629,-0.9185,-0.0194
2023-12-18,18.2000,0.0083,0.3462,0.0192,0.0000,0.0879,0.3815,1.0000,1.3955,0.0028,0.4612,-0.8814,-0.0275
2023-12-19,17.9500,-0.0138,0.2593,0.0306,0.0000,0.0595,0.3613,0.0000,1.3952,0.0055,0.4511,-1.2749,-0.0139
2023-12-20,17.7000,-0.0140,1.0276,0.0339,0.0000,0.2101,0.3087,0.0000,-0.0044,-0.0306,0.3402,-1.6128,0.0056
2023-12-21,18.0000,0.0168,0.4871,0.0500,0.0000,0.0982,0.3541,1.0000,-0.0799,0.0226,0.3480,-1.2233,-0.0111
2023-12-25,18.0000,0.0000,0.8312,0.0389,0.0000,0.3793,0.3541,0.0000,0.0092,0.0056,0.3479,-1.1157,-0.0111
2023-12-26,18.1500,0.0083,0.3926,0.0248,0.0000,0.0670,0.3393,1.0000,0.0144,0.0139,0.3626,-0.8462,-0.0193
2023-12-27,18.0500,-0.0055,0.4471,0.0222,0.0000,0.1366,0.3431,0.0000,0.1575,0.0083,0.3013,-0.9952,-0.0139
2023-12-28,17.8000,-0.0139,0.3507,0.0309,0.0000,0.1116,0.3066,0.0000,0.6089,-0.0194,0.3108,-1.0940,0.0056
2023-12-31,17.9000,0.0056,0.2561,0.0251,0.0000,0.0307,0.3072,1.0000,0.5093,-0.0084,0.3293,-0.9085,0.0000
2024-01-01,17.9000,0.0000,0.4059,0.0140,0.0000,0.0095,0.3019,0.0000,0.5093,0.0000,0.3219,-0.8523,0.0000
2024-01-02,17.9000,0.0000,0.6866,0.0251,0.0000,0.1691,0.2893,0.0000,0.4403,0.0168,0.3240,-0.7970,0.0447
2024-01-03,19.1000,0.0649,9.0797,0.1335,0.0000,4.4890,0.6242,1.0000,2.1285,0.0000,0.5707,3.7057,-0.0209
2024-01-04,19.1000,0.0000,1.7140,0.0733,0.0000,0.4847,0.5973,0.0000,2.4657,0.0524,0.5753,2.7755,-0.0209
2024-01-07,18.8000,-0.0158,1.5703,0.0931,0.0000,0.6427,0.6228,0.0000,2.3595,0.0026,0.5651,1.8538,-0.0053
2024-01-08,18.7000,-0.0053,1.4545,0.0455,0.0000,0.3645,0.6448,0.0000,2.3650,0.0106,0.5628,1.1794,0.0134
2024-01-09,18.9500,0.0133,0.7499,0.0343,0.0000,0.2304,0.6555,1.0000,2.2381,-0.0053,0.5643,1.2982,0.0053
2024-01-10,20.6000,0.0835,4.9245,0.0971,0.0000,1.8201,0.9316,2.0000,2.1265,0.0158,0.6134,2.6156,-0.0752
2024-01-11,20.1500,-0.0221,2.6648,0.0571,0.0000,0.6793,0.9520,0.0000,2.1655,0.0146,0.6167,1.3870,-0.0546
2024-01-14,20.1500,0.0000,0.0000,0.0000,0.0000,0.0000,0.9578,0.0000,2.1649,0.0000,0.6319,1.2461,-0.0546
2024-01-15,19.3500,-0.0405,0.7089,0.0543,0.0000,0.2146,1.0535,0.0000,1.7066,0.0025,0.6302,0.8982,-0.0155
2024-01-16,19.0500,-0.0156,0.8008,0.0367,0.0000,0.3163,1.0706,0.0000,1.7766,-0.0078,0.6160,0.5432,0.0210
2024-01-17,20.1500,0.0561,0.8603,0.0993,0.0000,0.5307,1.0205,1.0000,1.3737,0.0000,0.5959,0.7881,-0.0347
2024-01-18,19.4500,-0.0354,0.6766,0.0746,0.0000,0.3251,1.0732,0.0000,1.2299,0.0000,0.5929,0.4601,0.0077
2024-01-22,19.6000,0.0077,1.2745,0.0714,0.0000,0.2562,1.0614,1.0000,1.2895,0.0514,0.5742,0.8969,0.0128
2024-01-23,19.8500,0.0127,0.6624,0.0781,0.0000,0.3369,1.0590,2.0000,1.2184,0.0612,0.5657,1.0710,0.1083
2024-01-24,23.4000,0.1645,7.2618,0.1816,0.0000,3.5626,1.5669,3.0000,2.0229,0.0151,0.6497,3.4394,-0.0598
2024-01-28,24.7000,0.0541,11.7248,0.1984,0.0000,8.4618,1.4920,4.0000,1.7741,0.1154,0.7878,4.0825,-0.1093
2024-01-29,25.5000,0.0319,0.9468,0.0843,0.0000,0.5223,1.4553,5.0000,1.6747,0.0061,0.7656,2.9699,-0.1373
2024-01-30,23.8500,-0.0669,0.4882,0.1027,0.0000,0.1811,1.5854,0.0000,1.3175,-0.0020,0.7468,2.2880,-0.0776
2024-01-31,24.0500,0.0084,0.3386,0.0832,0.0000,0.1511,1.5172,1.0000,1.2984,0.0461,0.7309,1.9729,-0.1268
2024-02-01,22.2500,-0.0778,0.4768,0.1326,0.0000,0.2039,1.6453,0.0000,0.9978,-0.0125,0.7124,1.6456,-0.1034
2024-02-04,22.0000,-0.0113,0.3133,0.0364,0.0000,0.1114,1.6455,0.0000,1.2455,0.0157,0.7204,1.4163,-0.1818
2024-02-05,25.2000,0.1358,1.0526,0.1627,0.0000,0.6435,1.7985,1.0000,1.0338,0.0136,0.7096,1.4013,-0.3214
2024-02-06,26.7500,0.0597,1.3613,0.0879,0.0000,0.5414,1.8459,2.0000,0.8394,0.0060,0.6966,1.4309,-0.3925
2024-02-07,25.6500,-0.0420,0.6001,0.1189,0.0000,0.2182,1.9111,0.0000,0.8400,0.0093,0.6845,1.2042,-0.3665
2024-02-08,25.1000,-0.0217,0.1624,0.0458,0.0000,0.0412,1.5396,0.0000,0.8979,0.0000,0.6802,1.0661,-0.3526
2024-02-11,30.1000,0.1817,2.3185,0.2010,0.0000,1.1326,1.8348,1.0000,1.0609,0.0299,0.6828,1.2901,-0.4635
2024-02-12,28.9000,-0.0407,1.8577,0.2076,0.0000,0.9916,1.8698,0.0000,1.0526,0.0565,0.6734,0.8829,-0.4689
2024-02-13,31.5000,0.0861,1.5349,0.1460,0.0000,0.7522,1.7966,1.0000,0.8459,0.0069,0.6387,1.0598,-0.5127
2024-02-14,32.4500,0.0297,1.6458,0.1510,0.0000,0.8160,1.7888,2.0000,0.7755,0.0000,0.6098,1.2668,-0.5347
2024-02-15,32.4000,-0.0015,0.6444,0.0525,0.0000,0.2757,1.6275,0.0000,0.7624,0.0000,0.5902,1.0382,-0.5417
2024-02-18,30.9500,-0.0458,0.1915,0.0840,0.0000,0.0819,1.6885,0.0000,0.8921,-0.0139,0.5862,0.9185,-0.5202
2024-02-19,29.7500,-0.0395,0.1596,0.0874,0.0000,0.0683,1.6470,0.0000,0.8889,0.0016,0.5821,0.8198,-0.5008
2024-02-20,28.4500,-0.0447,0.1004,0.0931,0.0000,0.0430,1.6682,0.0000,0.9166,0.0000,0.5885,0.7512,-0.4780
2024-02-21,27.0500,-0.0505,0.1667,0.0795,0.0000,0.0713,1.6837,0.0000,0.9561,-0.0492,0.5843,0.7033,-0.4510
2024-02-22,25.7000,-0.0512,0.0972,0.0000,0.0000,0.0416,1.7095,0.0000,1.1817,-0.0499,0.6129,0.7749,-0.4222
2024-02-25,24.4500,-0.0499,0.1004,0.0000,0.0000,0.0430,1.0093,0.0000,1.3820,-0.0486,0.5020,0.6565,-0.3926
2024-02-26,23.2500,-0.0503,0.1204,0.0000,0.0000,0.0515,1.0167,0.0000,1.5267,-0.0491,0.5280,0.5384,-0.3677
2024-02-27,22.1000,-0.0507,0.1132,0.0000,0.0000,0.0484,0.5952,0.0000,1.5573,-0.0495,0.5462,0.4207,-0.3348
2024-02-28,21.0000,-0.0511,0.1971,0.0000,0.0000,0.0843,0.3301,0.0000,1.6329,-0.0498,0.5543,0.2676,-0.3000
2024-02-29,19.9500,-0.0513,0.1373,0.0000,0.0000,0.0588,0.0870,0.0000,1.7016,-0.0500,0.5691,0.1209,-0.2632
2024-03-03,18.0000,-0.1029,0.2489,0.0472,0.0000,0.1065,0.3804,0.0000,1.5436,-0.0977,0.5732,-0.1262,-0.1833
2024-03-04,17.1000,-0.0513,0.1661,0.0000,0.0000,0.0711,0.3675,0.0000,2.0030,-0.0500,0.5945,-0.3433,-0.1404
2024-03-05,16.2500,-0.0510,0.1521,0.0000,0.0000,0.0651,0.3581,0.0000,2.4207,-0.0497,0.6156,-0.4848,-0.0954
2024-03-06,17.0500,0.0481,0.5947,0.0938,0.0000,0.2545,0.7979,1.0000,2.0584,-0.0492,0.6188,-0.2761,-0.1378
2024-03-10,17.0000,-0.0029,0.2810,0.0882,0.0000,0.1202,0.8493,0.0000,1.9992,0.0000,0.6183,-0.6443,-0.1353
2024-03-11,16.1500,-0.0513,0.2688,0.0526,0.0000,0.1150,0.8454,0.0000,1.4281,-0.0029,0.6134,-0.7461,-0.0898
2024-03-12,15.3500,-0.0508,0.3676,0.0749,0.0000,0.1573,0.8425,0.0000,1.4447,-0.0495,0.5924,-1.1593,-0.0423
2024-03-13,15.4000,0.0033,0.4616,0.0779,0.0000,0.1975,0.9110,1.0000,0.9668,-0.0098,0.5384,-0.9170,-0.0455
2024-03-14,15.1000,-0.0197,0.5857,0.0894,0.0000,0.2506,0.9089,0.0000,1.0352,0.0000,0.3547,-1.1098,-0.0265
2024-03-17,14.8500,-0.0167,0.3532,0.0707,0.0000,0.1511,0.9034,0.0000,1.1163,-0.0464,0.2508,-1.1564,-0.0101
2024-03-18,15.3500,0.0331,0.3733,0.0358,0.0000,0.1597,0.7972,1.0000,0.9365,0.0303,0.2555,-1.0089,-0.0423
2024-03-19,15.7500,0.0257,0.3926,0.0413,0.0000,0.1680,0.7920,2.0000,0.7218,0.0000,0.2644,-0.8448,-0.0667
2024-03-20,15.7000,-0.0032,0.6358,0.0892,0.0000,0.2720,0.7214,0.0000,0.5410,0.0476,0.2727,-0.9965,-0.0637
2024-03-21,15.9000,0.0127,0.3753,0.0818,0.0000,0.1606,0.6223,1.0000,0.3198,0.0064,0.2751,-0.8160,-0.0755
2024-03-25,15.7000,-0.0127,0.4888,0.0382,0.0000,0.2092,0.6227,0.0000,0.1768,0.0000,0.2896,-0.9299,-0.0637
2024-03-26,15.0000,-0.0456,1.0983,0.0567,0.0000,0.4700,0.5999,0.0000,0.1674,0.0000,0.2840,-1.3157,-0.0200
2024-03-27,14.7000,-0.0202,0.3412,0.0578,0.0000,0.1460,0.5144,0.0000,0.0585,0.0000,0.3031,-1.4192,0.0374
2024-03-31,15.4000,0.0465,0.5227,0.0455,0.0000,0.2236,0.6181,1.0000,-0.0245,0.0000,0.3106,-1.1524,-0.0097
2024-04-01,15.9500,0.0351,0.3149,0.0094,0.0000,0.1347,0.6382,2.0000,-0.2142,0.0292,0.3326,-0.9475,-0.0439
2024-04-02,16.6000,0.0399,0.5931,0.0452,0.0000,0.2538,0.6503,3.0000,-0.3998,0.0000,0.3401,-0.5350,-0.0934
2024-04-03,16.9000,0.0179,0.5944,0.0828,0.0000,0.2543,0.6318,4.0000,-0.0715,0.0241,0.3384,-0.0808,-0.1243
2024-04-04,17.1500,0.0147,0.5686,0.0175,0.0000,0.2433,0.6287,5.0000,-0.2280,0.0059,0.3454,0.3317,-0.1399
2024-04-07,17.0500,-0.0058,0.6373,0.0674,0.0000,0.2727,0.6315,0.0000,-0.2608,0.0204,0.3484,-0.0678,-0.1525
2024-04-08,16.7000,-0.0207,0.2116,0.0000,0.0000,0.0906,0.6611,0.0000,-0.1598,-0.0205,0.2929,-0.0397,-0.1377
2024-04-09,16.4000,-0.0181,0.1800,0.0183,0.0000,0.0770,0.6696,0.0000,-0.0816,-0.0180,0.2999,-0.0318,-0.1372
2024-04-11,16.1000,-0.0185,0.4087,0.0186,0.0000,0.1749,0.5844,0.0000,0.0242,-0.0183,0.3060,-0.2586,-0.1211
2024-04-14,15.9000,-0.0125,0.0956,0.0126,0.0000,0.0409,0.5690,0.0000,0.2489,-0.0124,0.3192,-0.3047,-0.1101
2024-04-15,15.8500,-0.0031,0.1805,0.0063,0.0000,0.0772,0.4893,0.0000,0.2902,-0.0031,0.3215,-0.3405,-0.1073
2024-04-17,15.5500,-0.0191,0.2110,0.0193,0.0000,0.0903,0.4414,0.0000,0.2900,-0.0189,0.3282,-0.4236,-0.0900
2024-04-18,15.3000,-0.0162,0.3042,0.0000,0.0000,0.1302,0.3063,0.0000,0.2892,-0.0161,0.3557,-0.5798,-0.0752
2024-04-21,15.5000,0.0130,0.1671,0.0194,0.0000,0.0715,0.2857,1.0000,0.3387,0.0131,0.3894,-0.4245,-0.0871
2024-04-22,15.3500,-0.0097,0.0741,0.0130,0.0000,0.0317,0.2243,0.0000,0.5426,-0.0097,0.4279,-0.3907,-0.0782
2024-04-23,15.3500,0.0000,0.4807,0.0033,0.0000,0.2057,0.2348,0.0000,0.5203,0.0000,0.4353,-0.3467,-0.0782
2024-04-24,15.3500,0.0000,0.3582,0.0033,0.0000,0.1533,0.2306,0.0000,0.6138,0.0000,0.4545,-0.2787,-0.0782
2024-04-25,15.3000,-0.0033,0.2705,0.0000,0.0000,0.1158,0.2203,0.0000,0.5632,-0.0033,0.4783,-0.3736,-0.0752
2024-04-28,15.2500,-0.0033,0.4347,0.0033,0.0000,0.1860,0.2027,0.0000,1.0213,-0.0033,0.4335,-0.6429,-0.0721
2024-04-29,15.2500,0.0000,0.5906,0.0000,0.0000,0.2527,0.1982,0.0000,1.0143,0.0000,0.4397,-0.8584,-0.0721
2024-05-01,15.5500,0.0195,0.4040,0.0193,0.0000,0.1729,0.2564,1.0000,0.8568,0.0197,0.4438,-0.7790,-0.0900
2024-05-02,15.3500,-0.0129,0.7159,0.0358,0.0000,0.3063,0.2375,0.0000,1.0475,-0.0129,0.4424,-1.1129,-0.0782
2024-05-05,15.0500,-0.0197,0.9989,0.0000,0.0000,0.4274,0.2499,0.0000,0.6016,-0.0195,0.4174,-1.3667,-0.0598
2024-05-06,14.8000,-0.0168,0.8636,0.0034,0.0000,0.3696,0.2419,0.0000,0.7822,-0.0166,0.3790,-1.5090,-0.0439
2024-05-07,14.7500,-0.0034,0.2454,0.0034,0.0000,0.1050,0.2389,0.0000,0.8793,-0.0034,0.3513,-1.6620,-0.0407
2024-05-08,14.4500,-0.0205,0.5825,0.0208,0.0000,0.2492,0.2615,0.0000,0.9253,-0.0203,0.2606,-1.7310,-0.0208
2024-05-09,14.4000,-0.0035,0.8305,0.0035,0.0000,0.3554,0.2584,0.0000,0.8428,-0.0035,0.2610,-1.8351,-0.0174
2024-05-12,14.1500,-0.0175,2.9748,0.0495,0.0000,1.2729,0.2677,0.0000,0.8493,-0.0139,0.3165,-2.4326,0.0177
2024-05-13,14.8500,0.0483,1.6322,0.0909,0.0000,0.6984,0.4672,1.0000,1.9125,-0.0459,0.3035,-1.7028,-0.0303
2024-05-14,15.5500,0.0461,1.2793,0.0900,0.0000,0.5474,0.5708,2.0000,1.5729,0.0471,0.2869,-1.1807,-0.0740
2024-05-15,16.3000,0.0471,4.6235,0.0460,0.0000,1.9784,0.6368,3.0000,1.2705,0.0418,0.3930,0.7501,-0.1166
2024-05-16,16.2000,-0.0062,3.1275,0.0895,0.0000,1.3382,0.6288,0.0000,1.2958,0.0399,0.4295,-0.6807,-0.1111
2024-05-20,15.9500,-0.0156,1.2221,0.1003,0.0000,0.5229,0.6206,0.0000,1.2993,-0.0123,0.4289,-1.1721,-0.0972
2024-05-21,15.1500,-0.0515,5.2422,0.0594,0.0000,2.2431,0.7239,0.0000,0.7396,0.0000,0.5090,-3.1059,-0.0495
2024-05-22,14.8500,-0.0200,1.4984,0.0808,0.0000,0.6412,0.7386,0.0000,0.7598,0.0000,0.4834,-2.8030,-0.0303
2024-05-23,15.0000,0.0101,1.1690,0.0367,0.0000,0.5002,0.7228,1.0000,0.6870,0.0101,0.4805,-1.9699,-0.0400
2024-05-26,15.5000,0.0328,0.6794,0.0323,0.0000,0.2907,0.7433,2.0000,0.5204,0.0000,0.4731,-1.5200,-0.0710
2024-05-27,15.2000,-0.0195,0.6292,0.0493,0.0000,0.2692,0.7468,0.0000,0.5762,-0.0194,0.4591,-1.5455,-0.0526
2024-05-28,15.1500,-0.0033,0.4038,0.0429,0.0000,0.1728,0.6948,0.0000,0.5763,0.0000,0.4584,-1.4941,-0.0495
2024-05-29,14.8000,-0.0234,1.2812,0.0811,0.0000,0.5482,0.6239,0.0000,0.6533,0.0000,0.4503,-1.6973,-0.0270
2024-05-30,14.8500,0.0034,0.7303,0.0808,0.0000,0.3125,0.4905,1.0000,0.7570,0.0000,0.4334,-1.3082,-0.0303
2024-06-02,14.4500,-0.0273,1.6455,0.0969,0.0000,0.7041,0.5058,0.0000,0.7632,0.0000,0.4277,-1.6710,-0.0035
2024-06-03,14.4000,-0.0035,1.0247,0.0833,0.0000,0.4385,0.5077,0.0000,0.7009,0.0104,0.4203,-1.7655,0.0208
2024-06-04,14.7000,0.0206,1.0556,0.0646,0.0000,0.4517,0.4403,1.0000,0.4972,-0.0139,0.4048,-1.2626,0.0449
2024-06-05,15.4000,0.0465,1.7100,0.0422,0.0000,0.7317,0.5329,2.0000,0.3622,0.0034,0.3768,-0.5635,-0.0026
2024-06-06,16.0500,0.0413,2.0266,0.0187,0.0000,0.8672,0.5906,3.0000,0.1470,0.0487,0.3618,0.3328,-0.0430
2024-06-09,15.9900,-0.0037,0.7769,0.0450,0.0000,0.3324,0.5588,0.0000,0.1484,0.0000,0.3372,0.0492,-0.0394
2024-06-10,16.3900,0.0247,0.7457,0.0946,0.0000,0.3191,0.5921,1.0000,-0.0433,0.0006,0.3397,0.4187,-0.0628
2024-06-11,16.1600,-0.0141,1.2457,0.0569,0.0000,0.5330,0.6160,0.0000,0.1180,0.0061,0.3275,-0.1217,-0.0495
2024-06-12,15.5800,-0.0366,1.5010,0.0546,0.0000,0.6423,0.6633,0.0000,0.2428,-0.0099,0.3123,-0.8317,-0.0141
2024-06-13,15.7200,0.0089,0.4456,0.0464,0.0000,0.1907,0.6715,1.0000,0.2055,0.0000,0.3214,-0.5444,-0.0229
2024-06-17,16.0500,0.0208,0.8410,0.0592,0.0000,0.3599,0.6157,2.0000,0.0614,0.0274,0.3206,0.1060,-0.0430
2024-06-18,15.9400,-0.0069,0.5816,0.0471,0.0000,0.2489,0.6325,0.0000,0.0178,0.0000,0.3191,-0.2214,-0.0364
2024-06-19,15.4000,-0.0345,0.7421,0.0481,0.0000,0.3175,0.7089,0.0000,0.2811,-0.0025,0.2641,-0.7432,-0.0026
2024-06-20,15.3600,-0.0026,1.1821,0.0801,0.0000,0.5058,0.6563,0.0000,0.2151,0.0325,0.2651,-1.5142,-0.0033
2024-06-23,15.9000,0.0346,1.0829,0.0560,0.0000,0.4634,0.6315,1.0000,0.1551,-0.0202,0.2642,-0.6355,-0.0371
2024-06-24,15.9200,0.0013,0.8236,0.0503,0.0000,0.3524,0.6344,2.0000,0.2825,0.0000,0.2518,0.0377,-0.0383
2024-06-25,16.0000,0.0050,0.8214,0.0650,0.0000,0.3515,0.5935,3.0000,0.1679,0.0295,0.2364,0.6808,-0.0431
2024-06-26,15.9900,-0.0006,0.4936,0.0557,0.0000,0.2112,0.6881,0.0000,0.1504,0.0000,0.2244,0.2882,-0.0425
2024-06-27,16.2300,0.0149,0.7231,0.0481,0.0000,0.3094,0.5798,1.0000,-0.0198,-0.0231,0.2285,0.7847,-0.0567
2024-06-30,15.9600,-0.0168,0.2837,0.0257,0.0000,0.1214,0.6438,0.0000,0.0804,0.0000,0.2450,0.5308,-0.0407
2024-07-01,15.6100,-0.0222,0.7907,0.0320,0.0000,0.3383,0.6492,0.0000,0.1056,0.0000,0.2424,-0.1130,-0.0192
2024-07-02,15.8100,0.0127,0.7181,0.0493,0.0000,0.3073,0.6651,1.0000,-0.0062,0.0493,0.2469,0.3524,-0.0316
2024-07-03,16.2400,0.0268,1.4045,0.0585,0.0000,0.6010,0.5928,2.0000,-0.0191,0.0120,0.2521,1.4302,-0.0573
2024-07-04,15.8300,-0.0256,0.7648,0.0423,0.0000,0.3273,0.6782,0.0000,-0.0132,0.0111,0.2426,0.7335,-0.0328
2024-07-07,15.7400,-0.0057,1.7412,0.0915,0.0000,0.7451,0.5746,0.0000,-0.0877,0.0284,0.2217,-0.5804,-0.0394
2024-07-08,15.7700,0.0019,0.3953,0.0368,0.0000,0.1692,0.5821,1.0000,-0.1343,-0.0184,0.2430,-0.1879,-0.0412
2024-07-09,15.8300,0.0038,0.5216,0.0284,0.0000,0.2232,0.5884,2.0000,-0.1057,-0.0235,0.2566,0.3887,-0.0449
2024-07-10,15.7400,-0.0057,1.7688,0.0464,0.0000,0.7569,0.5988,0.0000,-0.1672,0.0032,0.2605,-1.1910,-0.0394
2024-07-11,15.5500,-0.0121,0.4051,0.0534,0.0000,0.1733,0.5795,0.0000,0.0189,0.0159,0.2567,-1.4671,-0.0277
2024-07-14,15.8500,0.0191,0.5386,0.0492,0.0000,0.2305,0.6182,1.0000,-0.0118,0.0174,0.2606,-0.9673,-0.0498
2024-07-15,15.6500,-0.0127,0.8739,0.0377,0.0000,0.3739,0.5879,0.0000,0.1900,-0.0032,0.2608,-1.4759,-0.0435
2024-07-17,15.4500,-0.0129,0.5348,0.0356,0.0000,0.2288,0.5918,0.0000,0.2270,0.0032,0.2708,-1.6446,-0.0440
2024-07-18,15.6300,0.0116,0.2885,0.0224,0.0000,0.1234,0.5381,1.0000,0.3676,-0.0097,0.2962,-1.3457,-0.0550
2024-07-21,15.3100,-0.0207,0.5799,0.0320,0.0000,0.2481,0.5145,0.0000,0.3796,0.0102,0.3002,-1.6573,-0.0353
2024-07-22,15.5500,0.0156,0.2957,0.0225,0.0000,0.1265,0.5819,1.0000,0.0679,0.0013,0.3186,-1.3769,-0.0502
2024-07-23,15.5000,-0.0032,0.5390,0.0555,0.0000,0.2307,0.5950,0.0000,0.1174,-0.0283,0.3282,-1.4683,-0.0471
2024-07-24,15.6500,0.0096,0.2772,0.0128,0.0000,0.1186,0.6110,1.0000,0.0813,0.0129,0.3501,-1.2055,-0.0562
2024-07-25,15.5400,-0.0071,0.9446,0.0444,0.0000,0.4042,0.6306,0.0000,0.1475,0.0026,0.3489,-1.4464,-0.0495
2024-07-28,15.5500,0.0006,0.7826,0.0540,0.0000,0.3349,0.6254,1.0000,0.2442,-0.0315,0.3511,-1.0127,-0.0502
2024-07-29,15.7000,0.0096,1.1045,0.0274,0.0000,0.4726,0.5689,2.0000,0.0415,0.0277,0.3380,-0.4553,-0.0592
2024-07-30,15.6300,-0.0045,0.7926,0.0371,0.0000,0.3392,0.5431,0.0000,0.0569,-0.0178,0.3385,-0.7323,-0.0550
2024-07-31,15.9400,0.0196,0.8703,0.0301,0.0000,0.3724,0.5691,1.0000,0.0854,0.0173,0.3387,-0.2815,-0.0734
2024-08-01,15.9300,-0.0006,0.2866,0.0383,0.0000,0.1226,0.5609,0.0000,-0.0569,-0.0207,0.3367,-0.3139,-0.0728
2024-08-04,15.6000,-0.0209,1.4596,0.0564,0.0000,0.6245,0.5648,0.0000,0.0991,-0.0019,0.3394,-1.0615,-0.0532
2024-08-05,15.1200,-0.0313,0.9954,0.0628,0.0000,0.4260,0.6912,0.0000,-0.2413,0.0224,0.2898,-1.4619,-0.0231
2024-08-06,15.1500,0.0020,1.0332,0.0554,0.0000,0.4421,0.6961,1.0000,-0.2421,-0.0079,0.2838,-0.8206,-0.0251
2024-08-07,15.2400,0.0059,0.4064,0.0243,0.0000,0.1739,0.6837,2.0000,-0.2582,0.0000,0.3028,-0.5542,-0.0308
2024-08-08,15.6000,0.0233,0.7068,0.0513,0.0000,0.3024,0.7923,3.0000,-0.2525,0.0000,0.2418,0.0837,-0.0532
2024-08-11,15.2100,-0.0253,0.9901,0.0408,0.0000,0.4236,0.8788,0.0000,-0.2802,-0.0372,0.2362,-0.6812,-0.0289
2024-08-12,15.0600,-0.0099,1.1079,0.0644,0.0000,0.4741,0.8851,0.0000,-0.1463,-0.0197,0.2353,-1.6634,-0.0193
2024-08-13,14.9700,-0.0060,0.4666,0.0234,0.0000,0.1997,0.9005,0.0000,-0.2082,-0.0239,0.2434,-1.8474,-0.0134
2024-08-15,14.7700,-0.0135,1.1973,0.0305,0.0000,0.5123,0.8220,0.0000,-0.2044,0.0000,0.2420,-2.3387,0.0122
2024-08-18,14.9800,0.0141,1.3363,0.0367,0.0000,0.5718,0.8906,1.0000,-0.1979,0.0068,0.2288,-1.1342,-0.0020
2024-08-19,14.9500,-0.0020,1.3047,0.0796,0.0000,0.5583,0.8549,0.0000,-0.3181,0.0080,0.2280,-1.8708,0.0100
2024-08-20,15.1000,0.0100,0.9251,0.0430,0.0000,0.3959,0.7272,1.0000,-0.3391,0.0033,0.2115,-1.0568,0.0093
2024-08-21,15.2400,0.0092,0.5215,0.0630,0.0000,0.2231,0.7453,2.0000,-0.4457,0.0000,0.2216,-0.6195,0.0033
2024-08-22,15.2900,0.0033,0.4112,0.0314,0.0000,0.1760,0.7441,3.0000,-0.4097,0.0007,0.2206,-0.2744,0.0144
2024-08-25,16.8100,0.0948,10.2632,0.1047,0.0000,2.5186,1.5069,4.0000,2.3107,-0.0157,0.5675,4.0536,-0.0773
2024-08-26,16.2900,-0.0314,6.7584,0.1222,0.0000,2.2161,1.5249,0.0000,2.0832,0.0262,0.6540,-0.1502,-0.0479
2024-08-27,15.9200,-0.0230,1.9961,0.0452,0.0000,0.3849,1.5590,0.0000,2.1185,-0.0086,0.6607,-1.3346,-0.0258
2024-08-28,16.5400,0.0382,1.2129,0.0478,0.0000,0.3657,1.5924,1.0000,1.7435,0.0226,0.6583,-0.4890,-0.0623
2024-08-29,16.3700,-0.0103,0.6809,0.0544,0.0000,0.2057,1.5858,0.0000,1.9276,0.0218,0.6554,-0.8660,-0.0525
2024-09-01,15.7200,-0.0405,0.9412,0.0929,0.0000,0.4435,1.7076,0.0000,1.7147,0.0202,0.6358,-1.3536,-0.0134
2024-09-02,15.9400,0.0139,0.3572,0.0540,0.0000,0.1024,1.7067,1.0000,1.5845,-0.0051,0.6389,-1.0281,-0.0270
2024-09-03,15.8300,-0.0069,0.6651,0.0733,0.0000,0.2964,1.7142,0.0000,1.6797,0.0339,0.6334,-1.3180,-0.0202
2024-09-04,16.0300,0.0126,1.7461,0.0692,0.0000,0.8182,1.7140,1.0000,1.6056,0.0171,0.6254,-0.1472,-0.0324
2024-09-05,15.6000,-0.0272,0.7941,0.0673,0.0000,0.2326,1.7574,0.0000,1.6122,0.0062,0.6048,-0.6332,-0.0058
2024-09-08,15.5100,-0.0058,0.5519,0.0484,0.0000,0.2262,1.0460,0.0000,1.8251,-0.0064,0.5903,-0.9224,0.0077
2024-09-09,15.6300,0.0077,0.2383,0.0358,0.0000,0.0999,0.9994,1.0000,1.7823,0.0303,0.5911,-0.6965,0.0301
2024-09-10,16.3200,0.0432,2.9371,0.0509,0.0000,1.3305,1.1231,2.0000,1.4215,0.0224,0.5890,1.4314,-0.0135
2024-09-11,16.1000,-0.0136,2.4262,0.1019,0.0000,1.2379,1.0006,0.0000,1.4285,-0.0257,0.5666,-0.5418,0.0106
2024-09-12,16.4500,0.0215,0.5170,0.0377,0.0000,0.0940,1.0426,1.0000,1.2621,0.0199,0.5553,-0.1062,-0.0109
2024-09-15,16.3400,-0.0067,0.3907,0.0563,0.0000,0.1863,0.8595,0.0000,1.3666,0.0322,0.5490,-0.4026,-0.0043
2024-09-16,16.5200,0.0110,0.4209,0.0466,0.0000,0.2409,0.8528,1.0000,1.2968,0.0000,0.5406,-0.0445,-0.0151
2024-09-17,16.2700,-0.0152,0.3014,0.0191,0.0000,0.1335,0.8823,0.0000,1.3788,0.0000,0.5338,-0.2776,0.0037
2024-09-18,16.3300,0.0037,0.8202,0.0202,0.0000,0.1022,0.8705,1.0000,1.4125,0.0104,0.5079,0.4343,0.0239
2024-09-19,16.7200,0.0236,1.0039,0.0706,0.0000,0.2245,0.7926,2.0000,1.2738,-0.0380,0.4775,1.2522,0.0078
2024-09-22,18.3400,0.0925,5.6938,0.0998,0.0000,3.1487,1.2952,3.0000,1.2176,0.0108,0.5412,3.9616,-0.0916
2024-09-23,20.1100,0.0921,11.2639,0.1208,0.0000,8.1494,1.5175,4.0000,1.1919,-0.0011,0.7341,4.1078,-0.1760
2024-09-24,20.4200,0.0153,2.6734,0.0921,0.0000,1.3220,1.5240,5.0000,1.1564,0.0000,0.7317,3.1642,-0.2302
2024-09-25,18.7600,-0.0848,0.7627,0.1194,0.0000,0.2631,1.8714,0.0000,0.3782,-0.0054,0.7229,2.3572,-0.1946
2024-09-26,17.6300,-0.0621,0.8814,0.1316,0.0000,0.5116,2.0138,0.0000,0.2735,0.0000,0.7066,1.8560,-0.1526
2024-09-29,17.3400,-0.0166,0.5996,0.0963,0.0000,0.2990,2.0627,0.0000,0.2610,0.0210,0.6952,1.5348,-0.1384
2024-09-30,17.4300,0.0052,0.4478,0.0298,0.0000,0.1187,2.0687,1.0000,0.2964,0.0294,0.6787,1.4291,-0.1429
2024-10-02,17.5600,0.0074,0.3366,0.0792,0.0000,0.1150,2.0524,2.0000,0.2417,-0.0470,0.6695,1.3258,-0.1492
2024-10-03,17.6000,0.0023,0.1830,0.0437,0.0000,0.0525,2.0679,3.0000,0.2833,-0.0091,0.6782,1.2166,-0.1511
2024-10-06,17.6800,0.0045,0.4838,0.0679,0.0000,0.1882,2.0643,4.0000,0.1959,-0.0273,0.6670,1.1641,-0.1550
2024-10-07,17.9700,0.0163,0.3600,0.0684,0.0000,0.1534,1.7463,5.0000,0.1085,-0.0198,0.6555,1.1021,-0.1686
2024-10-08,17.6700,-0.0168,0.1388,0.0679,0.0000,0.0641,1.2587,0.0000,0.1934,0.0295,0.6492,0.9781,-0.1545
2024-10-09,19.4300,0.0949,0.6533,0.0890,0.0000,0.2206,1.6613,1.0000,0.3738,0.0017,0.6505,0.9776,-0.2311
2024-10-10,19.6900,0.0133,1.5699,0.0874,0.0000,0.8861,1.3600,2.0000,0.2885,0.0911,0.6501,1.1212,-0.2412
2024-10-13,19.0000,-0.0357,0.3447,0.0768,0.0000,0.1549,1.1955,0.0000,0.4183,0.0000,0.6401,0.9693,-0.2137
2024-10-14,17.7700,-0.0669,0.3106,0.0754,0.0000,0.1418,1.3904,0.0000,0.3488,0.0005,0.6283,0.8348,-0.1593
2024-10-15,17.3700,-0.0228,0.3400,0.0489,0.0000,0.1484,1.4275,0.0000,0.4467,0.0186,0.6151,0.6995,-0.1399
2024-10-16,17.0700,-0.0174,0.1053,0.0264,0.0000,0.0286,1.4470,0.0000,0.4517,-0.0017,0.6138,0.6130,-0.1248
2024-10-17,17.2100,0.0082,0.1268,0.0285,0.0000,0.0107,1.4507,1.0000,0.4361,-0.0006,0.6220,0.5904,-0.1319
2024-10-20,16.8500,-0.0211,0.0984,0.0237,0.0000,0.0569,1.4626,0.0000,0.5769,-0.0006,0.6360,0.5473,-0.1134
2024-10-21,16.6600,-0.0113,0.1746,0.0510,0.0000,0.0845,1.4421,0.0000,0.6545,-0.0190,0.6500,0.6088,-0.1032
2024-10-22,16.5700,-0.0054,0.2982,0.0694,0.0000,0.1383,1.4506,0.0000,0.4768,-0.0396,0.4718,0.4034,-0.0984
2024-10-23,15.7200,-0.0527,0.5607,0.1202,0.0000,0.2644,0.8503,0.0000,0.6491,0.0006,0.4006,0.1866,-0.0496
2024-10-24,15.1100,-0.0396,1.1241,0.1238,0.0000,0.4042,0.7561,0.0000,1.1118,0.0165,0.3946,-0.2408,-0.0113
2024-10-27,14.9400,-0.0113,0.6041,0.0428,0.0000,0.1969,0.7628,0.0000,1.3091,0.0066,0.3861,-0.5132,0.0174
2024-10-28,15.2000,0.0173,0.0981,0.0322,0.0000,0.0137,0.6941,1.0000,1.1178,0.0361,0.4155,-0.6254,0.0184
2024-10-29,15.7900,0.0381,0.2908,0.0519,0.0000,0.1093,0.8822,2.0000,0.9525,0.0191,0.4369,-0.6502,-0.0196
2024-10-30,15.8900,0.0063,0.0741,0.0585,0.0000,0.0389,0.8980,3.0000,0.9589,0.0437,0.4723,-0.7332,-0.0258
2024-10-31,15.6600,-0.0146,0.2381,0.0868,0.0000,0.0854,0.8804,0.0000,1.0367,0.0384,0.4878,-0.9283,-0.0115
2024-11-03,15.8000,0.0089,0.1249,0.0310,0.0000,0.0585,0.8879,1.0000,1.0113,0.0204,0.5161,-0.9154,-0.0203
2024-11-04,15.5800,-0.0140,0.3212,0.1098,0.0000,0.1449,0.8891,0.0000,1.1732,0.0354,0.5347,-1.0099,-0.0064
2024-11-05,15.6000,0.0013,0.4530,0.0776,0.0000,0.1590,0.8944,1.0000,1.0905,0.0000,0.5368,-0.8514,-0.0077
2024-11-06,15.8400,0.0153,0.1702,0.0442,0.0000,0.0699,0.7257,2.0000,-0.4333,0.0128,0.5471,-0.7466,-0.0227
2024-11-07,17.4200,0.0951,3.7333,0.1246,0.0000,1.4661,1.0460,3.0000,1.0819,-0.0196,0.4520,0.3824,-0.1114
2024-11-10,16.2100,-0.0720,2.5393,0.0759,0.0000,0.8057,1.3113,0.0000,0.7383,-0.0029,0.4644,-0.3374,-0.0457
2024-11-11,16.0200,-0.0118,0.6076,0.0556,0.0000,0.1421,1.3248,0.0000,0.9547,0.0185,0.4685,-0.4711,-0.0356
2024-11-12,15.4800,-0.0343,0.9020,0.1118,0.0000,0.2585,1.3196,0.0000,0.9500,0.0256,0.4620,-0.7223,-0.0213
2024-11-13,16.3900,0.0571,1.4096,0.1086,0.0000,0.5392,1.4178,1.0000,0.7136,-0.0304,0.4588,-0.0732,-0.0757
2024-11-17,15.7400,-0.0405,0.8008,0.0953,0.0000,0.3947,1.4596,0.0000,0.8174,0.0189,0.4571,-0.3392,-0.0375
2024-11-18,15.4800,-0.0167,0.9103,0.0711,0.0000,0.3015,1.4632,0.0000,0.8066,-0.0184,0.4487,-0.7566,-0.0213
2024-11-20,15.5100,0.0019,0.4274,0.0290,0.0000,0.0583,1.4581,1.0000,0.7500,0.0000,0.4619,-0.4360,-0.0232
2024-11-21,16.7000,0.0739,2.2687,0.1461,0.0000,0.4760,1.5807,2.0000,0.6214,0.0297,0.4693,1.4868,-0.0928
2024-11-24,16.0600,-0.0391,2.4759,0.0971,0.0000,1.1669,1.6232,0.0000,0.6781,0.0012,0.4789,-0.6918,-0.0710
2024-11-25,16.0200,-0.0025,0.8158,0.0262,0.0000,0.1688,1.3088,0.0000,0.6433,0.0224,0.4779,-1.3050,-0.0687
2024-11-26,15.8800,-0.0088,0.2504,0.0327,0.0000,0.0487,1.1359,0.0000,0.6360,0.0212,0.4981,-1.4265,-0.0605
2024-11-27,16.1100,0.0144,0.4663,0.0248,0.0000,0.2201,1.1400,1.0000,0.6491,0.0000,0.4829,-1.0072,-0.0739
2024-11-28,15.8800,-0.0144,0.2149,0.0403,0.0000,0.0743,1.0973,0.0000,0.8620,0.0000,0.4959,-1.0951,-0.0605
2024-12-01,16.3900,0.0316,0.6271,0.0488,0.0000,0.1523,0.9935,1.0000,0.7451,-0.0139,0.4718,-0.5686,-0.0897
2024-12-02,16.1500,-0.0148,0.1958,0.0272,0.0000,0.0295,0.9188,0.0000,0.7455,0.0043,0.4809,-0.6957,-0.0762
2024-12-03,16.1800,0.0019,0.8605,0.0643,0.0000,0.3759,0.8982,1.0000,0.7768,0.0000,0.4568,-0.0188,-0.0779
2024-12-04,15.8400,-0.0212,0.4286,0.0423,0.0000,0.0957,0.9274,0.0000,0.7895,0.0000,0.4564,-0.3718,-0.0581
2024-12-05,16.5600,0.0445,0.6865,0.0700,0.0000,0.2208,0.7244,1.0000,0.6181,0.0000,0.4539,0.1684,-0.0990
2024-12-08,16.3300,-0.0140,4.4037,0.0998,0.0000,4.0594,0.6316,0.0000,0.7285,0.0205,0.4960,-2.9566,-0.0863
2024-12-09,15.9100,-0.0261,14.2744,0.1006,0.0000,7.7610,0.6785,0.0000,0.6119,0.0000,0.7966,-4.2228,-0.0622
2024-12-10,15.4700,-0.0280,1.2464,0.0892,0.0000,0.6860,0.7197,0.0000,1.1229,0.0063,0.7950,-3.0421,-0.0356
2024-12-11,15.4500,-0.0013,6.9157,0.0693,0.0000,2.6674,0.6995,0.0000,1.0775,0.0200,0.8010,-3.2240,-0.0343
2024-12-12,15.1500,-0.0196,1.4197,0.0838,0.0000,0.4747,0.7082,0.0000,1.1212,0.0207,0.7877,-2.6323,-0.0152
2024-12-15,15.4300,0.0183,5.0202,0.0447,0.0000,0.9875,0.6559,1.0000,1.2188,0.0158,0.7685,-1.3259,-0.0331
2024-12-16,15.3700,-0.0039,0.4160,0.0573,0.0000,0.3717,0.6500,0.0000,1.3491,0.0013,0.7594,-1.2701,-0.0293
2024-12-17,15.8900,0.0333,2.8298,0.0516,0.0000,0.2804,0.7338,1.0000,1.0581,0.0137,0.7329,-0.5104,-0.0610
2024-12-18,15.9900,0.0063,4.0730,0.0313,0.0000,2.2230,0.7109,2.0000,1.0299,0.0000,0.7013,0.7549,-0.0669
2024-12-19,15.8400,-0.0094,3.1539,0.0865,0.0000,0.1299,0.5628,0.0000,0.6162,0.0250,0.6678,-0.3472,-0.0581
2024-12-22,14.9200,-0.0598,0.5915,0.1160,0.0000,0.4984,0.7441,0.0000,0.0309,0.0404,0.6570,-0.5097,0.0563
2024-12-23,16.1300,0.0780,6.1941,0.0843,0.0000,1.1515,1.0248,1.0000,0.7163,0.0214,0.6810,2.3666,-0.0229
2024-12-25,16.2100,0.0049,2.5810,0.0494,0.0000,0.1389,0.9851,2.0000,0.6468,0.0118,0.6435,2.7562,-0.0278
2024-12-26,15.9300,-0.0174,0.6854,0.1130,0.0000,0.3138,1.0026,0.0000,0.7974,0.0167,0.6210,2.0664,-0.0113
2024-12-29,16.2400,0.0193,2.2250,0.1262,0.0000,1.0573,0.9841,1.0000,0.6248,0.0163,0.5814,2.3730,-0.1195
2024-12-30,16.0400,-0.0124,1.4894,0.0630,0.0000,0.1460,0.9902,0.0000,0.8511,0.0092,0.5394,1.5989,-0.1883
2024-12-31,17.3400,0.0779,0.4767,0.0704,0.0000,0.1384,1.1472,1.0000,0.8150,0.0274,0.5180,1.5610,-0.2491
2025-01-01,18.1800,0.0473,0.5403,0.0556,0.0000,0.1895,1.1642,2.0000,0.6206,0.0058,0.4945,1.5401,-0.2838
2025-01-02,18.8900,0.0383,0.5322,0.0688,0.0000,0.2125,1.2160,3.0000,0.4061,-0.0044,0.4685,1.5134,-0.3107
2025-01-05,17.3400,-0.0856,0.4688,0.1021,0.0000,0.2093,1.4610,0.0000,0.0395,-0.0005,0.4439,1.2328,-0.2491
2025-01-06,18.0900,0.0423,0.6757,0.0868,0.0000,0.3601,1.3213,1.0000,-0.1336,0.0092,0.4221,1.2904,-0.2924
2025-01-07,17.1000,-0.0563,1.1301,0.0877,0.0000,0.8911,1.3250,0.0000,-0.1491,0.0006,0.4217,0.8740,-0.2515
2025-01-08,17.3100,0.0122,1.6705,0.1473,0.0000,1.4947,1.3259,1.0000,-0.2894,-0.0058,0.3929,1.2538,-0.2605
2025-01-09,16.7300,-0.0341,0.2913,0.0879,0.0000,0.2233,1.3589,0.0000,-0.1902,0.0098,0.4161,1.0693,-0.2349
2025-01-12,16.2300,-0.0303,0.0849,0.1128,0.0000,0.0448,1.3773,0.0000,-0.1636,-0.0126,0.4269,0.9657,-0.2113
2025-01-13,17.0800,0.0510,0.1016,0.0896,0.0000,0.0285,1.4202,1.0000,-0.2048,-0.0191,0.4610,0.9148,-0.2506
2025-01-14,16.3600,-0.0431,0.5339,0.1333,0.0000,0.4011,1.2952,0.0000,-0.1131,0.0228,0.4386,0.6705,-0.2176
2025-01-15,15.7600,-0.0374,0.6025,0.0990,0.0000,0.4728,1.2162,0.0000,0.0884,0.0379,0.4423,0.3751,-0.2011
2025-01-16,16.2700,0.0318,0.4300,0.0473,0.0000,0.2888,1.1921,1.0000,0.0133,0.0006,0.4558,0.4622,-0.2262
2025-01-19,16.9500,0.0409,0.8963,0.0950,0.0000,0.7357,1.0723,2.0000,-0.1283,0.0258,0.4578,0.8014,-0.2755
2025-01-20,16.4200,-0.0318,0.1015,0.0475,0.0000,0.0389,1.0165,0.0000,-0.1183,-0.0035,0.4689,0.9265,-0.2619
2025-01-21,16.1200,-0.0184,0.1374,0.0447,0.0000,0.0272,0.9313,0.0000,-0.0689,-0.0006,0.4268,0.8440,-0.2841
2025-01-22,16.2900,0.0105,0.6725,0.0209,0.0000,0.2112,0.9302,1.0000,-0.0894,-0.0043,0.4126,1.2438,-0.3272
2025-01-23,15.7500,-0.0337,0.5742,0.0711,0.0000,0.0530,0.9257,0.0000,-0.0478,-0.0135,0.4203,0.7588,-0.3041
2025-01-26,14.3000,-0.0966,0.7793,0.1203,0.0000,0.5582,1.1382,0.0000,-0.0991,-0.0146,0.3891,0.1070,-0.2336
2025-01-27,13.0200,-0.0938,2.9616,0.2127,0.0000,2.3491,1.1194,0.0000,-0.0951,-0.0231,0.4036,-2.3342,-0.1582
2025-01-28,13.5700,0.0414,2.0176,0.0825,0.0000,1.7775,1.2153,1.0000,-0.2566,-0.0092,0.4121,-0.6415,-0.2049
2025-01-29,14.0600,0.0355,2.0704,0.0640,0.0000,1.6542,1.2653,2.0000,-0.2792,-0.0199,0.4192,1.2900,-0.2326
2025-01-30,13.9500,-0.0079,0.2532,0.0609,0.0000,0.2180,1.2502,0.0000,-0.2177,0.0384,0.4406,0.9588,-0.2265
2025-01-31,13.3400,-0.0447,0.4374,0.0930,0.0000,0.2936,1.1960,0.0000,-0.1956,0.0387,0.4508,0.4894,-0.2084
2025-02-02,12.8000,-0.0413,0.1228,0.0414,0.0000,0.0309,1.1989,0.0000,-0.0340,-0.0075,0.4802,0.3556,-0.1750
2025-02-03,13.0100,0.0163,0.1462,0.0538,0.0000,0.0291,1.2711,1.0000,-0.2458,0.0375,0.5060,0.3966,-0.1883
2025-02-04,13.4800,0.0355,0.1344,0.0230,0.0000,0.0290,1.3423,2.0000,-0.2467,0.0200,0.5082,0.5232,-0.2166
2025-02-05,13.8800,0.0292,0.2419,0.0677,0.0000,0.0751,1.3849,3.0000,-0.4188,-0.0267,0.5226,0.6821,-0.2392
2025-02-06,13.1800,-0.0517,0.8274,0.0781,0.0000,0.2092,1.2101,0.0000,-0.3609,0.0231,0.5013,0.0620,-0.1988
2025-02-09,13.6500,0.0350,1.1592,0.0960,0.0000,0.4481,0.9652,1.0000,-0.4194,-0.0501,0.4763,0.9418,-0.2264
2025-02-10,13.0600,-0.0442,0.3992,0.0490,0.0000,0.0679,0.9711,0.0000,-0.4164,-0.0037,0.4932,0.5821,-0.1914
2025-02-11,12.5900,-0.0367,0.1013,0.0794,0.0000,0.0277,0.9304,0.0000,-0.4187,-0.0260,0.5239,0.4357,-0.1612
2025-02-12,12.8900,0.0235,0.1685,0.0753,0.0000,0.0556,0.9700,1.0000,-0.4246,-0.0334,0.5473,0.4909,-0.1808
2025-02-13,12.2800,-0.0485,0.4910,0.1026,0.0000,0.0815,0.9742,0.0000,-0.2545,0.0473,0.5555,0.1611,-0.1401
2025-02-16,12.1200,-0.0131,0.2440,0.0495,0.0000,0.1143,0.9663,0.0000,-0.3273,-0.0024,0.5548,0.0012,-0.1287
2025-02-17,11.5400,-0.0490,0.2382,0.0806,0.0000,0.0932,0.9988,0.0000,-0.2225,0.0264,0.5551,-0.1550,-0.0849
2025-02-18,10.9600,-0.0516,1.9805,0.0557,0.0000,0.1885,0.9390,0.0000,-0.0260,-0.0494,0.5579,-1.4116,-0.0365
2025-02-19,11.4000,0.0394,0.7462,0.0956,0.0000,0.2672,0.9880,1.0000,-0.1602,-0.0073,0.5598,-0.8254,-0.0737
2025-02-20,11.9100,0.0438,1.0471,0.0772,0.0000,0.1282,1.0562,2.0000,-0.1944,0.0482,0.5598,-0.1318,-0.1134
2025-02-23,11.3600,-0.0473,0.1871,0.1030,0.0000,0.0305,1.0021,0.0000,0.0807,0.0479,0.5449,-0.5911,-0.0704
2025-02-24,10.7900,-0.0515,0.4216,0.0482,0.0000,0.1115,1.0100,0.0000,0.2831,-0.0044,0.5242,-1.0504,-0.0213
2025-02-26,11.3100,0.0471,2.4056,0.0946,0.0000,1.3849,1.1138,1.0000,0.3089,0.0204,0.4579,0.6199,-0.0663
2025-02-27,11.0700,-0.0214,1.8134,0.0930,0.0000,0.4715,1.0721,0.0000,0.3636,0.0292,0.4528,-0.6466,-0.0461
2025-03-02,10.5600,-0.0472,0.3894,0.0928,0.0000,0.1934,1.0624,0.0000,0.3627,-0.0425,0.4654,-0.8514,0.0000
2025-03-03,10.5600,0.0000,0.3950,0.0701,0.0000,0.2001,1.0779,0.0000,0.2291,-0.0246,0.4611,-0.7855,0.0350
2025-03-04,10.9300,0.0344,0.1493,0.0476,0.0000,0.0251,1.0896,1.0000,0.2017,0.0009,0.4724,-0.6195,0.0494
2025-03-05,11.4700,0.0482,1.4797,0.0854,0.0000,0.0690,1.0717,2.0000,0.2220,0.0238,0.4502,0.5008,0.0497
2025-03-06,12.0400,0.0485,0.2711,0.0714,0.0000,0.1408,1.0861,3.0000,0.2301,0.0436,0.4570,0.7339,0.0091
2025-03-09,12.1500,0.0091,0.1730,0.0568,0.0000,0.0696,1.0409,4.0000,0.0826,-0.0033,0.4846,0.7969,0.0444
2025-03-10,12.6900,0.0435,0.3999,0.0670,0.0000,0.1406,0.9818,5.0000,0.0856,-0.0206,0.4903,1.1146,0.0410
2025-03-11,13.2100,0.0402,0.3323,0.0696,0.0000,0.0911,0.8308,6.0000,-0.1305,0.0362,0.5014,1.2931,0.0227
2025-03-12,13.5100,0.0225,0.7494,0.0859,0.0000,0.2749,0.7975,7.0000,-0.3265,0.0076,0.4852,1.6354,0.0244
2025-03-16,13.8400,0.0241,0.7835,0.0723,0.0000,0.4195,0.7210,8.0000,-0.3279,-0.0215,0.4744,1.9042,0.0000
2025-03-17,13.8400,0.0000,0.0000,0.0000,0.0000,0.0000,0.4640,0.0000,-0.4444,0.0000,0.5088,1.6861,0.0210
2025-03-18,14.6400,0.0562,0.5225,0.0690,0.0000,0.2604,0.4450,1.0000,-0.5701,0.0477,0.5075,1.7000,-0.0348
2025-03-19,15.0400,0.0270,0.4351,0.0459,0.0000,0.1112,0.4599,2.0000,-0.7938,0.0143,0.5082,1.6546,-0.0605
2025-03-20,15.1800,0.0093,0.4973,0.0652,0.0000,0.1147,0.4753,3.0000,-0.9403,0.0366,0.4698,1.7007,-0.0692
2025-03-23,15.3000,0.0079,0.6426,0.0641,0.0000,0.2075,0.4617,4.0000,-0.8380,0.0211,0.4691,1.7239,-0.0765
2025-03-24,15.3700,0.0046,0.9550,0.0664,0.0000,0.2358,0.4755,5.0000,-0.7313,0.0288,0.4508,1.7445,-0.0807
2025-03-25,14.6000,-0.0514,0.3272,0.0582,0.0000,0.0890,0.7361,0.0000,-0.7578,0.0052,0.4563,1.4692,-0.0322
2025-03-26,15.1200,0.0350,4.1596,0.0919,0.0000,0.7475,0.7246,1.0000,-0.9383,-0.0240,0.5095,2.3386,-0.0655
2025-03-27,14.9400,-0.0120,0.3657,0.0582,0.0000,0.2085,0.7473,0.0000,-0.7414,0.0099,0.4958,1.8995,-0.0542
2025-03-31,14.7200,-0.0148,0.2725,0.0455,0.0000,0.0944,0.7599,0.0000,-0.7615,-0.0007,0.4859,1.6319,-0.0401
2025-04-01,14.7700,0.0034,0.1666,0.0636,0.0000,0.0632,0.7745,1.0000,-0.6964,0.0000,0.5116,1.5010,-0.0433
2025-04-02,14.5600,-0.0143,0.4301,0.0762,0.0000,0.1406,0.6410,0.0000,-0.6329,-0.0427,0.5214,1.3082,-0.0295
2025-04-03,14.1300,-0.0300,0.4724,0.0955,0.0000,0.2866,0.6260,0.0000,-0.4223,0.0254,0.5121,1.1344,-0.0333
2025-04-06,14.4500,0.0224,1.3329,0.0955,0.0000,0.1593,0.6582,1.0000,-0.4427,0.0050,0.4796,1.2519,-0.0547
2025-04-07,14.8000,0.0239,0.4039,0.0682,0.0000,0.2352,0.6934,2.0000,-0.5094,0.0000,0.4876,1.2114,-0.0770
2025-04-08,14.7800,-0.0014,0.2448,0.0704,0.0000,0.1255,0.6904,0.0000,-0.4408,0.0500,0.4948,1.0734,-0.0758
2025-04-10,14.9800,0.0134,1.0378,0.0461,0.0000,0.2928,0.5460,1.0000,-0.4481,0.0115,0.4920,1.1776,-0.0881
2025-04-14,15.0900,0.0073,0.0363,0.0702,0.0000,0.0208,0.4623,2.0000,-0.4242,0.0334,0.5221,1.1013,-0.0948
2025-04-15,15.4300,0.0223,0.6727,0.0661,0.0000,0.1697,0.4815,3.0000,-0.4238,-0.0159,0.5266,1.1468,-0.1147
2025-04-16,15.3400,-0.0058,0.1213,0.0306,0.0000,0.0159,0.4618,0.0000,-0.2566,-0.0181,0.5527,1.0353,-0.1095
2025-04-20,15.2100,-0.0085,0.1864,0.0283,0.0000,0.0847,0.4774,0.0000,-0.2020,-0.0215,0.5397,0.9270,-0.1019
2025-04-21,14.5200,-0.0464,2.3400,0.0613,0.0000,1.7379,0.6169,0.0000,-0.7226,-0.0007,0.5562,0.2770,-0.0592
2025-04-22,15.1300,0.0412,6.3428,0.0853,0.0000,0.6197,0.6341,1.0000,-0.5211,0.0000,0.6371,2.3364,-0.0972
2025-04-23,14.9600,-0.0113,0.9951,0.0602,0.0000,0.4905,0.6341,0.0000,-0.3874,-0.0086,0.6317,1.8119,-0.0869
2025-04-24,14.8800,-0.0054,0.3553,0.0638,0.0000,0.2362,0.6078,0.0000,-0.3029,0.0267,0.6390,1.5717,-0.0820
2025-04-27,14.9500,0.0047,0.5135,0.0401,0.0000,0.2007,0.6093,1.0000,-0.3037,0.0000,0.6447,1.6366,-0.0863
2025-04-28,14.6400,-0.0210,1.3485,0.0526,0.0000,0.3204,0.6227,0.0000,0.0070,0.0241,0.6333,1.0420,-0.0669
2025-04-29,14.5400,-0.0069,0.4697,0.0378,0.0000,0.1637,0.6169,0.0000,0.0551,0.0089,0.5985,0.7881,-0.0605
2025-05-01,14.3700,-0.0118,0.1154,0.0585,0.0000,0.0855,0.5725,0.0000,0.0538,-0.0144,0.6166,0.6727,-0.0494
2025-05-04,14.7200,0.0241,2.0303,0.0584,0.0000,0.7057,0.6276,1.0000,-0.1350,0.0021,0.6037,1.3322,-0.0720
2025-05-05,14.4600,-0.0178,0.2818,0.0304,0.0000,0.0811,0.6367,0.0000,0.0036,-0.0020,0.5971,1.1029,-0.0553
2025-05-06,14.3200,-0.0097,0.9153,0.0635,0.0000,0.1722,0.5224,0.0000,-0.0221,0.0124,0.5865,0.6569,-0.0461
2025-05-07,13.6600,-0.0472,0.3688,0.0512,0.0000,0.0945,0.4921,0.0000,-0.2690,-0.0154,0.5893,0.4283,0.0395
2025-05-08,14.2000,0.0388,2.0314,0.0965,0.0000,0.9422,0.6415,1.0000,-0.1190,-0.0505,0.5922,1.2493,0.0458
2025-05-11,14.8500,0.0448,1.8300,0.0613,0.0000,0.9091,0.7637,2.0000,0.0506,0.0099,0.5741,1.8881,0.0229
2025-05-12,15.1900,0.0226,0.8384,0.0645,0.0000,0.3584,0.7870,3.0000,-0.0686,0.0290,0.5518,1.9922,0.0448
2025-05-13,15.8700,0.0438,0.9036,0.0586,0.0000,0.3560,0.8228,4.0000,-0.0306,-0.0013,0.5488,2.0455,0.0252
2025-05-14,16.2700,0.0249,1.7975,0.0307,0.0000,0.7343,0.8392,5.0000,-0.1058,0.0044,0.5138,2.3471,0.0412
2025-05-15,16.9400,0.0404,1.3398,0.0685,0.0000,0.2868,0.8437,6.0000,-0.0961,-0.0215,0.4949,2.3529,0.0449
2025-05-18,17.7000,0.0439,3.7882,0.0588,0.0000,1.1546,0.8732,7.0000,-0.2288,-0.0118,0.5060,2.9072,0.0435
2025-05-19,18.5000,0.0442,2.8949,0.0432,0.0000,1.3484,0.8423,8.0000,-0.3867,0.0339,0.4952,2.8980,-0.0016
2025-05-20,18.5800,0.0043,3.2948,0.0716,0.0000,2.2678,0.8075,9.0000,-0.3465,-0.0135,0.5184,2.9078,-0.0059
2025-05-21,18.9300,0.0187,0.9113,0.0713,0.0000,0.6272,0.3985,10.0000,-0.3086,-0.0178,0.4990,2.4293,-0.0333
2025-05-22,18.4700,-0.0246,0.1145,0.0487,0.0000,0.0788,0.6395,0.0000,-0.2988,-0.0475,0.5205,2.0084,-0.0292
2025-05-25,18.7200,0.0134,6.4393,0.0198,0.0000,4.4322,0.6233,1.0000,-0.4094,0.0043,0.6003,2.6721,-0.0614
2025-05-26,19.6500,0.0485,7.1367,0.0463,0.0000,4.9122,0.6597,2.0000,-0.4910,0.0198,0.6692,3.1217,-0.1242
2025-05-27,20.6300,0.0487,2.2550,0.0005,0.0000,1.5521,0.6735,3.0000,-0.6977,0.0499,0.6587,2.6873,-0.1827
2025-05-28,21.6600,0.0487,3.0330,0.0397,0.0000,2.0876,0.7021,4.0000,-0.8918,0.0499,0.6367,2.5422,-0.2373
2025-05-29,22.7400,0.0487,0.6608,0.0000,0.0000,0.4548,0.7170,5.0000,-1.1377,0.0499,0.6115,2.1740,-0.2885
2025-06-01,23.8700,0.0485,1.1996,0.0000,0.0000,0.8257,0.7225,6.0000,-1.1725,0.0497,0.5958,1.9878,-0.3360
2025-06-02,23.3900,-0.0203,0.6293,0.0000,0.0000,0.4331,0.8324,0.0000,-1.1679,-0.0201,0.5710,1.6514,-0.3360
2025-06-03,22.9200,-0.0203,0.1098,0.0000,0.0000,0.0756,0.9103,0.0000,-1.1318,-0.0201,0.5735,1.4525,-0.3364
2025-06-04,22.4600,-0.0203,0.0777,0.0000,0.0000,0.0535,0.9822,0.0000,-0.9029,-0.0201,0.5722,1.2947,-0.3366
2025-06-05,22.0100,-0.0202,0.0323,0.0000,0.0000,0.0222,0.9643,0.0000,-0.6524,-0.0200,0.5898,1.1659,-0.3367
2025-06-08,21.5600,-0.0207,0.0256,0.0000,0.0000,0.0176,1.0266,0.0000,-0.4211,-0.0204,0.6066,1.0541,-0.3567
2025-06-09,21.1200,-0.0206,0.0215,0.0000,0.0000,0.0148,1.0528,0.0000,-0.2587,-0.0204,0.6151,0.9552,-0.3764
2025-06-10,20.6900,-0.0206,0.0220,0.0000,0.0000,0.0151,1.0319,0.0000,-0.0420,-0.0204,0.6236,0.8656,-0.3954
2025-06-11,20.2700,-0.0205,0.0119,0.0000,0.0000,0.0082,0.9036,0.0000,0.1263,-0.0203,0.6410,0.7840,-0.4139
2025-06-12,19.8600,-0.0204,0.0153,0.0000,0.0000,0.0105,0.6783,0.0000,0.3440,-0.0202,0.6541,0.7074,-0.4245
2025-06-15,19.4600,-0.0203,0.0233,0.0000,0.0000,0.0161,0.0048,0.0000,0.5750,-0.0201,0.6861,0.6316,-0.4126
2025-06-16,19.0700,-0.0202,0.0125,0.0000,0.0000,0.0086,0.0050,0.0000,0.8263,-0.0200,0.7150,0.5581,-0.4006
2025-06-17,18.6800,-0.0207,0.0467,0.0000,0.0000,0.0322,0.0054,0.0000,0.9087,-0.0205,0.7446,0.4775,-0.3881
2025-06-18,18.3000,-0.0206,0.0095,0.0000,0.0000,0.0065,0.0051,0.0000,1.0895,-0.0203,0.7559,0.4006,-0.3754
2025-06-19,17.9300,-0.0204,0.0345,0.0000,0.0000,0.0237,0.0044,0.0000,1.0939,-0.0202,0.7565,0.3180,-0.3625
2025-06-22,17.5700,-0.0203,0.0194,0.0000,0.0000,0.0133,0.0045,0.0000,1.2505,-0.0201,0.7922,0.2190,-0.3495
2025-06-23,17.2100,-0.0207,0.1482,0.0000,0.0000,0.1020,0.0049,0.0000,1.6244,-0.0205,0.7780,0.0033,-0.3359
2025-06-24,16.8600,-0.0205,0.2079,0.0000,0.0000,0.1431,0.0049,0.0000,2.1229,-0.0203,0.7975,-0.7024,-0.3221
2025-06-25,16.5200,-0.0204,0.1581,0.0000,0.0000,0.1088,0.0050,0.0000,2.8877,-0.0202,0.7451,-1.0716,-0.3081
2025-06-26,16.1800,-0.0208,0.3025,0.0000,0.0000,0.2082,0.0061,0.0000,4.4712,-0.0206,0.7504,-1.1846,-0.2936
2025-06-29,15.8500,-0.0206,0.5298,0.0000,0.0000,0.3647,0.0060,0.0000,-0.1714,-0.0204,0.6321,-1.7336,-0.2789
2025-06-30,15.5300,-0.0204,1.5940,0.0000,0.0000,1.0971,0.0054,0.0000,-0.1433,-0.0202,0.3766,-1.9258,-0.2640
2025-07-01,15.2100,-0.0208,0.8714,0.0000,0.0000,0.5998,0.0060,0.0000,-0.0998,-0.0206,0.3256,-1.8738,-0.2485
2025-07-02,14.9000,-0.0206,1.2521,0.0000,0.0000,0.8618,0.0061,0.0000,0.0496,-0.0204,0.2894,-1.8367,-0.2329
2025-07-03,14.6000,-0.0203,0.8454,0.0000,0.0000,0.5819,0.0065,0.0000,-0.0537,-0.0201,0.2914,-1.7414,-0.2171
2025-07-06,13.8700,-0.0513,2.1545,0.0000,0.0000,1.4830,0.3267,0.0000,-4.4680,-0.0500,0.3111,-1.8373,-0.1759
2025-07-07,13.1700,-0.0518,1.5600,0.0000,0.0000,1.0738,0.4363,0.0000,-2.8868,-0.0505,0.3096,-1.8299,-0.1352
2025-07-08,12.5100,-0.0514,4.0754,0.0000,0.0000,2.8051,0.4978,0.0000,-2.1224,-0.0501,0.3891,-2.1833,-0.1079
2025-07-09,11.8800,-0.0517,2.5701,0.0000,0.0000,1.7690,0.5323,0.0000,-1.6240,-0.0504,0.3964,-2.2253,-0.0800
2025-07-10,11.4300,-0.0386,12.1340,0.1041,0.0000,8.3518,0.5169,0.0000,-1.3761,-0.0505,0.7013,-3.6926,-0.0630
2025-07-13,12.0000,0.0487,5.7328,0.0417,0.0000,3.9459,1.0116,1.0000,1.8039,0.0061,0.7267,-1.6376,-0.1258
2025-07-14,12.6000,0.0488,2.1965,0.0278,0.0000,1.5119,1.2937,2.0000,1.6403,0.0500,0.7101,-0.8178,-0.1841
2025-07-15,13.2300,0.0488,0.5308,0.0000,0.0000,0.3654,1.4657,3.0000,1.3452,0.0500,0.7030,-0.5681,-0.2389
2025-07-16,13.8900,0.0487,0.4566,0.0000,0.0000,0.3143,1.5866,4.0000,1.0702,0.0499,0.6839,-0.3460,-0.2901
2025-07-17,14.5800,0.0485,5.0042,0.0000,0.0000,3.4444,1.6734,5.0000,0.8238,0.0497,0.6880,1.8488,-0.3374
2025-07-20,14.2800,-0.0208,0.4792,0.0000,0.0000,0.3298,1.6070,0.0000,0.8254,-0.0206,0.6706,1.5210,-0.3235
2025-07-21,13.9900,-0.0205,0.1196,0.0000,0.0000,0.0823,1.5059,0.0000,0.8248,-0.0203,0.6770,1.3729,-0.3095
2025-07-22,13.7100,-0.0202,0.0717,0.0000,0.0000,0.0493,1.4065,0.0000,0.8238,-0.0200,0.6874,1.2543,-0.2954
2025-07-23,13.4300,-0.0206,0.0647,0.0000,0.0000,0.0445,1.2848,0.0000,0.8246,-0.0204,0.6905,1.1501,-0.2829
2025-07-24,13.1600,-0.0203,0.2195,0.0000,0.0000,0.1510,1.2091,0.0000,0.8230,-0.0201,0.6877,1.0025,-0.2682
2025-07-27,12.8900,-0.0207,0.0575,0.0000,0.0000,0.0396,1.1869,0.0000,0.8234,-0.0205,0.6938,0.9216,-0.2529
2025-07-28,12.6300,-0.0204,0.0638,0.0000,0.0000,0.0439,1.1067,0.0000,0.8234,-0.0202,0.7034,0.8411,-0.2629
2025-07-29,12.3700,-0.0208,0.1768,0.0000,0.0000,0.1217,0.9836,0.0000,0.8233,-0.0206,0.7003,0.7291,-0.2829
2025-07-30,12.1200,-0.0204,0.2066,0.0000,0.0000,0.1422,0.7389,0.0000,0.8228,-0.0202,0.6977,0.6135,-0.2962
2025-07-31,11.8700,-0.0208,0.1912,0.0000,0.0000,0.1316,0.0077,0.0000,0.8243,-0.0206,0.6927,0.5086,-0.2814
2025-08-03,11.6300,-0.0204,0.4231,0.0000,0.0000,0.2912,0.0073,0.0000,0.8500,-0.0202,0.6886,0.3294,-0.2666
2025-08-04,11.3900,-0.0209,0.0793,0.0000,0.0000,0.0546,0.0080,0.0000,0.9110,-0.0206,0.6961,0.2677,-0.2511
2025-08-05,11.1600,-0.0204,0.2206,0.0000,0.0000,0.1519,0.0073,0.0000,1.0118,-0.0202,0.7049,0.1523,-0.2357
2025-08-06,10.9300,-0.0208,0.2531,0.0018,0.0000,0.1742,0.0079,0.0000,1.1818,-0.0206,0.7102,0.0201,-0.2196
2025-08-07,10.7100,-0.0203,0.1998,0.0000,0.0000,0.1375,0.0077,0.0000,1.2504,-0.0201,0.6968,-0.2455,-0.2035
2025-08-10,10.4900,-0.0208,0.4005,0.0000,0.0000,0.2757,0.0078,0.0000,1.6243,-0.0205,0.6666,-0.5591,-0.1868
2025-08-11,10.2800,-0.0202,0.2562,0.0000,0.0000,0.1764,0.0085,0.0000,2.1228,-0.0200,0.6573,-0.8172,-0.1702
2025-08-12,10.0700,-0.0206,0.9878,0.0000,0.0000,0.6799,0.0081,0.0000,2.8874,-0.0204,0.6574,-1.3629,-0.1529
2025-08-13,9.8600,-0.0211,0.8690,0.0000,0.0000,0.5981,0.0095,0.0000,4.4703,-0.0209,0.6569,-1.9157,-0.1349
2025-08-17,9.6600,-0.0205,0.9470,0.0000,0.0000,0.6518,0.0093,0.0000,-0.1694,-0.0203,0.3407,-1.8509,-0.1170
2025-08-18,9.8500,0.0195,7.4429,0.0396,0.0000,5.1229,0.4375,1.0000,4.4668,0.0197,0.5157,0.0860,-0.1340
2025-08-19,10.0400,0.0191,4.9596,0.0000,0.0000,3.4137,0.5781,2.0000,2.8860,0.0193,0.5720,1.7021,-0.1504
2025-08-20,9.8300,-0.0211,2.3455,0.0417,0.0000,1.6144,0.5796,0.0000,2.8858,-0.0209,0.5648,0.8659,-0.1322
2025-08-21,9.6300,-0.0206,1.1790,0.0000,0.0000,0.8115,0.5788,0.0000,2.8857,-0.0203,0.5430,0.4491,-0.1142
2025-08-24,10.1000,0.0477,4.7614,0.0950,0.0000,3.2773,0.8511,1.0000,2.5078,-0.0042,0.5858,2.4303,-0.1554
2025-08-25,9.8100,-0.0291,1.4157,0.0856,0.0000,0.9744,0.8710,0.0000,2.4471,-0.0277,0.5609,1.6025,-0.1305
2025-08-27,9.3100,-0.0523,3.2571,0.0537,0.0000,2.2419,0.9793,0.0000,1.7482,-0.0153,0.5496,-0.1066,-0.0838
2025-08-28,8.8700,-0.0484,2.0988,0.0519,0.0000,1.4446,1.0563,0.0000,1.4819,-0.0226,0.5322,-1.2230,-0.0383
2025-08-31,8.5300,-0.0391,1.8332,0.0481,0.0000,1.2618,1.0980,0.0000,1.4575,-0.0304,0.5116,-1.9847,0.0492
2025-09-01,8.9500,0.0481,1.3349,0.0659,0.0000,0.9188,1.2542,1.0000,1.2763,-0.0035,0.4885,-1.0832,0.0492
2025-09-02,9.3900,0.0480,0.8593,0.0437,0.0000,0.5914,1.3362,2.0000,1.0295,0.0458,0.4791,-0.5362,0.0011
2025-09-03,9.8500,0.0478,1.1851,0.0467,0.0000,0.8157,1.4032,3.0000,0.7883,0.0415,0.4455,0.1946,-0.0457
2025-09-04,9.7900,-0.0061,0.4861,0.0613,0.0000,0.3346,1.3902,0.0000,0.7299,0.0152,0.4340,-0.1004,-0.0398
2025-09-07,9.8600,0.0071,0.7438,0.0781,0.0000,0.5119,1.3718,1.0000,0.5996,0.0358,0.4150,0.3525,-0.0467
2025-09-08,9.4200,-0.0457,1.7402,0.0987,0.0000,0.7796,1.3337,0.0000,0.5731,0.0436,0.3845,-0.8092,-0.0021
2025-09-09,9.8000,0.0395,1.3875,0.0806,0.0000,0.3979,1.3741,1.0000,0.3591,-0.0234,0.3532,0.1763,-0.0408
2025-09-10,9.5200,-0.0290,1.3952,0.0756,0.0000,0.4448,1.2912,0.0000,0.3763,0.0000,0.3158,-0.8681,-0.0126
2025-09-11,9.7900,0.0280,0.6291,0.0490,0.0000,0.1231,1.1751,1.0000,0.1828,-0.0116,0.3029,-0.3924,-0.0398
2025-09-14,9.5800,-0.0217,0.4855,0.0585,0.0000,0.1464,1.1170,0.0000,0.1845,-0.0255,0.2929,-0.7811,-0.0188
2025-09-15,9.5800,0.0000,0.3720,0.0480,0.0000,0.1134,1.0554,0.0000,0.1018,-0.0188,0.2789,-0.7973,-0.0188
2025-09-16,9.4400,-0.0147,0.4298,0.0583,0.0000,0.1198,0.9784,0.0000,0.2503,-0.0365,0.2899,-1.0229,-0.0042
2025-09-17,9.5400,0.0105,1.4458,0.0755,0.0000,0.6045,0.8367,1.0000,0.2855,0.0169,0.2889,0.1209,-0.0147
2025-09-18,9.5200,-0.0021,0.3563,0.0515,0.0000,0.0977,0.8481,0.0000,0.2102,0.0377,0.3051,-0.0960,-0.0126
2025-09-21,9.4000,-0.0127,0.8004,0.0596,0.0000,0.1701,0.8500,0.0000,0.1833,-0.0221,0.2932,-0.6684,0.0021
2025-09-22,9.4200,0.0021,0.6558,0.0573,0.0000,0.2944,0.7161,1.0000,0.2561,0.0319,0.2762,-0.0482,0.0000
2025-09-23,9.4200,0.0000,1.0365,0.0382,0.0000,0.5885,0.5570,0.0000,0.1484,-0.0127,0.2724,0.1290,0.0340
2025-09-24,9.8200,0.0416,2.9575,0.0876,0.0000,1.9978,0.6578,1.0000,0.0568,0.0000,0.3072,3.0086,-0.0081
2025-09-25,9.7400,-0.0082,0.3307,0.0431,0.0000,0.1317,0.5948,0.0000,0.1528,0.0183,0.3276,2.1847,0.0195
2025-09-28,9.9300,0.0193,0.8377,0.0554,0.0000,0.1892,0.5701,1.0000,0.0747,-0.0195,0.3277,2.3841,0.0181
2025-09-29,10.1100,0.0180,0.5479,0.0415,0.0000,0.1547,0.5868,2.0000,0.0623,-0.0010,0.3366,2.2524,0.0168
2025-09-30,10.6000,0.0473,1.0241,0.0462,0.0000,0.1760,0.6734,3.0000,0.0552,0.0485,0.3338,2.3073,-0.0340
2025-10-02,11.1300,0.0488,1.0247,0.0476,0.0000,0.1705,0.7785,4.0000,0.0660,0.0019,0.3338,2.2838,-0.0889
2025-10-05,11.6800,0.0482,0.4320,0.0231,0.0000,0.1399,0.8187,5.0000,-0.0570,0.0404,0.3344,2.0524,-0.1473
2025-10-06,11.0900,-0.0518,3.1617,0.1055,0.0000,2.0349,1.0849,0.0000,-0.1778,0.0497,0.3792,0.5802,-0.1055
2025-10-07,10.7200,-0.0339,1.0547,0.0868,0.0000,0.4307,1.2255,0.0000,-0.0944,-0.0794,0.3748,0.0714,-0.0784
2025-10-08,11.7900,0.0951,2.0623,0.0958,0.0000,1.2186,1.4278,1.0000,0.5827,0.0205,0.3882,0.9382,-0.1756
2025-10-09,10.9700,-0.0721,1.3178,0.1003,0.0000,0.6528,1.6633,0.0000,0.1287,-0.0008,0.3875,0.2811,-0.1294
2025-10-12,10.5200,-0.0419,0.7185,0.0856,0.0000,0.3858,1.7305,0.0000,0.2936,0.0000,0.3853,-0.0966,-0.0922
2025-10-13,10.9300,0.0382,0.3324,0.0613,0.0000,0.0929,1.7352,1.0000,0.0906,0.0200,0.3932,0.0002,-0.1327
2025-10-14,10.6800,-0.0231,0.3298,0.0431,0.0000,0.1144,1.7603,0.0000,0.1595,-0.0110,0.3963,-0.2257,-0.1124
2025-10-15,10.5100,-0.0160,0.4701,0.1151,0.0000,0.1605,1.7082,0.0000,0.1630,-0.0421,0.3942,-0.5586,-0.0990
2025-10-16,10.5900,0.0076,0.1179,0.0331,0.0000,0.0359,1.6238,1.0000,0.1752,0.0000,0.4232,-0.5323,-0.1265
2025-10-19,10.4400,-0.0143,0.1567,0.0862,0.0000,0.0569,1.5162,0.0000,0.2162,-0.0463,0.4364,-0.6629,-0.1216
2025-10-20,10.4600,0.0019,0.0883,0.0143,0.0000,0.0242,1.4520,1.0000,0.1639,0.0000,0.4685,-0.7261,-0.1233
2025-10-22,10.4900,0.0029,0.2586,0.0343,0.0000,0.0507,1.4203,2.0000,0.1609,0.0000,0.4846,-0.6735,-0.1258
2025-10-23,10.3100,-0.0173,0.1990,0.0824,0.0000,0.1054,0.9336,0.0000,0.2181,-0.0029,0.5098,-0.8853,-0.1106
2025-10-26,10.3500,0.0039,0.1900,0.0222,0.0000,0.0599,0.6822,1.0000,0.3446,0.0010,0.5038,-0.7351,-0.1140
2025-10-27,10.3300,-0.0019,0.1520,0.0465,0.0000,0.0346,0.5550,0.0000,0.3213,0.0174,0.5178,-0.7570,-0.1123
2025-10-28,10.3300,0.0000,0.4214,0.0987,0.0000,0.0973,0.3419,0.0000,0.4028,0.0000,0.5313,-0.6896,-0.1123
2025-10-29,10.2800,-0.0049,0.3314,0.0428,0.0000,0.1302,0.2826,0.0000,0.4998,0.0126,0.5422,-0.7549,-0.1080
2025-10-30,10.2400,-0.0039,0.3788,0.0254,0.0000,0.0750,0.2489,0.0000,0.6809,-0.0117,0.5560,-0.8349,-0.1045
2025-11-02,10.1400,-0.0098,0.4671,0.0611,0.0000,0.1640,0.2303,0.0000,0.9038,-0.0137,0.5637,-1.0205,-0.0957
2025-11-03,9.9600,-0.0179,0.4766,0.0592,0.0000,0.1567,0.2498,0.0000,1.1864,0.0000,0.5663,-1.6106,-0.0863
2025-11-05,9.9200,-0.0040,0.3370,0.0302,0.0000,0.1267,0.2395,0.0000,1.2716,0.0000,0.5017,-1.6249,-0.0827
2025-11-06,9.8800,-0.0040,0.6059,0.0749,0.0000,0.2515,0.2230,0.0000,1.2421,-0.0020,0.4900,-1.6854,-0.0789
2025-11-09,9.7200,-0.0163,0.7134,0.0484,0.0000,0.1181,0.2178,0.0000,-0.9452,-0.0040,0.3866,-2.0683,-0.0679
2025-11-10,9.5500,-0.0176,0.8139,0.0555,0.0000,0.2139,0.2169,0.0000,0.6898,0.0082,0.2864,-2.0943,-0.0513
2025-11-11,9.6500,0.0104,1.1473,0.0383,0.0000,0.4338,0.2813,1.0000,1.4272,-0.0052,0.2259,-1.5264,-0.0611
2025-11-12,9.4800,-0.0178,0.7317,0.0401,0.0000,0.1064,0.2897,0.0000,0.0929,-0.0145,0.2245,-1.5759,-0.0485
2025-11-13,9.7000,0.0229,0.6060,0.0340,0.0000,0.1984,0.4283,1.0000,0.6564,-0.0011,0.2253,-1.2712,-0.0701
2025-11-16,9.4700,-0.0240,0.6470,0.0750,0.0000,0.1944,0.4687,0.0000,0.4806,0.0000,0.1937,-1.2861,-0.0475
2025-11-17,9.2500,-0.0235,1.9047,0.0281,0.0000,0.6213,0.5003,0.0000,0.6071,-0.0074,0.2061,-1.5798,-0.0249
2025-11-18,9.1700,-0.0087,1.0409,0.0393,0.0000,0.3569,0.4971,0.0000,0.5618,-0.0032,0.1998,-1.6186,-0.0164
2025-11-19,9.2000,0.0033,1.0861,0.0587,0.0000,0.1973,0.5172,1.0000,0.5468,-0.0011,0.1760,-1.2104,-0.0196
2025-11-20,9.3900,0.0204,0.5074,0.0426,0.0000,0.1201,0.5981,2.0000,0.6448,0.0000,0.1930,-0.9924,-0.0394
2025-11-23,9.3800,-0.0011,0.8253,0.0405,0.0000,0.3274,0.5939,0.0000,0.5221,0.0330,0.1928,-1.0954,-0.0384
2025-11-24,9.3600,-0.0021,1.2596,0.0438,0.0000,0.0437,0.5799,0.0000,0.6002,0.0245,0.1847,-1.3247,-0.0363
2025-11-25,9.2300,-0.0140,1.1973,0.0455,0.0000,0.3203,0.5822,0.0000,0.7171,-0.0203,0.1678,-1.5434,-0.0228
2025-11-26,9.3300,0.0108,0.5608,0.0236,0.0000,0.2312,0.5895,1.0000,0.6141,0.0293,0.1793,-1.3192,-0.0332
2025-11-27,9.3200,-0.0011,0.3662,0.0343,0.0000,0.1047,0.5145,0.0000,0.5649,-0.0171,0.2040,-1.3701,-0.0322
2025-11-30,9.2000,-0.0130,0.8104,0.0304,0.0000,0.1373,0.4651,0.0000,0.6493,-0.0150,0.2086,-1.5571,-0.0207
2025-12-01,9.3100,0.0119,0.3528,0.0397,0.0000,0.1243,0.4087,1.0000,0.4367,0.0000,0.2293,-1.3670,-0.0322
2025-12-02,9.1000,-0.0228,0.8798,0.0582,0.0000,0.2844,0.4821,0.0000,0.3923,0.0000,0.2255,-1.5484,-0.0099
2025-12-03,9.1800,0.0088,0.4183,0.0294,0.0000,0.0641,0.4933,1.0000,0.2666,0.0209,0.2417,-1.3066,-0.0349
2025-12-04,9.1300,-0.0055,0.6549,0.0460,0.0000,0.1681,0.4182,0.0000,0.2824,0.0294,0.2482,-1.4085,-0.0329
2025-12-07,9.0600,-0.0077,2.2688,0.0497,0.0000,0.1384,0.4220,0.0000,0.2340,0.0350,0.2779,-1.9612,-0.0397
2025-12-08,9.3200,0.0283,3.0727,0.0397,0.0000,1.4091,0.5578,1.0000,0.2224,0.0364,0.3332,-0.6536,-0.0826
2025-12-09,9.1300,-0.0206,0.5265,0.0307,0.0000,0.2051,0.5861,0.0000,0.4071,0.0043,0.3420,-0.7833,-0.1128
2025-12-10,9.0200,-0.0121,0.8487,0.0499,0.0000,0.2339,0.5779,0.0000,0.4037,0.0340,0.3413,-1.0454,-0.1020
2025-12-11,9.0700,0.0055,0.4290,0.0287,0.0000,0.0884,0.5878,1.0000,0.4004,0.0188,0.3498,-0.7991,-0.1069
2025-12-14,9.3700,0.0325,2.3831,0.0395,0.0000,0.7354,0.6909,2.0000,0.5137,0.0022,0.3671,0.6214,-0.1387
2025-12-15,9.3000,-0.0075,0.6960,0.0183,0.0000,0.2730,0.6870,0.0000,0.6270,0.0000,0.3627,0.3018,-0.1376
2025-12-16,9.0300,-0.0295,3.0713,0.0908,0.0000,1.9816,0.7206,0.0000,0.3618,0.0011,0.4026,-1.5635,-0.1118
2025-12-17,9.2200,0.0208,0.9415,0.0336,0.0000,0.1396,0.7554,1.0000,0.2659,0.0233,0.4028,-0.8801,-0.1302
2025-12-18,9.3600,0.0151,1.4284,0.0481,0.0000,0.3514,0.7689,2.0000,0.2712,-0.0163,0.3947,0.2996,-0.1741
2025-12-21,9.1800,-0.0194,0.4592,0.0283,0.0000,0.0773,0.8029,0.0000,0.3429,-0.0139,0.4024,0.0324,-0.1721
2025-12-22,9.2400,0.0065,0.4195,0.0216,0.0000,0.1132,0.7332,1.0000,0.2603,-0.0087,0.4137,0.5145,-0.1775
2025-12-23,9.1800,-0.0065,0.4588,0.0359,0.0000,0.0964,0.6962,0.0000,0.2231,0.0260,0.4212,0.0972,-0.1765
2025-12-25,9.2000,0.0022,0.5818,0.0304,0.0000,0.1765,0.6790,1.0000,0.2988,0.0000,0.4201,0.7030,-0.1793
2025-12-28,9.0400,-0.0175,1.2544,0.0830,0.0000,0.4715,0.7132,0.0000,0.3829,-0.0163,0.4066,-0.5434,-0.1903
2025-12-29,9.0100,-0.0033,0.6471,0.0333,0.0000,0.1070,0.5762,0.0000,0.3203,0.0288,0.4076,-1.1166,-0.2220
2025-12-30,9.0100,0.0000,0.8097,0.0388,0.0000,0.1467,0.5776,0.0000,0.4266,-0.0111,0.3902,-1.0125,-0.2231
2025-12-31,9.0200,0.0011,0.6906,0.0588,0.0000,0.1295,0.4685,1.0000,0.3723,-0.0089,0.3901,-0.2944,-0.2284
2026-01-01,8.8600,-0.0179,1.5317,0.0282,0.0000,0.4906,0.4225,0.0000,0.5430,-0.0288,0.3749,-1.7008,-0.2144
2026-01-04,8.8300,-0.0034,0.5968,0.0204,0.0000,0.0884,0.3504,0.0000,0.5245,0.0011,0.3694,-1.9500,-0.2118
2026-01-05,8.7000,-0.0148,0.5952,0.0379,0.0000,0.1318,0.3273,0.0000,0.5500,0.0091,0.3694,-2.1995,-0.2000
2026-01-06,8.5500,-0.0174,0.9753,0.0339,0.0000,0.4024,0.3200,0.0000,0.6948,-0.0034,0.3393,-2.3073,-0.1860
2026-01-07,8.1000,-0.0541,1.5298,0.0963,0.0000,0.4034,0.6445,0.0000,-0.3713,0.0000,0.3334,-2.5110,-0.1407
2026-01-08,8.8000,0.0829,4.8701,0.1261,0.0000,3.0711,1.2724,1.0000,1.3268,0.1580,0.4374,0.6610,-0.2091
2026-01-11,8.5800,-0.0253,1.6536,0.1037,0.0000,0.8091,1.3043,0.0000,1.4074,0.0443,0.4235,-0.4536,-0.1888
2026-01-12,8.0700,-0.0613,1.0987,0.1041,0.0000,0.3662,1.4470,0.0000,1.1589,-0.0117,0.4182,-1.0976,-0.1375
2026-01-13,8.0200,-0.0062,1.0294,0.0549,0.0000,0.3135,1.4696,0.0000,1.1515,0.0025,0.4073,-1.6348,-0.1322
2026-01-15,8.3800,0.0439,0.3014,0.0442,0.0000,0.0541,1.5835,1.0000,0.8687,0.0599,0.4063,-1.3089,-0.1695
2026-01-18,8.1100,-0.0328,0.6574,0.0727,0.0000,0.2037,1.5973,0.0000,1.0736,0.0048,0.4080,-1.5012,-0.1430
2026-01-19,7.7300,-0.0480,1.4604,0.0970,0.0000,0.4291,1.6548,0.0000,1.1692,-0.0259,0.4118,-1.9890,-0.1009
2026-01-20,7.6000,-0.0170,1.0135,0.0974,0.0000,0.1902,1.6752,0.0000,1.1613,0.0000,0.3959,-2.1146,-0.0855
2026-01-21,7.8100,0.0273,1.9496,0.1652,0.0000,1.1272,1.7377,1.0000,1.0409,0.0145,0.3914,-0.9791,-0.1152
2026-01-22,7.5600,-0.0325,1.3535,0.1230,0.0000,0.3557,1.6698,0.0000,1.1088,0.0499,0.3727,-1.5604,-0.0886
2026-01-26,7.5500,-0.0013,0.8575,0.1033,0.0000,0.1468,1.2079,0.0000,1.1303,0.0000,0.3556,-1.8172,-0.0874
2026-01-27,7.3200,-0.0309,1.1218,0.0492,0.0000,0.1603,1.2095,0.0000,1.1533,0.0000,0.3532,-2.0688,-0.0587
2026-01-28,7.0100,-0.0433,0.9411,0.0856,0.0000,0.1894,1.1094,0.0000,1.2241,0.0000,0.3364,-2.1330,-0.0171
2026-01-29,7.0000,-0.0014,0.8400,0.1043,0.0000,0.2521,1.1174,0.0000,1.2330,0.0000,0.3250,-2.1177,-0.0157
2026-02-01,6.9600,-0.0057,0.4820,0.0330,0.0000,0.1010,0.8532,0.0000,1.2752,0.0200,0.3227,-1.9979,-0.0115
2026-02-02,6.9700,0.0014,0.7763,0.0717,0.0000,0.1590,0.8608,1.0000,1.1712,0.0043,0.3259,-1.4972,-0.0402
2026-02-03,6.9600,-0.0014,0.7905,0.1279,0.0000,0.2109,0.7589,0.0000,1.1595,0.0000,0.3092,-1.5905,-0.0503
2026-02-04,7.1500,0.0269,1.0053,0.0699,0.0000,0.4605,0.8602,1.0000,0.9375,-0.0086,0.2882,-1.0843,-0.0755
2026-02-05,7.2300,0.0111,0.1805,0.0456,0.0000,0.0608,0.7956,2.0000,0.7961,0.0322,0.3090,-0.9199,-0.1176
2026-02-08,7.3100,0.0110,0.6748,0.0616,0.0000,0.3034,0.7500,3.0000,0.7352,0.0194,0.3160,-0.6079,-0.1272
2026-02-09,7.1200,-0.0263,0.6370,0.0618,0.0000,0.2118,0.7950,0.0000,0.1123,0.0205,0.2337,-0.7424,-0.1124
2026-02-10,7.1000,-0.0028,0.3635,0.0437,0.0000,0.1264,0.7284,0.0000,-0.0133,0.0309,0.2462,-0.7900,-0.1099
2026-02-11,6.9700,-0.0185,0.6264,0.0617,0.0000,0.1997,0.5689,0.0000,0.2499,0.0197,0.2582,-0.9283,-0.0933
2026-02-12,7.0900,0.0171,0.6864,0.0917,0.0000,0.3639,0.6180,1.0000,0.1311,-0.0344,0.2668,-0.6070,-0.1086
2026-02-15,7.1300,0.0056,0.3500,0.0266,0.0000,0.1684,0.6267,2.0000,-0.1883,0.0197,0.2644,-0.3940,-0.1136
2026-02-16,6.9500,-0.0256,2.0550,0.0734,0.0000,1.5100,0.7287,0.0000,-0.1984,0.0238,0.2777,-1.2792,-0.0978
2026-02-17,7.0300,0.0114,0.2967,0.0327,0.0000,0.0639,0.7470,1.0000,-0.2292,-0.0072,0.3009,-1.0529,-0.1166
2026-02-18,7.0500,0.0028,0.1975,0.0511,0.0000,0.0502,0.7228,2.0000,-0.3836,0.0228,0.3325,-0.8711,-0.1191
2026-02-19,6.9100,-0.0201,0.4613,0.0492,0.0000,0.0404,0.7739,0.0000,-0.3339,0.0000,0.3251,-1.1219,-0.1534
2026-02-22,6.8900,-0.0029,1.4519,0.0552,0.0000,0.3161,0.7451,0.0000,-0.4827,0.0405,0.3148,-1.9341,-0.1843
2026-02-23,7.0400,0.0215,0.9258,0.0384,0.0000,0.2166,0.7743,1.0000,-0.4573,-0.0044,0.3179,-1.3571,-0.2273
2026-02-24,6.9000,-0.0201,0.8411,0.0449,0.0000,0.3613,0.8280,0.0000,-0.4510,0.0142,0.3141,-1.7714,-0.2493
2026-02-25,6.9900,0.0130,0.7707,0.0343,0.0000,0.3188,0.8115,1.0000,-0.2263,0.0275,0.3149,-1.1302,-0.2632
2026-02-26,6.9400,-0.0072,0.7735,0.0519,0.0000,0.1931,0.7665,0.0000,-0.1670,-0.0315,0.3158,-1.4493,-0.2579
2026-03-01,6.8800,-0.0087,0.9123,0.1584,0.0000,0.3326,0.7608,0.0000,-0.1398,-0.0216,0.3147,-1.7523,-0.2515
2026-03-03,6.6900,-0.0280,0.8741,0.0404,0.0000,0.1781,0.7747,0.0000,-0.0732,-0.0203,0.3127,-1.8875,-0.2302
2026-03-04,6.6100,-0.0120,0.7423,0.0287,0.0000,0.2166,0.7376,0.0000,0.0206,0.0075,0.3118,-1.9041,-0.2209
2026-03-05,6.6700,0.0090,0.8287,0.0810,0.0000,0.2615,0.7621,1.0000,-0.1429,0.0000,0.2937,-1.4004,-0.2279
2026-03-08,6.3800,-0.0445,0.7934,0.1411,0.0000,0.3181,0.9302,0.0000,-0.3147,0.0495,0.2743,-1.5202,-0.1928
2026-03-09,6.4000,0.0031,0.5877,0.0750,0.0000,0.2377,0.9418,1.0000,-0.3040,-0.0016,0.2786,-1.2095,-0.1953
2026-03-10,6.3200,-0.0126,0.7924,0.0680,0.0000,0.1476,0.8121,0.0000,-0.3811,0.0406,0.2807,-1.3768,-0.1851
2026-03-11,6.3700,0.0079,1.1718,0.1680,0.0000,0.4009,0.8376,1.0000,-0.4370,0.1551,0.2730,-0.8309,-0.1915
2026-03-12,6.5200,0.0233,3.1179,0.1365,0.0000,0.9912,0.9024,2.0000,-0.5099,0.0000,0.3324,0.6821,-0.2101
2026-03-15,6.4200,-0.0155,0.4410,0.1231,0.0000,0.1595,0.9101,0.0000,-0.3536,0.0736,0.3471,0.5923,-0.1978
2026-03-16,6.3200,-0.0157,0.9825,0.1092,0.0000,0.5210,0.9181,0.0000,-0.1791,0.0748,0.3347,0.2171,-0.1851
2026-03-17,6.2700,-0.0079,1.4220,0.1148,0.0000,0.4438,0.8614,0.0000,-0.2830,0.0190,0.2907,-0.5371,-0.1786
2026-03-18,6.2100,-0.0096,1.4729,0.0515,0.0000,0.6964,0.8582,0.0000,-0.1536,0.0335,0.2814,-1.3226,-0.1707
2026-03-19,6.2400,0.0048,0.3026,0.0224,0.0000,0.0210,0.8427,1.0000,-0.1641,0.0225,0.2790,-1.0472,-0.1747
2026-03-22,5.8500,-0.0645,1.0556,0.0735,0.0000,0.2981,1.0358,0.0000,-0.9714,0.0000,0.2676,-1.5974,-0.1197
2026-03-23,5.6200,-0.0401,3.0651,0.0943,0.0000,1.0887,1.0930,0.0000,-0.7254,-0.0188,0.3129,-2.7783,-0.0836
2026-03-24,5.4400,-0.0326,4.3428,0.1912,0.0000,1.0679,1.1195,0.0000,-0.6442,0.0036,0.4069,-3.3907,-0.0533
2026-03-26,5.1800,-0.0490,1.5156,0.0869,0.0000,0.4260,1.1373,0.0000,-0.5487,0.0000,0.4126,-2.8655,-0.0058
2026-03-29,5.1500,-0.0058,2.7871,0.1534,0.0000,1.1229,0.9603,0.0000,-0.5784,-0.0058,0.4361,-2.8154,0.0951
2026-03-31,5.6400,0.0909,0.9861,0.0957,0.0000,0.3008,1.6963,1.0000,1.3774,0.0641,0.4296,-2.0858,0.1294
2026-04-01,6.3700,0.1217,1.8783,0.1884,0.0000,0.7359,2.1145,2.0000,1.6569,0.0709,0.4290,-1.3848,0.0989
2026-04-05,7.0700,0.1043,1.8848,0.1146,0.0000,0.5172,2.2275,3.0000,1.3092,0.0518,0.4230,-0.7648,-0.0099
2026-04-06,7.0100,-0.0085,0.7267,0.1084,0.0000,0.2560,2.2333,0.0000,1.3022,0.0000,0.4121,-0.8890,-0.0014
2026-04-07,7.0900,0.0113,1.4814,0.0832,0.0000,0.4745,2.2290,1.0000,1.2932,0.0271,0.3961,-0.3860,-0.0127
2026-04-08,7.3900,0.0414,0.8129,0.0541,0.0000,0.3186,2.0309,2.0000,1.1310,0.0000,0.3814,-0.0936,-0.0744
2026-04-09,7.2300,-0.0219,0.6618,0.0581,0.0000,0.3172,1.9697,0.0000,1.1740,-0.0352,0.3623,-0.2584,-0.1010
2026-04-12,7.0900,-0.0196,0.2470,0.0719,0.0000,0.0901,1.9286,0.0000,1.1809,-0.0719,0.3670,-0.2901,-0.0832
2026-04-14,7.4400,0.0482,0.7833,0.0672,0.0000,0.2619,1.7079,1.0000,1.0202,0.0000,0.3581,0.0224,-0.1263
2026-04-15,7.4200,-0.0027,0.4001,0.0256,0.0000,0.1547,1.7006,0.0000,1.1092,0.0067,0.3747,-0.0276,-0.1240
2026-04-16,7.4300,0.0013,0.5506,0.0713,0.0000,0.1263,1.6169,1.0000,1.0745,0.0175,0.3568,0.2627,-0.1252
2026-04-19,7.3900,-0.0054,0.0973,0.0230,0.0000,0.0276,1.2502,0.0000,1.0576,0.0000,0.3798,0.3250,-0.1204
2026-04-20,7.3300,-0.0082,0.2164,0.0750,0.0000,0.0360,0.7585,0.0000,1.0580,-0.0663,0.4015,0.3333,-0.1132
2026-04-21,7.3400,0.0014,0.4241,0.0749,0.0000,0.0976,0.7471,1.0000,1.0326,0.0573,0.4135,0.5987,-0.1144
2026-04-22,7.4300,0.0122,0.3739,0.0848,0.0000,0.1214,0.7472,2.0000,1.0080,0.0245,0.4009,0.8776,-0.1252
2026-04-23,7.3000,-0.0177,0.5472,0.0616,0.0000,0.3035,0.6526,0.0000,1.2270,-0.0013,0.4012,0.7081,-0.1096
2026-04-26,7.2200,-0.0110,0.9708,0.0651,0.0000,0.3796,0.6228,0.0000,1.2970,-0.0233,0.3986,0.2600,-0.0997
2026-04-27,7.1900,-0.0042,0.2148,0.0515,0.0000,0.1257,0.5868,0.0000,1.3399,0.0360,0.3826,0.1271,-0.0960
2026-04-28,7.0700,-0.0168,0.8777,0.0509,0.0000,0.1389,0.2886,0.0000,1.5550,0.0139,0.3828,-0.3176,-0.0806
2026-04-29,7.0800,0.0014,0.1941,0.0551,0.0000,0.0493,0.2975,1.0000,1.5494,0.0325,0.3764,-0.4638,-0.0819
2026-05-03,7.0000,-0.0114,0.7218,0.0457,0.0000,0.0136,0.2959,0.0000,2.0064,0.0000,0.3831,-1.2377,-0.0714
2026-05-04,7.0200,0.0029,0.9729,0.1068,0.0000,0.3756,0.3106,1.0000,2.3550,-0.0714,0.3596,-0.8990,-0.0741
2026-05-05,7.1800,0.0225,0.6429,0.0682,0.0000,0.2587,0.4168,2.0000,1.3150,0.0385,0.3248,-0.5232,-0.1128
2026-05-06,7.1200,-0.0084,1.4196,0.1152,0.0000,0.8742,0.4201,0.0000,1.3148,0.0167,0.3263,-1.5478,-0.1053
