title,published,source,url
Why Investors Shouldn't Be Surprised By Anmol India Limited's (NSE:ANMOL) Low P/E - simplywall.st,"Sat, 14 Feb 2026 08:00:00 GMT",simplywall.st,https://news.google.com/rss/articles/CBMi1gFBVV95cUxQWXJ5eXVBUjVpbVdOX0VXRFRtektmcU9BYXVlOWxYdGlJQUNrN0h2bFIwUnU4UWI4VTBCRThaOXotNWdkRTdnN2dic25hdUY3N1hZNURlZFozZGNhTUxFNF9iVmJnRjZyYVNWVUpQQ3h0cVNmY0VadUNwRGcwdF9KNkJhbEpVTUtoejRSanduM2FyS1pEWGViYlZCVXZaM1RxWGhqOFVZRVVSelVfcFlFMzgtQzV1QkRlVFVmajVhNExfcUlqUXNfZEpRX0VqSzFSTUxzX1RR0gHbAUFVX3lxTE1iamdBUm96ZUF3N3RJMnM5QlV2RTRzR2M5aHdFRmQyVHg2aFZuNjZ3dG5rcTUxWGVGUk9GNTNmamI0eDF3aTNNQlc5VVN5UVUyNTM2b0RxWFF4eHBtZ0t1b21qZVkxU1ZtRVJHM2dMSGhDZlFDeWFwcWxEd2JWbGk3d2xjQk9XS2I4Q3RvZzdwa1ZXYVlvYnYwejl1bENLWDlvcTU5bmYzMVRQQkhxckd5bVF6bjQzTWVlNFJzTTdXdHkxUDlFTjZ1bzBIdXd1d3NNODEyc0J1UVlYRQ?oc=5
"Anmol India Limited Schedules Board Meeting on May 16, 2026 to Approve Q4 FY26 Financial Results - scanx.trade","Sat, 16 May 2026 07:00:00 GMT",scanx.trade,https://news.google.com/rss/articles/CBMi5wFBVV95cUxQYnZxamVDSXgtMDRoU2dXM2U4ems2VW1SX2VNaDZXMThwSkpfTDdBb3QxTVBoV2xMTTNzOVZqVS1pVGh0cE84Y3h4TF9fRDlnR0pJT2dsOERkUEVZMzhrQTBOMWxuQWVTZkhKb2hCX2wxWU1yN1dVd3ZCOUVETk1pVmhMejFhek9NVVJaNVNGLTB2WmZpNDQ4T3ZpV2NvTDF0M3IyNE5CNmNqTERzek9pWGpyZjU3dWJJVDNnck5FeEhVVEVFV1hhRVRFaU1BSWwzQXlQWXl0VEFndEFFM2xxd1B3cTExdGM?oc=5
CBI questions Anil Ambani's son Jai for 6.5 hours in Rs 228 crore bank fraud case - India Today,"Fri, 13 Mar 2026 07:00:00 GMT",India Today,https://news.google.com/rss/articles/CBMi9AFBVV95cUxOTmxYN2N0UmkyNG1VbHRaQTlrejdCQjlwdXZSeFZsRldWZU1MQWRSQkFyQS1kWHRGaE5RR3NfR045OUQ3eS1XQkUyM19HbjhxdjBON0tkS0dJaGVSTS1xOTdmUFMyaS1QZXJrbFR6RXV5Ml8yT05pekN1VVR4cGJBZUFJc0Y0b045elFlMVFJdDdMTV9nNTlkZGtjYlAzUEU3cGJuVklKeVdqS09tZXJnSXQzREdveTFfaVpoZHhnNGlFbTFsUFk3NmxCQ2ZNOXNmTWJVc3lzeXBLbFBKTGkyZHJfOW9NcVFHRTRlVTRFcTlDU2VB0gH6AUFVX3lxTE42dElpeU1sSExWZi1jTGM4Y2JkNXBoRC1ySDhNaUpzNF9sTzNwM2p2SVlCRVBRZGRfR0FNYk0zUzk1V3R5ZENhOWpMZ0hIcjdIRDdRanhLR1dOQlRzcUJ6UUpjaGMxbWE2bE9hbkpBZFo4RlpuLXVaSFpHeUdWVGxtaDRBVUNiRTl3a3ozS1ZvTjN2WXFpOVBmM0JjUGs5Ul9Od05sQTE0X3l0VVFkbDZqWXVBT3dPQ0d3VUNlTDVHUFNCQi1ycXNCNl94dE9jeDg1NVVtTHVyWjIyRklGVFVhRUNXV2hvOHJjUlBsMU9vNkhkV0VXQk5pdmc?oc=5
Jai Anmol Ambani questioned by CBI for 6 hours in Rs 228-crore bank fraud case - The Indian Express,"Fri, 13 Mar 2026 07:00:00 GMT",The Indian Express,https://news.google.com/rss/articles/CBMingFBVV95cUxQRWxaRnRQQkVCS0FrWkNVOWpkaHBKSXNfN3A3TEVkUHhkODZ4YzV1OF9HN0JLSTVMY2RIdGdoaWQ3N1Z6MXN3THU2c1RQbVV1emh0eVpTSFZJU3VDY1JQeHQ0Y1dFZ3pTQXJNcWlCNlFhT2xhMDFTcFFBYzRqZUJZTk1IUXdkNzNfU09yMWEweEJQbEhwNVVhZ2RwaTYwQdIBpAFBVV95cUxNWlB4LTdiemFwOEhZQXlBS18zNzlSczhWM0ZoMTVjMlFKelRHWUlXNU5yOURmT1hvMDBEWGowUHVhVnAtZ0hVZlh1Qmc3Q3VETjVyaTNHb19NSHVtRXhQT2JUd1hMb2ZZRnJRa2N2X2pCQ2NTSndOcHl4a1VaRFQ3NVlib0UycHJoeUh6ZVVGSWVMV19uNE1sclQtbGJDaHFNYjdKRA?oc=5
Anmol India Q4 Net Profit Rises 57% to ₹2.51 Crore - scanx.trade,"Sat, 16 May 2026 07:00:00 GMT",scanx.trade,https://news.google.com/rss/articles/CBMi2gFBVV95cUxNMTk5by1KQ21YYjk3X3dfWWNSTlZHTVcyZTVITGItODdhcDRZdXlkTjVrZ1VaaGxvRWwtOVBxZmtJN2VOdEJvVzV1YUxlZ3R2bEtKVElwbHJpUm9BZllPZC1za3VlM3k3Zm9oQWN3aEJubXFHVzNTU3dUS21TTGJucU92MlpaTHRUa2xuV2ZiTzJBa1FLR2p3Nzh6ckI5azhxYlgtejhaakVVaVhmYTBSTEgwNkhlanZoQXRWeEJSZFhvWTlIRFBmVHFzb3FVZzd5ZXhFdUg5emJnQQ?oc=5
Anmol Industries Appoints Abhishek Kumar as Vice President – Marketing - EventFAQs,"Tue, 03 Feb 2026 08:00:00 GMT",EventFAQs,https://news.google.com/rss/articles/CBMiqAFBVV95cUxNaTBvaGIwWnZNYjF2NDlLX2dnSHBGNnRJazVIa1hidHJ1blhHU3VMb1lNOHhEcjBKLTNlVzBpbW9SRFI0MjVVZWVMOUFycm5XTkdrZGZtODFEamVIVTRRcWZPbUx3RXhvd3djQlB4elFrS1UzdG5Oc1RnSU5PVmZHZHZHQ1RIZGNzSUtqeGJmNl9MOWtWSEpXUUdiWWpvQnhzWXdodFJ4UDA?oc=5
Big win for India: US deports Anmol Bishnoi; key accused in Baba Siddique murder case - The Times of India,"Wed, 19 Nov 2025 08:00:00 GMT",The Times of India,https://news.google.com/rss/articles/CBMi5gFBVV95cUxPZUxZaTdGMjgyUFNmbzZadTBKQjFZMHo2Zk1sdDl2U19ITVY3dno0c1Z0R1BCOXpWc3Z3Q0RUdkhhQW5HUVNtN3lBYWlRMXhlaXNab2lsUjBobDh0VXU2Mm1sU0tiYXFRbERPczA3T2RQSDR0aFBDZDdqNTBhWlFsS0xDX015UDlEVmdOT1JJdy03alZTX1hxUW9pT3lCRUpWeUVzTWliQV9yMVBOZ0VvTW1fYnBReDBmMTNKajI1NGFqanRmUExmQUhvbkQ3T3VDOE1XVnR5NGV2aEV4ZEUySjFtblpRUdIB6wFBVV95cUxNSzlxWmZBVDNvY2pvbnFLdm1scU5Xd0xWMGEwZllza3MxNFZObGUtMUdqQ2E1TmxxendWZG1NUU5uc1p6OVlwbi1yZFptZURGTXE4eDVMTFB1azh5Zk8tTDFlUXRlUG8zWWFhUmozeXVwVVBKX0l4dlViQUZSM3BKSU8yYkJ1ZDNuc0dXcnNXLTJLb1N3Rk13UFpiY0pwNVBGYTdNNzVmWlc1S1JOcWxNQ3NIeGg1VDBYcGxkTzd4a2toc1MwbVNNSVh3WThGUGFBR193YTZEeWZiMTVMZ3ctM3I2amJ0dmdkX1FN?oc=5
Who is Anmol Bishnoi? Accused in Baba Siddique's murder deported to India from US | India News - Hindustan Times,"Wed, 19 Nov 2025 08:00:00 GMT",Hindustan Times,https://news.google.com/rss/articles/CBMi7wFBVV95cUxQRGtVVVBnWFNpNlN0dFlIQnZYRHFvaXg3N1lTVzdpMnk4TnpRUGlRMmY5Nk9HNV9vX3B3ZmNPTkd1ZDlDLVFwMGt1bEluN1VjZXBMaDkxbDRYVUp1NUlkYlgxQllXdmZXS0VRTzJ4S211ZXIzdjllWmZqQjJHNXhRWklKTzBfZkdWdFhnMW51cVpuTjBQVzF6eUZZMmtRVGlPMG4yOG9RZzN1dTRrLU9IQzU5bmtHNlFZYXdyTU9ITDNtZUdNRFNNLUFFOWp2QTVJb2o2YVlKSHFWUGVYbTVqeUFQUWlGT1pYczNXOGY1TdIB9AFBVV95cUxPYnkydjA2Qnc5X1B5TzRfYXZRYzNWMXl0dlNUMC1YSm43ZnFjS3ZZYTVqbXZ3UGR5U3l3TGtqRnBtSWxWdnVSaG5MWkM0VENzVmZ4MU80YXgtU2tkU2lReG9YT0szYkswY3FIU3VnLWFrcGFtcWRmdE5sSWp0QkxsUzZUc3VxQ2xiWVE3UG1fbHRoVE5yeW14bGZVLUIxTmtfdnVIaURjWE8zQ1RHamhrMzRNXzNlVHJiVXV3eWo2YzVDTzFJakprRExVTTVlV09WX29hc25ldG1fZzBfTHI2b3hTUFQ4QUFaMHpqUzZMNUJuRXZj?oc=5
CBI files case against Anil Ambani’s son in Rs 228 crore fraud case - The New Indian Express,"Tue, 09 Dec 2025 08:00:00 GMT",The New Indian Express,https://news.google.com/rss/articles/CBMiuAFBVV95cUxNLXQyRXJCdTRIVHcxcnFDb0lfVlFRVVJ5NG95aTFnbU1NRkEtZXdZbjlnWDZWZWg1WTZfZExzUFhlYXkxTHE5R1c3TDI2VjViSDNLUzhDNVhwTEN1Zl9jNHJlcHpLYVNBQUJ0OUtkZ0lEZTBjSmxYc0o3cVNqZlZZb3NGTDljdXlkbEMzbVJKNE5EZHBXN1gzT2ExMld0eE1SQ3FXdFpvWEduMWxuQ0dfeGFYMVVFM0Rk0gHGAUFVX3lxTE43RHpDUVp1Y1pWQTVGbk9PTHN1WHc0elJXYUlmVm5CdFBhZWw0bU9fQjFnbEcwNy1rWi1QMGlFLUx2VTgyblRxZnQyM25ERXNEMHVIZGxfNDdzMFFndVI3T3Z2YURSWnZ0N3gwQ2dUQmgzeWpHN2Q2SWk2bEh1N0NZZlllY0g1emRBUUpCY0xzVVI5SUZOMklKUXZpc1gzTzViQ1BDSjNrdDVOOW5mTE9tQ1JuRG5EMGJLeE1ldm1ueDNuRTRsZw?oc=5
Anmol India Ltd Board Approves Issue of Bonus Shares in ratio of 4:1 - ThePrint,"Mon, 05 Jun 2023 07:00:00 GMT",ThePrint,https://news.google.com/rss/articles/CBMitgFBVV95cUxQNTdtdE1DbXlreFA0QXJWUUVmVmpJcDhITWdRMEd1c19hcnVkWFJJX1lRRmRjRC1aQ3QwRlZSdndOZnNuUGhpbTdHLW0zd2dqWERpRnVqVG5sUXotRDc3bE9nY1hDbFAyaDE0Y0luTWxkbTVQZ0dVZ2g2SFNDaTdWejh5MUdPNXRUQkVadVJTd2k0dFE0YlJoZjRhUDFIWmJBeV9iWjA5RklWS1BzNGpjdEFqWHlwd9IBuwFBVV95cUxPZW9iU18wSS1RNl8xUkFCN2RkcEdJT1dBQzVlRU1hajhpcEN5UTFvcWtmNVpqSXEwVktPMlpzTG83UmJuazhvQy1sUHpROTRJXy1PQ09RUEVYWXNhemNMLVc3R0pEQ3Q3S0lUa3o1LU1zRkVBam81dkV0UjkyNTNGS1BLaHZCUjVBeHhYM19lS0YwNVh1WkNmYnJZZ1BjMFRlVE8tN0JNbWVjYkZ3eW5wQV9iWUF0ZGRsck1R?oc=5
Anil Ambani's son Jai Anmol named in Rs 228 crore banking fraud case by CBI - India Today,"Tue, 09 Dec 2025 08:00:00 GMT",India Today,https://news.google.com/rss/articles/CBMi6AFBVV95cUxORGhFTU4yQWYwWkJuYUxMY0VtdjNMOHluQ2x4SVRJQVVCaThIWElyWkNOLXd3em5rSGlNcjdENjRraS16YUNoUFktRFFNLXRLa3d2VG9JMHg3U2tsZ1NpZmlTam1saG5tVlFlMzZ1ODhaR09JQi1UNHI3V3A3eTZ3anZNX1lHMGNZX3RpUXNlaEZxZFcyTHZfQkUtTkgxM0YzLW5qYllfbHRUdjZNNDdudFl0SnlCVGNCay16ZWpDMmJ2S2F6VHdrWGF2TGNzUFJYaVdKUjdtcDdxbDZUVTN1TUh6dDhjc2px0gHuAUFVX3lxTFBsdWk4Y2h3LU5nN1NIZ1BXT0RodTZ4M3g1T2NjYmN6alJoV3lLSGRodFBHaGJpSnJQVUZrc3ZTSW9CbVZUelQxaEkyMFBWS1VUZTlrQUk5eTdwekdPRzJFOHNOM2ZubEZwOS0tQzN3c2JmcmxTTkp4ZGFwQV95YVBydEtaaENPRnU3WGJrS2JWZVprNFN1YUNtNGNtX1FURWlxZ3NPMUdBRE41QktqUVdLYVNmbTZncWRnSDZVaWZFTDV0Snc4Ty1HSVBEUktlZVdUd0J2QkFXaUw0T3dzX1VuWHJCUVJvUjc3VUMzU0E?oc=5
Who is Anmol Bishnoi? 5 things about the gangster deported to India from US - The Indian Express,"Wed, 19 Nov 2025 08:00:00 GMT",The Indian Express,https://news.google.com/rss/articles/CBMivwFBVV95cUxPLVpSWG93ODZjVENDYUlLZXJCVFBJUG9FSmt1SUVDd1Z6aWRQSlJPWmM2MXhYVzlxb1pWdmNJb0sxM0dNckcxM0hZX1ktcjViTDk2VkpSTEdFSmlud1ItLXJHeGE1R1BSU09MOUFlSDY5T0UyR3JHSW10aU9LWU5QQTR0aHZENkxFaFUtOFRjVUFVTkNzVnZwR3ZJdXdCTThnZ2RpQW5lQWRVckltNUEtbnR0WERYaHFCanljVFoya9IBxgFBVV95cUxOUDFPUThEZXRmV2JjdUhoSk14bVMwSVBlVGFMal9FT3dmMDhJLVRULU9lY20xRjJCNTJ5V19paUs3R2R1bVBDdDBubTMtYzZZdUNodnVwQ0NlNG0xTXRkWlRmd21NWWE1ZHZSa2dic1Y1T2J4bExrdzU3ZG5vMDhFZ1FHZWVRYjgtc1VvZnlpQVA4WlVrOTc1R2lUd2VqWXBmR2pqNEt0ZUxTRzQ4aHdwUzIzNzRjdU40amlta1Z4a0NXUzFfdWc?oc=5
Anmol India Ltd leads losers in 'B' group - Business Standard,"Fri, 19 Apr 2024 07:00:00 GMT",Business Standard,https://news.google.com/rss/articles/CBMivgFBVV95cUxQRi1IYUJNLWxkenlwY05JMzBQRUswQ1Ytb0xYMzZHM3lfX0NlMGQ0a0tJMWV3X2tRNTFVZzc5SWhrdTBFR3hCMzI4ZTNkTG1fU2lYV3lLelNLZ3JhOTN1czluQmRLR1JUaUVLTTJQT3I5OHJrS1dHMmhPSjR6Q0t0cDNsLTVTd0ktQlJ5RVgyLWI2TVFBVnl1d0JxTmNwcWE0Q1o2NEd1dk1TV09TaFNVdEJ2WXFnYWszeTFtMG930gHDAUFVX3lxTE9lamtJLUR6cExUblItQ3FrOWhSWlpYekJkZ3RwOTlWdXBWekFUVEVuYkM3Y2ZRN3VERUUzUnhyODBIMHlBR0FjRFJIX05qdFJoWTBFM1dfaWVaYW9FZ1pxT2NwQ2haTUJpVURqc2E0SmRCS0k4XzBEZ3h3TVNmbmpjeVlaTnI4eWlidmdmbElYY1FuMVFKV2c5Y3B1dm13TTd3SDFDNVpaSDl0UUhIODE2Q2xsdWVhcEc4dGthajIxMzdGQQ?oc=5
"Anmol Bishnoi, Accused In Baba Siddique Murder Case, To Be Deported To India From US - The Times of India","Tue, 18 Nov 2025 08:00:00 GMT",The Times of India,https://news.google.com/rss/articles/CBMi6gFBVV95cUxPNEo0dUNyTTZFd2tNbnFNQlpmeFhlNVhhRGpTS1d6MU9IdWh6M3c2Qy0zZzJTSmFEbXR2ZG1qRko5R042NWthc3BsUDVvSUM5ekpJXzNpOFYxdFJGUW9WYmxpZXUzdmphNEJ2VGpHM3hrWTB3Z21NOFpMcVk5WVVyT2YxOXowdzhMQUYtVzF1c2tPWGlGeW1MbkVpSzdwSGFPUl9rU3hTUlctTHVIek5qb1FfSW5GNHI0SVNqV1FTYThYOUV5ZlR2bjZTTXc3VF9McWFmVEpkQzlxeG9Fd1EtOVF0TXF1SFhtZUHSAe8BQVVfeXFMTVBmdXlpV0Ryd2YzYnZSTkZBTFBZTlhaNldHTUdqTnBEWWFsSUJDY1JBQ1FIckhsNFJGUWZDTnQ0aDRiS1NsNURWV21YYzBjRFdFd19jZ205WVhZQ1Z3MjdrNmVKRFpZM2M4VWlZTzAzMXNpRjVFb2drS1BtbGR0TkM1bXdXV1gtcnNBQ1RNTjI5QVRDUHdlOXlHOVBLdEozQ0ZRMmFWSWJvWUdhOEFMSC1LYktjQjRrYjBrZk9TeS1hZHprUzZzUWhEazVnUzU0a3A2QVgyNlp1WXpBVWRoSWwtYVUyenhlSnZfWWJuVmc?oc=5
"Anmol Bishnoi, accused in Baba Siddiqui murder, lands in Delhi; NIA takes him to Patiala House court | India News - Hindustan Times","Wed, 19 Nov 2025 08:00:00 GMT",Hindustan Times,https://news.google.com/rss/articles/CBMi3gFBVV95cUxPRXRwVVA3SU1ZX01IUXVWSDVwMHd1eFNVWExHMkZOVnVGOXl6ai15OXVZbnQ2ckpHZ1ZTRURWY1dLWjF2UEFxbW5XZzZUdGRNeDB0QTF6S09vTVVoV3pzcGNGV1oxbHM4Wi03TmJEUnppZVFxUmpSYjFIWDNpSHVzLXBEZGF0ajg4TUhnalFCbVNaZ2xPaV9VUTZRa2J5b3FUcGg1NGYxX2ZsR1d2RGlKcTRuaF84VVY1SjJhQzhOM0J6X1l1dGlZQWhRMzBqVEtCdFNJR0NBYUQ4cjZWUVHSAeMBQVVfeXFMUDBaYzRtU1ZfcGsyYmIwMjJnZklSZEJON190bnlHd0lYZlNibzhFS2RFTjFVQ2tBUmM1ZlNDNHRBcGpISEFaQUFjcW56R0hJS0RwVUlXQUpQcGoxWXFvYzFqY3QtQjl2cEtpUTl4QXRXYXd6Ujk0ZFZIMm5Gc2dqSHBwSlNqZm1vZ0JFQ3JQZXI4b0MzcW1KWlpFT3B1WWlQVVVwWDFpbFVUNE1yZExyV25iZTZoM2g5alVVeWtvTDNkbmRZS2liYmxyR1plWGFzR0ZaVWJvZlAtY2NXY2lGLVdlVlE?oc=5
"Anmol India Ltd Share Price Today,, ANMOL Share Price NSE, BSE - Business Today","Tue, 31 Jan 2023 08:30:46 GMT",Business Today,https://news.google.com/rss/articles/CBMiggFBVV95cUxNTWExbjBSMGdPcl9qTnRUWVFsbHZ5YWJ5WnVyYkV4dnZyeHFWYUhFNTZLZHR0YlFlTFVwZEtGeFRId3docTllVmsxY2x5ZjNQbWRPVVl2ZkVmOXJNMHo3ZVVCWDZvbG9ONVFNSVhqMDNGYlVyNGdSMVBIbzExampuZUVn?oc=5
Anmol India Ltd. presents a strategic expansion plan - Business Outreach Magazine,"Wed, 19 Apr 2023 07:00:00 GMT",Business Outreach Magazine,https://news.google.com/rss/articles/CBMiaEFVX3lxTE5Tdzg3eTVSVmJVWTRyY09YbmgxTEVDUldNanl2WmpfZUlDVXZwaVZQOXh0NkVXaTNVUnF6M0R6YktKVUstblFCME1qZjdRYzZKZXVoMFducUtSNlRBaEZnNVR5cW5kU3Jw?oc=5
Anmol Bishnoi deported to India: Who is the notorious gangster? - The Indian Express,"Wed, 19 Nov 2025 08:00:00 GMT",The Indian Express,https://news.google.com/rss/articles/CBMi0AFBVV95cUxQTnk4M0M3OGdFWmtBOG1CSmN0NG1FckFEbnoyNmFmanhGdkswWFJjTlRQTTZONUd1S19vU0RvdkNHbHR3VElqdWZraTFzVGozRXpCVEs3TE1FRGItNzBhN2IwZTV1S0FISEVuTlVxVUdqVEhWNzdVTzdXSW5DRjhvbERBYThSTzBqV01oY3haUGs0QVQ4UW1WWUVhalBNTWpKa2dveDkzV0ZaaGJZWUVrTVJXRGNKbVVaMndrRjNKVzZ4TjUtcUlLd2x3NXhnd3Zr0gHXAUFVX3lxTFBWd2Jja1VwYjJhMXlkN2NhcUI2YWNhTC1FMHgwb1ZfZVQ3SVlITDg5dUdoUTI5UXdiSjZhTUxGSGtaZWVkSlpFOUIweGdlNm5pa0dxOEN3ZWlMbk5aV0QzdzB4YTlXcXRZczc4WmY5X3hkdjJhNjFyMlprV1hPM2Y2aVZOUnNmVGFUY1dxQnB3TWFOVUxwcWMyaE1tVVo1bmI3aE0zTHkwcXNXNjBTc0dDWUdoSmNSajEyV2lBN3JLZ0xvWFhBSGtGdGFOQjgyaU1iWmRiMDhn?oc=5
Gangster Anmol Bishnoi brought back to India. What dossiers reveal about ‘proxy for brother Lawrence’ - ThePrint,"Wed, 19 Nov 2025 08:00:00 GMT",ThePrint,https://news.google.com/rss/articles/CBMizgFBVV95cUxPMkdsMVRlakNRUHNXRUZqMEVuaG5BM2tGVlFzZmk4NW1NenZiY3B2alNFMDF3MWxOZmU3VEFNbk44OV9LSFZHWlZOQXh4U0xuZnZIbFlQYjlkM1ZPTzNPQUFPeVB4XzVzUWVNd3dwZGlNeG9mTUZSQ1dTT1cydVBBcldFSGZXS2hnU29wbTdOcmZub2RIR2NUVk90MER4bUhab3E3VVlvT2w1R0ZTdWN4RFMtS2ZKbGhaRURBMUpzLXJQRHJIeUZRSTBobWNzUdIB0wFBVV95cUxPLUkyT200OGJkc3ZFeUEyaU5Fc0ZZVzB2cEIycnRTa1pDajI5azZ2Y0pVTzB6djRWX00xSDNsNTZWZk5RZUl3Z3ZneXVLdHRNMFJQSlVoekIzUmxkMUgxbENyQ0hZMUo4Q3dtRmhCdTVBdXJUbmEySk5CUkU5aTdJSlpoUVdyQm5BdDliM3dwSjJDUmhRQWI4M3hDMmFrZjBpemZjbldMZnZET2xZTTRsTk1nbl84VGlsYm05WFQyZjBkWS1QOWJ3WmJBNFZRVzVTdThr?oc=5
"High-security cell, 24-hour watch, to be escorted within prison: How Tihar Jail is trying to keep Anmol Bishnoi safe from rivals - The Indian Express","Sun, 14 Dec 2025 08:00:00 GMT",The Indian Express,https://news.google.com/rss/articles/CBMiwwFBVV95cUxPc2hYM2pmRjRRNjUzdk5EZ2lmM0s3UUxkdy1ZOFNNVURZS2cwRWZfVHg3Q3ZpSENHSHZ1dm5xOWVUVmRiaEFST0gwZjI5aVU3X3ZvY3VuRGlwYTVNaTZJNkIxZ1F3Szg2Wm02SXJYLUdicG1GOXFyUGFSNnNVdmRRb1ZyQWlxcVFmbHVFNWltMlh2SnZJbXRHMVpoamo5SFZPT3VTYzJUTm9qSVVsVXpfcm1STzhwYW9BMGVKQm1pUEFJTHPSAcoBQVVfeXFMTnh2ZDhjenRwdG1GX0FNUXN2dVM2WFJTQzh5MGFnRS1iQTZ6SWEwQW54Ulp5eFVVanNWR3IyRnpYLUZRVVNaOEx6cExuYVRtRGNKa2g0WVR2VTBvRlJlSzBYdUNmVjJEQTVmMUlMbkIybV9GNi01blMyd2p6SDRfOEs2WVZfWVFUcVA2a2M1Sm56blVjYmE1ZXhwN19rRkVFdWlkRjdsM1h5YTladjBRSS16TTl0SDNkbHlUN2pzYlg5RVNYYVhBVUZNZw?oc=5
Anmol eyes urban expansion - The Times of India,"Tue, 26 May 2026 07:00:00 GMT",The Times of India,https://news.google.com/rss/articles/CBMiowFBVV95cUxQTDhadXgwQ09qdUJJS0d3YzRxSjBHTTI0SmhCSTFRZ0FDOUE1T25NRTh4XzFMWEUzeUdPTzZDNVZiYzJvMWJKcVlWS1YzWk1IRzBWWGl3NG5KRnNJbzBFdE9EdXptY0lVajA1aU0zSjkyS0twS2VzR1Z3MzZLT2p3eGkyY1FJczVSSlZsZmQ4NzRKRDFzSVlDUnFDOXJweG9PQkE40gGoAUFVX3lxTE5qb19KMTREUG9mUlpiUUFmWHVDVk1TRlVBdDJ5bjNkYXc5OU4tNjdlMXdieDRuUmZ0eWFablpPZ2JJR2VIcXR2MDRJQndsWWpHU2tOVlh4QkVVNEJWTDNpMERhNXg3bTk3NGJZelR6MWkzc2tERW5OT3VIN09jNEduTC16ZzNBaUlsWkVoTkdLUmNudGFwbl9iSHMxT0ZFODZHc0V6Q1c2WQ?oc=5
Technical Analysis of Anmol India Ltd. (NSE:ANMOL) - TradingView,"Mon, 07 Jun 2021 04:19:56 GMT",TradingView,https://news.google.com/rss/articles/CBMiaEFVX3lxTE56amdjbTB6ZHhRb3c4djdSOXZVZHZfLVl0VmtiUmxfZWhuN2hmRmF1MXhsSGpWZ2Z1ZEo2OWZkRjd0UlpoeFJuYlcxWjcwNHJmekdGY0RBTG1uMWJsMG5yT1lUV25pbnMt?oc=5
How an AC blower blew up Anmol Kharb upset-hopes against Chen Yufei - The Indian Express,"Wed, 13 May 2026 07:00:00 GMT",The Indian Express,https://news.google.com/rss/articles/CBMiqAFBVV95cUxQR29uRTluVnhaVlk1U3JhRzVmcy1ITlhtTEdiOFYwVzdadjRDSEdOMjFzcWNQQkhMVEhobHROdzFjbHZRZkpQR0RqRWdOcU9UZjFIZnFzSzJreEczUkdlVjV6aHowNU0xbUIxTExQM3NjUXh2UktqM2JWRW9SdmVBYVgyRklfT2lidndvZThwSGZBUHg5c0ZvN0JuX2ZQN1lmQi10MnlhMVbSAa8BQVVfeXFMTW5nZ29UR1pzcnY1MXF3dmhfclVRWno5N3VRdHZQSTd0NjJ6WEh1UExtcXpjeWw1NWIwRnR2M2ZLMzNsQThzcXk2Wi1IRlNocC1IZnVnZXVvRk9tUVFEVGdwVjZReHVUaVUtM1ljMUNZN3BVTFJval92ZldOQ25nX3NySlRLNlRBeFZUVDZkSWRMOWZQMFhEblExRXFFSGRJQWtvT2w3Si05X2pJT3RHMA?oc=5
"CBI books Anil Ambani’s firms, son Jai Anmol in Rs 14,852-cr bank fraud case - The Federal","Tue, 09 Dec 2025 08:00:00 GMT",The Federal,https://news.google.com/rss/articles/CBMixAFBVV95cUxPWlllZ3Q5MnN1c2I5Z2JSNGlOQ19xbDNXVnpuOG9yamFOeU5EdFBVOEd0Sm9DQ25JOW9pMDBJNkE5ejdRTGVTLWdha0pDZEFDbFJmT2VZLUcwb2RNbEs0eUYwY3U2TmVxLTJxZlVHODJUZWZFX2tzMWUxNGtzVTZUT2NuME5jLVBwSmE0NVdiSW1wY2x0TFVjZGpPUzV0bDgxNnBnR2xPMENBMEswWFJxejVRS3pXUFB1TXNoZVlMV2FWUWZR?oc=5
Video | How Deported Gangster Anmol Bishnoi Became One Of India's 'Most Wanted': Explained - NDTV,"Sat, 22 Nov 2025 08:00:00 GMT",NDTV,https://news.google.com/rss/articles/CBMitAFBVV95cUxQVGNhMWEtWFRvc05oa283ZFBUOEx3U1N2Ujl5Y3hQRlRTWHVwT1pDUURLUXlZOVlIcjZyYlhFUmpDd1c0aVBqNnI0U0tYOTZtSnRnRjk2QTNvalE4VENuQUJud3lYaURkS2lBdFlKY2ZmTzJXVFBNak1YaEV5c1M1NHdnTnVUdVA1SHNSTEVDLWVHLUZ4Y0JHQ2VCRlBUcjFKWmpINXV4X2pPcmUtU18wU3EtOGc?oc=5
"Delhi court extends Anmol Bishnoi's custody; NIA gets 7 more days; Siddique, Moosewala links probed - The Times of India","Sat, 29 Nov 2025 08:00:00 GMT",The Times of India,https://news.google.com/rss/articles/CBMi9gFBVV95cUxPT3ZqM010eWtiQmszMy1fQVhEbUpBMkdWVVlGbkpxenJYckgydTI2SWNWck1QYkx3OEpxdUY5cEZEQUQzQjBFcGUzS1pMUEJMQ1pzUmtEOU9IT3l1NXM2cC0tVjRCZ041SHdHSEptSmNUMjVZS19EVllqTXA0VnNJN1hmU2NhSFR6SHZvcENYMDl6N09aLXN0QzFTdTIyaU96c3RRcndoOGhNXzI2V280MlltUXJYNGFuQWhmY1BhbHBWYVRoS3dsVmg5LTdMbzg1MUotQUgzeWxyMm4zVVVlNk1DOW5BYWszZkRzM3MwajRPemg0OEHSAfsBQVVfeXFMTW1LSXZyS3JxZ0lxeTRhYndDTHAwZEphaHIycHBvajlEcjRNWFhuODlOekdfZTB4QzM4QXptTU90aktKMUNCSTEwMjdWOVZrMzMtV1VpSDdjQldyQmctaG1qMjllc0l4N3B6U1JOMmpzdlhZQ1U1bUNuMWw4V0pNd0dmT0FodDllM2VuS0FkRDhXbEE2cjdPOEczRmVHUlV2OElmemo1ZmprYkhPZ2t3NHFXZkR0VlI4TXYtQnpNLVBCN1k2dkU3RXVFenkyWTBIa0FWOGhBaVd0ckx0NEZjQmY2ZnUyT0ZXNzNGRkxiTDE5ZXJ4cTBkb3JtbG8?oc=5
CBI Probes Jai Anmol Ambani in Bank Fraud Case - Rediff MoneyWiz,"Tue, 09 Dec 2025 08:00:00 GMT",Rediff MoneyWiz,https://news.google.com/rss/articles/CBMinwFBVV95cUxOa3NOMkJxWG93Q01YX3psX3V0VGFSSHBhSmIxZXU2SmpLU2V2OENkVjI5aGpUajVwR2V5OUJ6NXhXQ3I2WkdQR3FOZTJsMWNpanVJMVJDTWVnNW12alFYZElwSFhjNC03NWlkbFV4bjBnN21iaU5DWllWQXFKQ0xwWGlsSFN3UmlCOVVTcmJscGNmNkh0NWFwVjdOV2pVaUXSAaQBQVVfeXFMT0taanR2bS12bWZ2MzhhaENpb1NpVnpUZ2F0bjM3a2JlMkNTUHAzVUxETk9oMG5VMTRMdXREM05ScTFNYlUxb0FZVHlVZVdwSHVjS3phOEU2V01CMFhmQzUzeFEtQ3NNbnNQdFplSFByVTVWbXppYVkwZDNBeDFIOC1DR1p1QzZLWGFZRW56Q3FTTzlWQ2xLS0FRcVhpYllRbXljV0I?oc=5
"Anmol Ekka, Sakshi Rana thrilled after U-21 nominations at Hockey India Annual Awards - Telangana Today","Thu, 26 Mar 2026 07:00:00 GMT",Telangana Today,https://news.google.com/rss/articles/CBMisAFBVV95cUxOcEh5eGhSdFM0NUlxTDZtWEY0N3NrZm5ySEhtbmZfVlhLOC02MEZMY3dVdzVFRVdOa0RCb0hiWVFLRWhpNUtKVmo4eEJvblNPdUFsSEtGbTcxeTZkaGpjMW9uTmtMZEtRR2VocGdwckNZdkI5Q2MyeUM2bm9HTTZ6YTJoYTNCMFR1VjFMZUFxN2dYcDk4bnhLX1dHT0JoelFPYmdwTngwcC1IdW43WnNvTA?oc=5
"Wanted in Moose Wala & Baba Siddique killings, Lawrence’s brother Anmol Bishnoi being deported to Delhi - ThePrint","Tue, 18 Nov 2025 08:00:00 GMT",ThePrint,https://news.google.com/rss/articles/CBMizwFBVV95cUxOcDJFZzQ3QlpwcmZTYy1BYWs4eXZUdjdNdmV3eVdnWkltZ0l4UHQwZi1LNlpFZm02MGFkeldYUW1nVTVSTDdnOE1vRXJqN3lBeTVCNnBxT3FwTF9hcjNSSHcyekxMc2NSY1pWRnFLOXBRS3BCQTVKY25PSUtmS09lZFdocFVPckxZV19Wa05XLUJHb0FWcUxkMVZWX2tQZTlZUmRvQTVMMFctM0xONi15SnA5aWNlRUJ1ZlRZWnFQSFRuUUljeTFjeTdTRnQ3WFHSAdQBQVVfeXFMT29CVmhqaEwzNkcxaEd2WGVSa0dLV0NmVnM2ZW9sQkUxWU01YW1UMkY3ajdHNV9XS2JOSmlkdVFoa3BIQzNsU2VoaFhYd0ZLU0dXclBEZm0wTGVkM3JZVjAzelIzQVVwNmdhZ0lBTzhWOTVPUzM2OUhoQXNHZmIzNGhJLTRORERGTWZQMnppVlVhaU5kQTdWMXg2Zk1qSklaZ1NnRVR0QUpFbzNnWnFhVlFhR0NBc091WHRQcFVOZERESzd5QzVFdGlKVTZ6TEpDTFVIZVg?oc=5
Anmol Kharb marches into Arctic Open Super 500 semis - The Indian Express,"Fri, 10 Oct 2025 07:00:00 GMT",The Indian Express,https://news.google.com/rss/articles/CBMisgFBVV95cUxQNzVwakpJWmhNd2YwVUMwNnBaTXZsX1R6WjNFRGN1YUtTeTI5V29lYnBfQndsdHBtU19nMFVWd0ljNmhUc0xtQ2JqLVcxaHFYc05tZXFaTzlCYWp5cmhLN05aRVJzQkxKUmE1UGdNQWZqdkVrR0QwRG5Wckp0WEd1NXdSNDAyRkNHaF96YkNxMVdCTWxvVXl3MldBS1hySnpHY0tlVzZSTEpVVVFHZWdsRmtB0gG4AUFVX3lxTE5waklyOUVXYTRyMUxySTFwTXJyMGpYS0xTTlFSZkMwS3ItOWdPb3dwY0dkbWNCOFYwTzdBNXdzV01ZNVh5ZDdfZ2hBUHVGTndRT2hPbmR2c21ELWl3SU5SS1ZvM2lKbVZVZ3QyTzdpa09vcVN6aDVETUVVXzRUeVBEWWQ2dFpFeVhUdXlaODdiZktkWUVYc3BkM2hjbHpLV0tYNVBvd2dNb2o1ZFdkenRVOFdMclRTWnM?oc=5
Tech analyst sees upside in these stocks - CNBC TV18,"Mon, 19 Jun 2023 07:00:00 GMT",CNBC TV18,https://news.google.com/rss/articles/CBMiywFBVV95cUxQX1JpbUF2OHoxTjUtR21WQWZoRGJRbzRZeVRzOXhOSEE2R3V4VWwyR1AzVU54SVR4TzBYLUs0bEdvOHY5TzA0c0ZyWFBQdHpORmozVndUakZ4bkYxWG9DRGRvVnk2UjZpbUc4Rks5a0tpdW5GT2ZlQWllcm0zaXVwUkw2RE9kUTZlZzZJbEdXa2VTTXQ0dmM5Z3hZcVhZb0hPY0N4SFlFZEdoanlWQUlCaW1Hc19NQUotVXJXb05keHk3TGxuaWZzLUkzNNIB0AFBVV95cUxOSWxENjQ5UHVsLVhTbWJtaUtPXzR3RFpNZy1rWVQwQ3QzYml1RnJqNUkzZEZVWFJaVWp5T084U091ZTBuZ095TTAyOVFEc0FGWDFPZXlTTU94ZmVEenA4eWp1WktJS21LSXV4UDEwaFZTMFFoblhaWU1RQmVjZVBRWC1UUHJWTzB3Tk50MTBiZnRVbU1sQzUxeUtxRE9SSG1Oa1pELVp4SXNJR3FfN2dqNWV6TXZMdUFzai1mQUdCa1R3T3ZTdnF6UkxxVlM5Tlg5?oc=5
Anmol Singh Jaggi - Fortune India,"Sat, 12 Apr 2025 06:35:57 GMT",Fortune India,https://news.google.com/rss/articles/CBMiY0FVX3lxTE5kckM1T2Zxa0xTeF96X2kydUJDQmthblY2NlZscDFILV8xQjA3VWhRSWtYYTlsbHR1WDdqRFZ4M2tHdThmbDlPb054VmQzc29XSThjZU9SMVo4d2tkNEFjLVJDZw?oc=5
CBI books Anil Ambani's son in major bank fraud probe over alleged funds diversion - Telegraph India,"Wed, 10 Dec 2025 08:00:00 GMT",Telegraph India,https://news.google.com/rss/articles/CBMi1gFBVV95cUxQYlRMSlVLOGtZNVNlQW5CM1NfSl94WnRvX3R2WXR2UWNjUlRUMzdOVXFYRTVmNDhaVm1LeFlnWWx3MDAydVNLRXZ5M2ZqRmRESzZsbjBfakNCZWhZQ3ZZVzhOZUgtRndkNlhfNTRvNXl1ckZ4SzNRdzlJVi0tV1Z3RW1icFMteW5URnlFV3hjTW01S2FGMURSUm1veXJRSzd6UFIyNDVYRG4wWkM3UFhPeWpTVFd0RXF6NGx1VEhETG9haXhlQzIzdFR2SEJ4VzhpM0hRbkR30gHbAUFVX3lxTFBobm83MGVsSGQ0MklLMUg0N3c5NzcwTlZjekZEM2NtOVU3bXdXc09xYXJSQmYyR0tJMTRIU09vYU9yaTZyNVFzLV9oelVRTnhGVUw1dF84Mm8zU2t2U0pGendjaEVqQ0tTV20tdEJKWENIbWN1Tl9mQVY0emI4c0Y3WnZlY2otWU12akdVYmhmSVRCMFFLNVpCN3JPZ1hfWE9ZelR5NjluRmZjUlVuVHFtcG9iMnFGS1JuLW0wbEJha3hVVEtmSVR3bFd0YVZSa2twckthZXNwR29tOA?oc=5
NIA arrests Anmol Bishnoi after gangster brought to India from US - Business Standard,"Wed, 19 Nov 2025 08:00:00 GMT",Business Standard,https://news.google.com/rss/articles/CBMi0wFBVV95cUxOOTNDVVd2VGNoZnR1R0hoXzZJRUlLejRTaWNsdlBHOVZFa2tjSmNvTG9tRGl2Q1RwRnI1dEJVbFdZanZVeDQ4N2RaRE9TRFpTbHhMck1hZ29jd05JYmhMOU5VbjRvZmtmNWNaOHBMdnpBNlFMZ180dElnbm9HME9RNHZhWTh4Wnd1d1BRZHFOVVQyeE9oOGY1cXpHbnhRelhMblhBaG1wLS1VYTE5NWxGQS0xbTlpVS1ySnZfQm1fV2ZIYW9CT2RKei1NZXJVS1dWV3U00gHYAUFVX3lxTFB6dVJfV18zZ0VGLVN3cFptZWZmVWxyXzU3dV9aYnU1T3ZGaTY0WWlXVGJkNWFRbTlkeldLUUpTdFhuR0czb1dTeUx6RWVmVzBBMjllNm83ODRtQ3RZYUdqeWQwUmRONGdqMWtPbk56SDktRUlLMWp2ZGc4NzVtZ19qR25pcmZJOEtQSTNqNDNoblplQmplNU8zcGdjQzIycklyX2swMEFSRlpEbmxqQ19ZemRzd2pfVV82UHpScmp5bWJhT1N6R3RaRC1GOUsxOTRoS3h0WkxqcQ?oc=5
CBI books Anil Ambani's son over alleged cheating of Rs 228.06 crore with Union Bank of India - Telegraph India,"Tue, 09 Dec 2025 08:00:00 GMT",Telegraph India,https://news.google.com/rss/articles/CBMi-gFBVV95cUxNTmpUYlZZU3VSMVlMU2NmdkYtUUpETDdzSFRWX1VidGpJMmt3bExoaERqMUhrNGNYTFQwdUNiejg1anFqSmVKc1VKbWJwY0JGdHNPZlpLTktuSmVPUURFT0xFdXY3R2lpN1lDdHE2eEtQUGwtYldmbU8xTXZndngyWU1lWTJTWjFvLTF2aXFWN1otNzJSNC1TX3J5bTdjQ0ZlemxTcE5VcjIzZUhDY3YtS1lYMlA4Wk5zdTVnWnBPa0owU2E3S0lPWWk2RzdlYWw5VHF5QlVlZmlWNHdfZng0SXNnX01RcUFoQWJMSVE3Q3ZWTkhSRUtXN1VB0gH_AUFVX3lxTE9aZjNxVmphcUcyRXBFdmUtMnhXOU1hSGUzRnFTbXAxME4tWmhjV3BSUU9oOEpVc0VTLVMybkp4M0stYkFhY3NNc3hQZmhMU3hmVW5iLWlCTUNoeC1aNWxITkw4MHlfRkVVUVBJTDBfcmZqeGw1T0FwWlhLZ0lqSmJiQWQ4Q1FkbWJxWW5jU2ZLSkhnaXVadkxGT1BHMkpkNFMwM1RHNWZsM3VoeF9PYXVzSTk5TEQwNkdUNjQyeXpyTndSdlBreHl1czcxbm9FMV9SSGF4cXF5UUc2UTVSamh5OFpJcXA0bFN6TTdTZ0ZmbUNnQzVadFktZnctUDJ0NA?oc=5
Delhi court sends gangster Anmol Bishnoi to 11 days’ NIA custody - The Indian Express,"Wed, 19 Nov 2025 08:00:00 GMT",The Indian Express,https://news.google.com/rss/articles/CBMisAFBVV95cUxQSWpnaEJVVFNWZl91NFVJVmdOTDJUcUVJaUFUVnR5RXpHSkI2UnBiZnVORFp5MldfbFMxc2JiSkxFNGQybS1JRlFuVF9aSnBXbEhJTC1md19OeUZLZHdJY3l6VjZKZHI4OGpnakhqT1FiX3otZlJEdE5RTlo2VDIyV0xfb1BYdHhIQmkwcmhRVVBVa0ZfeFVhMmNQSTJhZTA4UTJCN3BwYXJkc0d1eGZEX9IBtwFBVV95cUxQcFk5MU5KLU8tQkJ3Ukx4VzlnZm1vZ1UxS2M3dHdPbjdEeHhEWGhDNXZSQ1NNYWdWb1ZDb0o4d3MtckhxT280cWRydWNSa0wwMFJCNHZWSzRWZVJ1Z0psVjVyWW1SX0RaaDhyNC1UUjNkQUdsTW9NdVJQaE9ub0Nrd3RIM1VaQzJfWTlHWF9pNVRHWGk2eWtCUU43ZjN1alFmbmUyMXFZUkVpVTB4Y2UwcUNjSVMwQ0k?oc=5
Who dares wins! Faridabad's Anmol Kharb shows the way as gutsy 17-year-old has the badminton world gushin - The Times of India,"Tue, 20 Feb 2024 08:00:00 GMT",The Times of India,https://news.google.com/rss/articles/CBMi4gFBVV95cUxNVGJUOFhURzBtYkVkWWFydGVVa2l2bVJ2M3ZxY3Y3OVBpME1DaWdjdXh5bXItYnJybXloOEZNZTdvSGdkYmdhVUM0N2lwa01nVFk1ZnEwTWdwNUNzeXVQTFozbU8wcE80Tl9uejNFZ3B0bWNaN3A0VUdnRTdOSGhEV200dGcyQVRETmdPdGRWYVVQbF9TVGRFeWZqaFc4RGNUVC1hOEwwczZzWWRSd3NuSEFxdzVfemhWUGRCamNINVlBdU9BMzVBdUxiWkJ2QjEyN0xIWlpRWVFoMzVWRHY1cHBB0gHnAUFVX3lxTE1YVzlPYUJjR0c3WVNvUnR4SU1HS1RESV9kaVZieTF3dFpEaE55d0hCLXNwSmpiWGdaZXpuUXRuZnczMHNTVUprTnhZdVNpUmtoREl0SjRERm9qMXRXeEZIQjRzMWdORE1YcVUwb0gzeWFTSW9WQk9ZMHdkb194LXNvUkt3d3ZxY0l3eV9KbmxwVzkyZGExb3p6U3gyOEtLbkxTYzhUM1A0UUhZb2M5cXMyQTYyeVlNdTZfdlFyc3ktUUtNZU5LRmpwVHo4aFA1ZEdRSGdoNmh3N0swTDk0MmtTc1g5OEdkUQ?oc=5
Lawrence's brother Anmol applies for asylum in US - The Times of India,"Thu, 21 Nov 2024 08:00:00 GMT",The Times of India,https://news.google.com/rss/articles/CBMitwFBVV95cUxPV1RpY2kxTGJ0cGZoRk85RHNEdXNQNDFZNl9PWTh4Z0haLXVONFR0SGlYeV94QXIwd1JSTEljdTRRQXk0QmZsdm52eHV2azFzUzdXZGs3MGExRDZfS2g3LWZ3XzNBMVVnNVVEZXA4ckFCNGlfVDZlRW94dUdmMmYwMHk1VWw4NVZuaE54dzFBQ0dDMy10MVpUbHpMOTBLTTVXc0k2c1dPc1hvQ0RNcks0eWQzWlBIc0nSAbwBQVVfeXFMT3QyLTQ4TU5BWlFFcHhKdlJMSUJGUGp1MU94NGs2bDQyaWdFa3hsZGJfMGlFbE9oNmRNZGRUVWdzM0ZkemIyZmRNRkFwWVRSZ2lweWJPRXByQnFKVUZTRGJPWUFTNTZtWDVLNkNCQWk5bmwzNnBZN05pcUpaeDBBUkF3UXhXRDhrb0JVUUFNUDlraWRVMW43aHhfWUZMQjFGSlhPMVNndkJMbEk2Wk9vN09lbm9XbEZYaXBvNUY?oc=5
"Samrala killing: Anmol Bishnoi gang claims credit, his jailed aide booked - The Indian Express","Thu, 06 Nov 2025 08:00:00 GMT",The Indian Express,https://news.google.com/rss/articles/CBMi3AFBVV95cUxOMVliN2RHSU1PZmxoQTZuYzcxWG12T3k1WVNXc0Y1YVpRQlZ0dmQ1bGRQWnAzM3pkZGtoWlFIS2xEM2cwNzZYV0tBR1pucG1MdWpSb0pvTlBKTFpDNFhXUVl3LWluNk9IdFhSLWtoQnFzaXZ1dmFJNEMwd24tb1VkS2otZXJWTzhTaFRMRlVFNzhXQWRncURUWFhaSDFUZW1qN3JHbVFiYkZ3TVRhYlRpaTJmTml0VjUtRm1XcXRTNGFWNVBBS2FfZ21McE5BdUFtWHhhR1kzUVZUeWFp0gHjAUFVX3lxTE1YX3RyUnNvalVNSElZWUM3a1ROWGxpS0U2LTYwTTRURjFJN3YxRU1rdTlIWXprY1BkT3JiT2JLYnhKNGJub29VVTB5bTA2MXBLMjFPblVnRnpFUnMwWmlJLTl6aUtEdTQ1ZE9ZaklrUG4ySjNJcnJtSWhfUDVhS1l1WUc2WjVkVVdpdE03eVVWZGZocmVaLVBFV2Qxd1dXdkFwRTdaX1dENjUxelRPYi1vLUVodHJYaEg0d2hQNGR6MjNkMk9laHlFNlM1WjlNUGJYMFJNV2cwWkRNdlVHTW56d2Rz?oc=5
"Gangster Lawrence Bishnoi’s brother Anmol in custody in ‘Squirrel Cage Jail’ in Iowa, show records - ThePrint","Wed, 20 Nov 2024 08:00:00 GMT",ThePrint,https://news.google.com/rss/articles/CBMiyAFBVV95cUxNS0pOazdtaDR2RGFDZlZkVEtLYlA2VGlhaloxMzdDd0trNzJnZ1NiZUJPekNPd0ZJVkxrMDhGbkNYcjdMVkFzaGtyVjdfS2RsTUhHUEY5a3VNOU5hNGU1cmU1SkRmRXNJOGpfVVNfUVZRbHNzRkNvcUxGWUw5X0U1WlFyRjU4Z3JISlZtYzVSeEowMXZGWXZ1cm9ITElnRGN2VnFuRFdkX0NaVmMtbWZyb05EdVFFdTY3OFJBVGtaelRaaVBRSFlMddIBzgFBVV95cUxNaXFNUWJBOHFyeVgzTFEzeVU4MHpua2ViLVpTNGtUWWZTREZTUkh3d3V0b0pRTmRFMHdZMjFEM0xGbWZWYTl4YU5PTmdVSWZQQlhtdWlBWjFuZnZxQXJaNENVV0lieVdLZzVuaGI1amhRNHdhVlhNYl8xamVtLVcxMF94d25CU0NEYnBHUmVHQlp3TWdnUjBzRHVFWjBId2tRVWJtbjllVE9uZHc1bWpNeDNiUFFWUEY4TTUtamNLejFXaHNKaE8xRG0yWlhtZw?oc=5
"Anmol Kharb, S Bhargav, win All India Senior Ranking badminton titles in Jodhpur - The Times of India","Tue, 30 Jan 2024 08:00:00 GMT",The Times of India,https://news.google.com/rss/articles/CBMi7gFBVV95cUxPZkM3MmFkakhXZXF3cm1pYU5kSmlmcFI4c3ZNY0tuTXlBay1sNUUzejgtTkxSS1FFa3I1ZE5JazNkRDVHd2ZiSm9QcHFDckgtNVBPd2E1ZmxMQkpvcnpyR1B4cDlxSFQ2ckp6ZERjTS1ONnBvS2stZ3l1TE9VVlg1c25nRDcwa0dOLURQdVphdE9FQWI0VWZaMFVfdHhEbEF6dHd0Y0FET0NFbGltOUwycVpyNlVUemMzVE9iakF2M09WaUxESWhJTzQ0SHd5d0F0Q09JeHVjNEwyZUlENmRXaVZ4Q0NIS004Y04zYVJ30gHzAUFVX3lxTE1iRjdycmw5UGNNNzR0VTFRbG5aWjVTMGtLZ0ozblBFbEQ5QnZ0TG44aXlMR3gwUXcydldTdzFVLW1WNGlVeF9RRF9oSUw4MEM0LWFodVd3VFFyamh2WEpjYmFDTE5sZGdjamdwOWd3S0RXTkdOMEtfbENrWVBFR25OcmN1SmZ0MGxob2drUlhrZ1h2cWQ2a19ud1NTS1FSdG5pR21zaTkzUHRIZFJPUGdIOXZPRzdOTVFsWkR4S01xYlRwZWlXU09FQy0wbW9QWnVXZzVuUTF2ZEMyVHhuOVd2bl9JRmM0dTBiaEZCVVduNXJzaw?oc=5
"Anmol Bishnoi, Lawrence Bishnoi's brother wanted in Baba Siddique case, to be deported to India | India News - Hindustan Times","Wed, 19 Nov 2025 08:00:00 GMT",Hindustan Times,https://news.google.com/rss/articles/CBMi7AFBVV95cUxQVWU4b042V0FkNXdHbVFyeW5oX1RlMUtYR21HQklfalBMbDZ2czYteXlBZVdlbm1yQU9yd1Z2QmVYTU9UZzRzWUlfVVFZaVFaaDQ5N2Y1LWFCTXlJVFdIcW91MG1hUWFMazIzVXIwYjBXeHhXN0ZwQnQ1cjBIQVl6dFVxZUl5YUdMTGxVeWhuRlFKYWJjOFRCVW02eWQ5UV9nUXh4anRNdkF2LUFOeW9LaUxZV2dXTVJjd1pfOGRxZkZaU0tPYkJYekl3endDMGdtUWRRVEFMaGpuV2RjNHlJaVNyVWwzaWdxU1NTNdIB8gFBVV95cUxObE01NWdPRVBSbzNVWnlQa29YQVhPUVNsdTAxckVTYmtUMjJXRzgweGdnS3hqbWx2WmFqb2pkTi1fRXpTZ1B1VFZfU2RGVzk5UFpZU0JiWVYzQ1NJMjZvZzRkX29QMVQ1M002MlplLXpBRU1IOW1aTXA4NWhXWm1VVER3LXVQTXkyTHZHcVdVRHV2VmczNTFXRFJpOGY4VUY2ckpRSjdpX2xoQkxQUEdTOC1Cd0t2bEg5X09xakRGenFaQmNxNWxKMGdMSFFDNWd4RzctTW1BSTNaQjdUSkxyeGJsWEIwQ3hBV0t6dVZoNFFrdw?oc=5
Jai Anmol Ambani to join CBI probe for second consecutive day in Rs228 crore bank loan fraud case - Goa Chronicle,"Sat, 14 Mar 2026 07:00:00 GMT",Goa Chronicle,https://news.google.com/rss/articles/CBMiwAFBVV95cUxNVFQxQTFXTGN1US04U1pta1VPV1FnWmJMQ25FV1dVYjNqTE9ISGhmVkl2NUlfaTg2LXM2STlqYU9mam5pbXRuX0pSNl9FcDdUNGtQOGY2R2NpWTFkNGwzSV9MSlloQVhrbk9uVVRfMVpkVW5VOGs2b1MxNXM1aWlzR0o0Y3lKbHZpWHRzVTNCdUxOTm1tT216ek8tMjdHVUlDUTJXS1RqUXhTX3p4TjRPVjExOVhqV0FnZHZWSlI3WVU?oc=5
Will Unnati Hooda’s defeat of PV Sindhu at China Open usher in a new era of Indian women’s singles? - The Indian Express,"Sun, 27 Jul 2025 07:00:00 GMT",The Indian Express,https://news.google.com/rss/articles/CBMi6AFBVV95cUxNV1VKSGc5RTlSWFVOWXBwYjk5YzdaU3lvY1EtZEhBRnFGNEFRSFc1VDVfV09HSm8tdHppc2N6d0pZTUU3M0hzZFBSMks1Y0VGZ2x2QTAtY0lmVmwtY01OWXdjWHZ2c0YxYUJpZzRYOUw3bmFka0pxYWsxdHBXUjZKWDVyWjEwYzJuT2xJTGZPSHpTRzBnTXVtSkMzYUNRQWcyY29LZk0wbkx1eGx3ejhEY3BsN2Nob1owc01aTF92UEJZamY0bFV0blVnLWFJTy1CcHp1cHpDUTlTQlF6bnY3OTB6cHc4eUpB0gHvAUFVX3lxTE1iQjY3ZWx2V3MzQk16dzRxdERoZHdDampSZEgzSmRkanAyVHlKemZ5UHRzVktSNEdTSFVmTVduRElSbC1fSjBYRzZxUEI1bUtZQ2NDdW96RmhjWnRLcUhfS0x2eWVhUGFSYzdhQzNlZFpwVjZkWnhzNDExZFBicHN2R0JvQjZjTnpMZjdoSnowWXFHVWd0QnotenhXaGVmUVhlY01KNTgxUFZIdFJja2lRM2FLZmdOWkdpZUNWaTEyYUJoQVhMb0JiZS04OE9GZHdqdElnYnh4LTJEazFoTHZxc29SQ1BPdWZiZWtEeDN3?oc=5
"Anmol Bishnoi, key accused in Baba Siddique murder case, deported from U.S.; expected to land in India today, say police - The Hindu","Tue, 18 Nov 2025 08:00:00 GMT",The Hindu,https://news.google.com/rss/articles/CBMi4AFBVV95cUxNUkxhQkswRWN4dnFBY1ItTzh4S0lWYURhbnZQazhqTjlCbnBqaWN2SjdfcWxySC1WM2ZBREl5QlNtdE1abjJWaV9pX29MT09oYUQyTkpjYjFPWVIzR29NenpiWVdNSUxILWdjaU5oWGhUWTNMUDdzajQwZi1Eb0lXdmxab2xwbzF0S2g5UkhyYnc5VTFhU211dWk3NVFncmtPWkdocDFoWnRqSk5fNklEaGJvS19JZUxEZlB2V3dndzlmWWtYMVFSN3VMV3QxQVYtUGFHSlloNnFXd214UEQxUdIB5wFBVV95cUxOc3p4WVJjTlhLNDQwYXR4STNxTTFpZm43QWNaNTc0c2pvNFpsMTZCSzB4OWtSWF9zVDlMQXJEU2ZhUlItdU5VbVVBQzJtVE5nc1dra2t3ZXptTThNZldGLVVQNGFVa2sxWVc3M2RsVDB3WXludWlyS09ReE80VzB6Sjl3ZzdlaWtOVTJyaHlOd3hFcWQwN0RXMUlqM19JLWJKbkwxdDNvb19rcXY3MkVyckZ6aUFoaFozb3BIRGtwSE9wOThGMFhDTS1lOTJ5R1ZBUjdtM2dpcFVyYWkzV3lLTmZOX1IydDA?oc=5
‘Make list of builders in Mumbai’: Anmol Bishnoi told aide as Bishnoi gang wanted to start extortion racket - The Indian Express,"Tue, 07 Jan 2025 08:00:00 GMT",The Indian Express,https://news.google.com/rss/articles/CBMi8wFBVV95cUxOUnprZk5ONFVGMkJFVU9TdXc3NHdfS0VZelVsRHFMMEhvaHdaNmJSN0pUT3o3aXd4WFZSQjR6THo1a0JLUW95akx6QTl1SlZxd2Zha2h3c1JQRjRkQkd1N0FaWWZoLS1EeWstSTB3cWViUlBxU2xlZHJZZlQ0ajNFM0dxdjVrbjE3QnZ3TmZ2ajJmcDhTUU9vRjk0eVpNc3RmZ3NDRjFTS0lYdlNtVjQ0bDZXcFhjZU1WLXpyWUladEdhYkFwNUROMlI3NzJ5RTEtUTNVNkJDalh6SDFWVTg1STBuTFI0bGFpeUpZYlF4aDNJUmfSAfoBQVVfeXFMTjNSUlhweHpUMHhpVDF4NVdRUzRveEI1M3JiOWpGTUstaG9CVjNuR2lNa09uVWZRWFBYNHljS3BCUGNkdWlQZm0tRm1IbzF0czRTMk5XbzRmemZBcXZLMlpxYzBteUF2NlJpRVl5QjJQUWFvOWJOOElSLWRqQU9zWUs3cU5LbEtVdWJZYWIyY0R2SHJVZUdBWUtfVkxXT3Ztc2JDRDJXdGtWM1Q3Yjl2WTB2bk9TcnBrQ0p5cFNyaUhYWV9GMk15b1hmN1lqZURvNWpaeEJyRlEyZDh6QldzVEJmWVBSMEhYOW5tcTNFbVU2QS1DVHNQT3QyUQ?oc=5
Baba Siddique murder case: Anmol Bishnoi set to land in India today - Mid-day,"Wed, 19 Nov 2025 08:00:00 GMT",Mid-day,https://news.google.com/rss/articles/CBMixAFBVV95cUxOcV9CUG9RdGhZWkNrR1kzaDl3R0pHWXllT0xDNERnMWZ3SGZyLWYwbHFqeHdQRDZqLVRoc2pmekJuZWU2OFlwNTZ0WFprakxUbGhFMUwzcExpa1RRbGpJLW15V2k0bEtDdnpJSWZEZ1FmXzB2LWx0X1RzNHM3ek9BNTJjeWFFVE8zN2M4dHdVOFZJTC1OWEJCSDlYVllJN0lKR3BoZF9EZVdHdU5feGZXX09hU1hSZE9DZS1iOHU1Y0FmdUJh0gHKAUFVX3lxTE84a0JHTkVYcXJjVWFpZHQ4dWRWTmczVThwY2ExYk5NcGtST3Z6REhXemRMdk1DYmtJaU5ncXRfX0d4S0g4Vm9ZQmJLQUFHR2FzTG1sdHBocUg5NVhsTVY2WWtmS1hPbTJKeUNabnljWFNsajd0ekJRel92Ym1JbzdDUXZTQnM2WG9EbGV6dWt6b1F5YUpLNUFnOXgtU3RLUFhTN1g2N0d2Mm1BZC1tVHlCRWNHSDdlVURBYmY0OE1FNFBTTXhDQ0hNUWc?oc=5
Indian trucker with ‘Anmol No Name Given’ license detained in Oklahoma amid illegal immigration crackdown | Hindustan Times - Hindustan Times,"Sun, 12 Oct 2025 07:00:00 GMT",Hindustan Times,https://news.google.com/rss/articles/CBMihAJBVV95cUxQbDg1cWJHVlpyazJhY3NWbXFDUTd4NmtPUl9PeER2WkJONVNqbC1YRDhuWGE0alZUUk9YRUpzOVFTZk8xV294WExFYTBJN25zUUlSZmtHWngzT29lUVdzUENTSzFFOU0yU3VycTd2Q09uNmZSaTFzMjYxaDNJeWNfNUFmdzdwZHk3c0diUGZpYVlTVWlWcWthdmotTHlJSnVSZHRpM29WdzlvRnVCdmtRUjg0V2hldUwxQW91WjkyQlMyQWJzSUdwdGtpRHpJWFRQMEc5dnRnMGUxaE1ZdHZkRTRyZVAzdmJ1dmNhMm1CZTkwbDExVW0xdlR6X2Z3ZlFoeERqbNIBigJBVV95cUxNOE9yUUZXQVlNZlFrZWo0b2lRNmVQRWtBcGFvT1huNHBST0R5SXZzLVc5eUV0VjRrMEFtUFQ4NGZ3WXZpQVRmdFZ4MTRtTERyTmtLYWdjMVhFcXpVTlFsb1hSU09SVktfWXdoSGdpaFFDWVZKeDFEcEs3bTZXanBob0tPWE1YTERDNVBVV3RteDJRYUtyb3BIRGRVNDhDaERRUVJaRjktc1FUY0NJbWplTnlZeUtnRXhuMEhtN2dNOGJKZlhDV2c5QWlxN0Fua0lwZGVjN2hsZHdXd1VOWkVuNGRiRXFlbXpIUmx0NkNaY1RoNGExTmhtX0JSc1U1LW1malVJd0xmV1ZNdw?oc=5
"Lawrence Bishnoi’s brother Anmol held in California; Indian officials, FBI discuss possibility of his return - The Indian Express","Mon, 18 Nov 2024 08:00:00 GMT",The Indian Express,https://news.google.com/rss/articles/CBMioAFBVV95cUxNeTRGLWRIUmNKdzNpN1RPWjA1UVotcnpZaXAyVUxIakdtU3k0X1NYNFpOY3ROa0o1V2VNaVVmMGxIcnQ4WUR3TWhMSVJleW5SYjB5RjBvWjZ2b19SVEIwOFNqNWkyNlpUQ0J2akRvLUZFSFFWZkZZVDlqVTRUb3kwVWJuMF8xbVpLM182cU9GTUVoRzc2S0wwS0lqZ1pvN3dK0gGnAUFVX3lxTE9sLXJhbndXVjM4WkVrXzNlOVpKcTByVkt1cUh3NXJnWWhsWENYdXB6bG5NekJiUTRjb3hqd3NEa0I0ZGZfTzJ0QVdmYzdCTnYwS0FkQVAtN3RvQzJkbmhnWnZVMjA1bUU0ODRxTXRaREI1QUdRVWhLMV9tanNjUWtmcmVnZmlERnlHREktd0l6UjdqZGxxWjlTVDVUT0RjQTBiQWFLZFlR?oc=5
"Anmol Kharb interview: On ‘damn good feeling’ of winning Asia team gold, working with Sindhu and Gopichand and more - The Indian Express","Mon, 19 Feb 2024 08:00:00 GMT",The Indian Express,https://news.google.com/rss/articles/CBMi1wFBVV95cUxQczJ0R1hUV01veEYzU3VrbnFsUEpUVnpSdnkwR2NpNmxKUTByQTgwNm1XRlgtZkFlZ2pLaTZ3WF9FRjUyOUw2YktwaWoybVpFRG1mb2dXQVROWWhkdGYxT2RLRGJ2MjdYazNfS3lKRUl2Uzk3NHc5S25hajBsMERxVjJ3S0xjSnRXN3p3ZDZjU2M0T2VveXJoY2M1d08tM3JzRHBtdUw2WlJLbHMyZVVHbmMyZzcxNUVCejRKdE14b1lPOHduUmU5ZXBnaVZnbkl5TEpGaXRjb9IB3gFBVV95cUxQdk1YV2o4NXpYWk9lUnByUWdGREdEWnYxM0JzREN1Qm5LVlZqMDQ1TGpHWE1ZVEg1VmRMSTg1cDdTZTd3YjktakNsWlY1c09ZNzlOdnNpYmZ4WGw4dGt3b1hvYVVqMHNDZEgyaHZ4WkMxRG9NYmY3bWg4ZlM0VDk5Zk1pTlBnUTlsTWFlTGJxckRLWjJhdVBNYjBydnZvSWlMOEttSzdOMWhWdGdVcUx6RjEyekRLVTVLNlotdENrZ0pNTWhZaEVvNmFQdHAyZkRzX2NkczNRSzVKeDZUN1E?oc=5
CBI grills Anil Ambani's son Jai Anmol in Rs 228 crore bank fraud case - IBTimes India,"Fri, 13 Mar 2026 07:00:00 GMT",IBTimes India,https://news.google.com/rss/articles/CBMioAFBVV95cUxNdnpISlY0WnNBc2c1YkZfU1I4X2tOc0VzVkotLUlpbzRMYzR0OERWdVlzX0dXdWZjMk5Pa1ozbmJ6Nm5DcDZzcldsdHVBbDJWSVpCUXlZbWc2ZkZZY1QzQVhHLVptMDVhUDlPSThlWFNsOTVFYVJtcFhzcGdDX0Q0bzIzZEl4TzVId0NwNkRjNERHemdpcTE4LThwZjA2UnJ3?oc=5
One look at Anmol and we know why it is the most expensive buffalo in the world - The Times of India,"Fri, 22 Nov 2024 08:00:00 GMT",The Times of India,https://news.google.com/rss/articles/CBMi7gFBVV95cUxOYmhBYVh6d0ZwZTZuMDNiWU5NTklaTXFreUQtWXhHenZpQTJjenN6ZXQzRmJIQW1IOUN0RDN5MGdBTXNpVFdrNDBfLXJmdk5SYVQ5b05jeTZQbE1rME9RTm9WZTJQQTRjV0JobW5nUVhQYVBmeVQtU2wzdkJ2NlZibXdQS05RY3JzSzQ5MUZUYTI2NEZpaHJFR1BEc1pneHZSTnVCSDBZWHFkQTNtSGpmVjBaTU53dFI1UWdiemlOUmhaV3lUWjhKTEpTbGFoQ2JTdkEyZWdoZ2pTNWM1eUVOY1RzT05ZbTJ1SENKU05n0gHzAUFVX3lxTE5uN3poQURkU3h6RFFpMFVlWHd6bXR4VnEzVEZXb3RvWUc3dDVucGxlUTdza2MxeHNLQkVURjhjWktlbjVjV3VxN2xMRUJkRzZuOUpxUGN0eE9KTnNFcVlXaVlPU0U1MWVlV2lDV1h5UG1hMVpTYzlxQ2o2Y0k5Sm0xR1JXVXcwLWVnd3U4bHlfT1lZaVZvd1RCcTAxMEhhOGFacjJxd3JCV1k0MWdWYmZzc3NKVlpHNTJGM01qWWc3OW1YVGhIZVlWVEI4VVlmOXZQTkEwa3BnaVlNS3pac3puMlF3MDVPTjBoaEdscFRjQWctYw?oc=5
"Anmol, the 1500 kg buffalo from Haryana, is worth Rs 23 crore; know why - The Times of India","Thu, 14 Nov 2024 08:00:00 GMT",The Times of India,https://news.google.com/rss/articles/CBMi3wFBVV95cUxQRmxrNmVsVzhBX0JlNWpRdXRPdWpFS3lwdDU3cHZsOEYtM0djbGVRMUJlNE9RbkVWSlBnTE10cUVJdWZCVF9LdFdYZVg2RnpPTzZvODV2Rkl2R29zeF9SdVBzMm5zT25PZzRZTmpsbkpwdmhadTJLQldUU2ptdzFRTjE4U3g1cDdsTVJReGtjU0lWVnc2RVZjWmxFS1pyeGZrTUVwVmpKY3F0Mkk3R2dPYzlvLUdtenNtMGxqcFF1Q1RCa1JQeXhFRjljZEN3SG54QUUzczhsSTNvb3NoS1pz0gHkAUFVX3lxTE15LUZISWFpLVFEOFZZOEZxTDVKc3lic3o0aEJqSnRScjlPVkFYYjVQVEVaYTRVQktaUmx3amRYZ3QxU2JlX1k1ZFNYMktnQ3RaTmRXVWdfS1NBY2lBTklkVWN3NmIxWUdBUmRfZF9kSDhGN3hIaUUtcE9YTFd6THlRaFlsVUtxZ0VOeW1sZmJoSDhYd000SlNsU0F5RkRfX0UteHZ4SHdLOXpDWkZfYTZkbXphbzZZN3hndWd3bGJsTTlMSFRfd3pTSnItcHNzTEF4d2FwSm5jWl9MNEM5eVZmSEp3TQ?oc=5
"DLF Camellias flat for ₹43 cr, ₹6.2 cr to mother: Where Gensol funds went - Business Standard","Wed, 16 Apr 2025 07:00:00 GMT",Business Standard,https://news.google.com/rss/articles/CBMi2gFBVV95cUxPRFRwaTdzSEw5bDB5Q3Fha2g1aEotbnRTRzdKczhBQlFqT09ETWpXNVFmbFh2dXYxSUVreTZyRTBpTE54ZVpheDZ0SlNuMXRLQXVVeFJYRWhObHM1YXF3NVl6TGUtS2I2ZGRBdVpNTUY0VnREQmMtb2xnQjFEOHMtVHNuMy1HTDdDTVdFbEZQTDBzMVZ6elhXUnlDcl9QTTQ1Mm9KOFlEVDFUOFFrQklZNUVQdklIV1U0UzB6blpUdmZuXzRGSjQ0dWc5dTVOaDZNX0xuc3NQYXlYUdIB3wFBVV95cUxNdmtzX29sVk45VW0tR3ZoYXZ0LXQtcEJBdHVxNFpBNk9kclFUa1FONURXTG4wOHNMTmZLTXBjUl9RcGtTOFRoUE4wUmdIMVpCSDNObVNBTkZZaVN5QXVjWWlPelNLU0x0R3FsMks4TVo5SXpIUFZ0NW9LQUc1ZndPdGl2UHlmQ3l0STY0SDVqSmpGM1pzY2V4WmZ5STVQRld2Xzh2QXFYdW1rS0pjMXJ0TG9MNUZkdWl6Q2stV2VhZmtsZWIyNjVmdFlLQ1d0OVpObW1XQWd2Z0lZeGhPU05F?oc=5
"Splitsvilla 10 fame Anmol Chaudhary on being single mother in India, crowdsourcing money for delivery: ‘I raised Rs 5 lakh’ - The Indian Express","Thu, 06 Jul 2023 07:00:00 GMT",The Indian Express,https://news.google.com/rss/articles/CBMilgJBVV95cUxQbFNaVzVHa0pkbTVyc1ZXblpPR3pJQl9qM2drVEdDSmZQSENRdFptOTUtbGpSSmJCbnFzdWZiV2RreHQzakpfak83U3owOGRQSFZaTkRRLUw5UUt0bGhmSV9SZ2ZjcDQzWXlGN1RIUHNKTV83NFV0Q1BuNnpZaUxXY3UyalFnNUVBck5DdWozREFXV2lPOWQ2c25MTXJFemdaYXZ1U1pIQTBVRXEtR09hUEdyVmpiakJKbDRCYjRYR2hhOEZfUzJTR2Rkc3hvSWtBS0JfeGlTbl9rVDN0SkRSZmlZekU0TFRTZUExQ25fbzM0SG1Rb3VMMXkwaEswUVNlVVJmWlk5LS1IallnNEJXX3pJU1NrUdIBnAJBVV95cUxQYkVWNXdmQ1RTX2ZWdXVnQ2JuRjlCMW9WTERueUJETndnS1VRaF90dmpNSHRCLTl4RjVSS1RZSHFrR2NEamJUNXpHQUVCY1YtQWg3aHVjSUpwSkI1LWZKazFLX0JXNjczX2hsRThwQU0zdXljRmlRUmlkWURqcEZKQkQ1STJiTlF4UUFjR2N4d0FSNGhDN3NhUzdJQjdlNnlPOVhKbWxja3RwZEhBcFh1TGdKNzNJRlNtN3N0NEUwcWtNN2xqVTEtRjVDSEJTbXV5VGYzeXVVQTNBTzJ4M1hwSThaZDhrZjNOdmJCYmF1WkMtNUw0YTczbE9lVXpwb1U5UmlVWmZ3NDN1LTdKY2Vacm1nRHhQSlV5dTlLZg?oc=5
MHA renews restriction order on Lawrence Bishnoi for 3rd year - The Indian Express,"Thu, 20 Nov 2025 08:00:00 GMT",The Indian Express,https://news.google.com/rss/articles/CBMivwFBVV95cUxNdzR2Q1BHZWNRWjJJdl9vUXUwTkdGUUV5N2gtUnYtQ3BtekJBS0tkRG5jd18xU002X09iZmFGR2hDNEdSU3cyV3hGVm80djV0VEhKOTljZnFJRmdwTVdyNXNwaVdNbWpHcGc0LUh4alVKQ1l2M3VhOEVIVlZ2aHdfSkNnc0wtWGpBRVNPU1dPM3BUNVBaTVRlM0RCTVZ0bVcyb1ZfTU53M3FrUF9JbFpZMEFqZXRiVWplQVJyb216TdIBxgFBVV95cUxPQkN6QUQ1eklCeE5GclJNVGxidkxUYmJFNlcteTFEVVpBd09iLWdabHNQOFhSMEtabjVNdUtaeHMyaDdGMWZWdURCMXBYckI2Q1Y3eGdEVlRoODF0RDRfUldYOG5yM0dSY0VrSTM1Mm51cXhzbk5RX25tRE1JaU5iRjRzejltNG9JSjdaQXptU1d4REdKUGRRRkJabjJ0RDhscVBuTXJNMG9Mb05nZVRVeUF3V0hETFozTDlEODJqZndPRzRsS1E?oc=5
"Anil Ambani, Jai Anmol Ambani takes big decision, which stir stock market, shares of Reliance Infra, Reliance - India.Com","Wed, 15 Jan 2025 08:00:00 GMT",India.Com,https://news.google.com/rss/articles/CBMi-AFBVV95cUxONUNucDNXX2ZwWTR6VEROWXFsOG9SeVNWVFo4dS1fUjFXUThpOGdRLVB4R2Z3ejBTYTFheWdwQkRzblFKWnJTTExhQXRnbExyNkstd0U4V20zZVNQdnBkUFduRmZQNzI3RUU2Xy00ZDhWRkpIR1cxTDhSZEprT1A4X3JjSXM4aEJyMlJxSWpoRU9USnF5LWpLajJMRGxuYnY4UC1FUks3SWNobWg5MFVFSzM4QUJPWUZQMUN2UllHa0E0elJSWS1MZ3VlTDZwbVVHUEJmckdwN1Ywbnl2OXJTVUNjUG9IY2xMMlBCUWs4eWlJVmZac291dtIB_gFBVV95cUxPSkU5X0VWMTZXVG1LRmltcWlEbkhwRGJfNDN5VktZTEZTNXFTajM5QXV2N2tOY0c2NGF2WTJIYjBkMjZsdWpUWFVuUGcwTXo0cHFublk4S0FWMFlSaC1VWGl4elB2REtpcC1aOXpzVTQ5QVkwQVM2YnNTUzFaTnZVQ0hGaGt1a1duU3J2UkFPUTB6SVZNTWtEMDl2QXpUTTBNTXpPX3I1RWdER1FLUklxRDY0VDRNNXdET3BQM3N5azRDWFJ4ZThkZFRTUk0xUmZxTlA1cXZ6TjN3UHZ0RnhxWmF0eThpbFctSjdHRTJNX0hYTFJkWHRFaGNmWThqdw?oc=5
‘We no longer have any association with Anmol Bishnoi’: fresh audio shows rift between Lawrence Bishnoi and Goldy Brar - The Indian Express,"Fri, 20 Jun 2025 07:00:00 GMT",The Indian Express,https://news.google.com/rss/articles/CBMiiAJBVV95cUxPaFJGZ1dnaEVaRlFDTzlJenZlRHhlOThQdWp1VElWdlR6M01vN3JjTS1pTW15R3poVUdHRmpZMUd1eHlyM3ZTOW9YRXJDS3dFQ1VDQ2UxdHQwNlNSU0o1VjNuZEFmSmNxekJlaVB5VkNEZHp0Nl90a3J5cXc3VktjWE9HNU93X1pPaENveW5tb0lYbnFQdVNJVTUyY0x2VjNtcm11aFdKQU90SG9ub1lHYW10WVhad0pVRHV4Uzg4RndKQi1paXpNdE1GSlFRU0ZoNWFSLUthSUhhODlsancyMTFNUk9KVHlESl9iVUVMTm9UR0JwUUlJSTFpZ3hSN0VGSHNReDhBWE7SAY8CQVVfeXFMTTk5ajNKRnlVUFQ1cW1KVHBMS2lpMVMyUzZPX0otM0lPRUNjaEJ2NHhQSXR6bXBhZzdZOG9OVzVIRHJqZVN4d1M5dExRUWU2MERCNHZGeTF3X1pLOEp2emJlODFQN0plVjhTVjNrcVJ6V1BNMFBmTnItenBhcEdYa2R3akdYakthdnhyc2JyemFZOUQ4OUI2Yk00OXlodFpubGxmZkd4TE4tQkhUSFJ1Rzd3S2YxdUZrWHR0ZUwxVTJNRU1FLXlMVVFfYzFmWi1iakNQTjhBaHJvalF1VjE0ZkFtMDEyenQtbmVKd3NTWkFhNVZlX2c4cUc5eTBVbnBEUEpKTDhyZEJDSU5UbzJaQQ?oc=5
"Hot stocks for next week: Tata Power, Hardwyn India, Sejal Glass, Nelco shares in focus - Business Today","Mon, 05 Jun 2023 07:00:00 GMT",Business Today,https://news.google.com/rss/articles/CBMi4wFBVV95cUxPN0lOamJnalFoRGgwT2Y1WVZjWTliajNkZXRhNkFpLVVOWEJJQllDeUF3ckFYVUZpS205bGdhVkZ3MUtUQnlSU3RiRTk2UU9SVDhGOTFwd0thY3ItVVlCZEtSdmxIN3V0cUs3LTJNTENQUnNqZjA1N2NKTTVWbGhscFBRTm5PcVEzTElla1Uyd0ZBcFlGME9OU3BVU1BWY2hxNjdEb2kxb1FBdGl5TUF1eU40aVMyNDRtT2hOS1liQmw4R1NxYjI5cVNjUld2TU8zWnYtd3VwX1JNTXZfVlJwQ0s1UdIB4wFBVV95cUxPN0lOamJnalFoRGgwT2Y1WVZjWTliajNkZXRhNkFpLVVOWEJJQllDeUF3ckFYVUZpS205bGdhVkZ3MUtUQnlSU3RiRTk2UU9SVDhGOTFwd0thY3ItVVlCZEtSdmxIN3V0cUs3LTJNTENQUnNqZjA1N2NKTTVWbGhscFBRTm5PcVEzTElla1Uyd0ZBcFlGME9OU3BVU1BWY2hxNjdEb2kxb1FBdGl5TUF1eU40aVMyNDRtT2hOS1liQmw4R1NxYjI5cVNjUld2TU8zWnYtd3VwX1JNTXZfVlJwQ0s1UQ?oc=5
"Who is Anmol Bishnoi, Lawrence Bishnoi's brother who was detained in US | India News - Hindustan Times","Mon, 18 Nov 2024 08:00:00 GMT",Hindustan Times,https://news.google.com/rss/articles/CBMizAFBVV95cUxONHhTdTF5SFdoSmd0OUJMbGlmbkVTalJWTGduX3puV3NXcVhMSEJ6bUJSMUhGcGE0SVBENjlhMkU0UkVIYUU0SHV4WU5UR3I5M0d3M1J0V2xRYVE2UlA3c3ZQeXRpYjBpSFItYW9QVml5QjJ3R0Ztc0VYRThLejhCUlJUTmJOV0dpb3pXMERHUTF3S0dGSjJ3MFlPa05SMXVZUG44NkxmLW12RzREZlI0Zk1sSzNOYjBxYzNsTTFuYTBBelhlMHVHMXRwcnrSAdIBQVVfeXFMTTAtQ1M5WWdOVmZrTEkwYkM1VktsVHBkQzlnanBvRFFjeUtlNTU4TmVsMEptMlV4VzZmWkNlV212OW9pVTVrZUhneU5oa3lCMDZKbXNKVU9Nbl9HMnJIR0hDX3B5RTF6OF9PY0ozTklQR2FJZGRTSDNOSHBIR1BRZlRhN3FMUVJ6SkYzYzN6Z1MwMjJFLWFyWThNVHhrMWUxUWI2X1p3NS1nSUhDZ0hMWXF0ZnI5YUtrSS1iVS0tcGFNOV9HaDZrQUdEaGtwNldhaDFR?oc=5
"Anil Ambani making a comeback? Sons helped clear debts in billions, made several Reliance Group companies deb - India.Com","Mon, 28 Apr 2025 07:00:00 GMT",India.Com,https://news.google.com/rss/articles/CBMi2wJBVV95cUxNeFhRTWsyVmx2RXkxRGFfUnZoUkdGc014cGxLQU1TU25JM1hYZGRjc0xQSC1FcmQzVkhKdnA4V0gxZ3hOUjRfV2ZWNE5VTHVuSmpkZHZ0LWJ0NjQyWGZIMmpHUkh2T19xSkVCN3lwMi10ejR2bXZMeEFGWXpNRWl6d1hqbjdidHlKRzBveXNSZG1vMS02ZGVsdlBTNmJZZEs1Z3dYRmFSZEVKVjMyNERZbDlOV0VaamhWUjlyOHB3cDNWX3p5ZC1MN3VDdW1GYnR4R0szeFBrbjJRdHNpdUxhWVc1bUwxbzZkaC1QRGtFVVVxS3lodjBTTmhtcXNOS0FjRUNjSW80QXdFdzRyVnhKRHAxOVZlS2ZfMFBMS0dOUjZ0VHJhenZEa2lzX0Z3dVp2RlRMNXZlOGZ2VHVqYVhTYTkxTnNDVUhUeWZRb0kyWVJMdnRhaENlUlpPQdIB4AJBVV95cUxOZVRWNDgwWVRBRXIwQUVDa0kxTEZWVEg5NzFhT3JYUkdRR0JuZ1VtXy1YRk9CZVlvQ2xmSVRjRktxbXJ1a2g3OEVHUnZXd21qaW84T3dra1hia3VySzBpOElEWXFKdUZ5TW5MSmJtcFAyeExaYjBDSVFVVHlyVVV2YzM1cGVueEYzYXA4WkhaV3VScWZXV3NvRTAzQWstQWRYT01fblVYNGN3YlV5SUtvMW9fOWhIOHhubkhYMXN2Zmt2dWY5UmZpZkVwWENjc000cHhXdEJRTXhiWDRFbWtmYUlPN3otcnpfckQ5SHdYRFRZdDBBWmFIeDl0bEN1ZkhqTUNCZnhXWmJQUjZnZ2c3d2dQR1VzTTdJMXdDV280X2dSaFNWUlRORndpMDZqQ2dWWlBYN0R0b2Npb1pwTHVhUG1STjR5VF83dERub0JVVUJuc2dILTQ4ZUVlcG1PcEVs?oc=5
Anmol India Ltd is Rated Sell by MarketsMOJO - Markets Mojo,"Wed, 17 Jun 2026 07:31:39 GMT",Markets Mojo,https://news.google.com/rss/articles/CBMiqgFBVV95cUxNVEpkanUtd3d4Wl9CQUxTYlU3eEZ1UU1IaHI5d2dtYkFiNWs0TjFjUHRlNTZ1QW5WZUthTlo2dEY2YUtiSGhBZWdoMXVoMDJXVkFBS1hyTmg4cWMzMmk5ZjBkNHVveS1sMV9kWnJhR1lTYWctTE5XMV9ZeldUMDNuNVFxUFVVNVVUbkZRbjlwUUJSSVdLb2x4Rm0tYTlPWjd4S09BaU41YjFEZw?oc=5
Anmol India Ltd Valuation Shifts Signal Renewed Price Attractiveness Amid Market Challenges - Markets Mojo,"Tue, 16 Jun 2026 02:40:50 GMT",Markets Mojo,https://news.google.com/rss/articles/CBMi4wFBVV95cUxNbmxnSE9tMkJDVGdhUzRpZVJFQzdkQWhHU0JHRmlpaklMdnhyRnNSNFJsekVqaElCLUpRZVJKbzBZVnBXQ05NZ1NxbW54cnp6R3ZRcVgwUVlCSjFuVUd5eG4zbFFlN0xlbFc3el9iY250OV9NNWFEcDd0S3NKTFVyWDM3Q0dCUm5Rektpa0ZuMU1vT3hScVM1eExsc2t2cDRUejVFYXR2UjliMmtmNmhxLVNvRnYxZjZReEgwTzdCVWhLb2JqWUNkQzZuWlI3eHhudGFoZWtvQXQ2dk1ObU05anp2TQ?oc=5
Anmol India Ltd Valuation Shifts Signal Changing Market Sentiment - Markets Mojo,"Tue, 09 Jun 2026 02:46:25 GMT",Markets Mojo,https://news.google.com/rss/articles/CBMiwAFBVV95cUxQRGpXYnMzQk9icDFyUGV0UWJHT2cwNEcwZjVuN28weERPbFN0UlJ0QTdLLVJEY1YyaEY0VkZIclZlTjFnZ1d5dGZENUt1eFdTZ2lIaTEtdDMtZVg3aFRiRFhNemxSN1dBRmxHcFNpbVF3MnRUTVJGRWdCbGw0b1ktd1RWU3RpWDZCdnl4emdqZ3lTd3FsT2VyWGVadWJ6elhrSDNOOXROWDJLLWJRSGxvWEZJN1A0WUFOQVlTV3gxamY?oc=5
Anmol India Ltd Upgraded to Sell on Improved Valuation Metrics and Financial Trends - Markets Mojo,"Wed, 27 May 2026 03:23:07 GMT",Markets Mojo,https://news.google.com/rss/articles/CBMi3gFBVV95cUxNU0lvcDJ0SVBEcDF3N216OEUzZmZLWXhpT0x6YWVvWjZ2VVA1WXFDTUZyZldvckZ3VWVPOGJzS1JVemJNZERtdzNMa0Q1ZkthelRfUFJRYy1oYnhmRXhTdXllQTc0SGI5VEZYSGp2TmRzdzlvYWl5S01TSmxlQTc3UkNidlBsRlhWUTUyYmIzUlFSTE42VzktLVNRVmlrTWNKQ3g2c3VGVmFSWEZwUlV5eHZzOERjZHlHWFpnUmpLU0NXZ0VDdzdSc3dNYlVlbC1fbEZQaEVJZDZEYksxcVE?oc=5
Anmol India Ltd Valuation Shifts Signal Price Attractiveness Amid Market Challenges - Markets Mojo,"Mon, 25 May 2026 04:52:41 GMT",Markets Mojo,https://news.google.com/rss/articles/CBMi2AFBVV95cUxNOHpYZXVvQUQzLW1WWThpTTF5eWw5SVh3RzFCSEN0WlVSRW9BeFJZY1pXLWZHRTl3dEQ3RWVjT2VpUW9aSnpBZGJNTlJPR2NBRmtvcjU0Z1BsMEZnU3NhekNCVkt1VHk4RERWU1dqTlZzYnBtNlEyRndyWFBOakNUSnZvQ21KM0FWR0RkUnhPd25rUDJGLWx5RHdBX1lkWlNaOExrbUJzNGJINy1BWWxmcnd1ejU5Z2RUZFl2RXpSX1A5RElUZGV0dUlWOUU0T0NRbDJXZ0lKWHA?oc=5
Anmol India Ltd Downgraded to Strong Sell Amidst Flat Financials and Bearish Technicals - Markets Mojo,"Tue, 19 May 2026 03:41:48 GMT",Markets Mojo,https://news.google.com/rss/articles/CBMi4wFBVV95cUxPMUpKbG81OVhWbF9wUjFpYTRTbnlRRnFQRmxVUHVmM3kwWkt6bHNRbk1hOTE1LWxNckZmcF94ZUtrS0k4c216bkl0TndIUFFDX01ub1BkSVphUVhnWWN5czdNS1I2UHBfR0hOVWdFai16cEpzWlQ4aGhFWGpKNFp6aXU0TDZTN1czSGJ3YXJwNmFnUEVuWkdkTGxqb1ZEZFl3YkZtWWpyUWVwdVVGSEhnVkRpbUNXcldpNEtENGFxdHFEU0wtVmRVbDdmVWNuNml1TTVTY2Z3OVh6REk5Y25zMUxpZw?oc=5
Anmol India Ltd is Rated Strong Sell - Markets Mojo,"Mon, 19 Jan 2026 17:55:59 GMT",Markets Mojo,https://news.google.com/rss/articles/CBMinwFBVV95cUxOQWNsWlJCcC1PbEgtNG95TUIyRW5TMlBNNVBnejF5SFJFSEZDYlh3NnFUeUdRNmx0N2t4cVc2UHpEeFg5Y0s3RF9LelFKU1g1YUFicndYMFZBUVVXSXVWVUJXa1FDSzNPLWRBdVAyUWhLT0wxLWhlZWtVcWJPcjdORE9MbzlZeFR4S3hQVWhuc2dBSDRaajFRQkkwV2d5SEE?oc=5
Anmol India Ltd Stock Falls to 52-Week Low of Rs.11.3 Amid Market Downturn - Markets Mojo,"Tue, 24 Feb 2026 08:00:00 GMT",Markets Mojo,https://news.google.com/rss/articles/CBMiygFBVV95cUxQSFVVS1F1WlRiZ3BRTHhKcXhRdmxkcFhPVUF6SlRnYUZpWk16N3hpY2ZHZVFpYVV1NFQ0QVR4UWJpVzAxb2tXaDlzb1piM3RqbzZZbXoxNlAwb0tWX1pSRGhJVWtqdXNxTG0zTHM5NDhCMDRuOWVkYkZIaUVtYkYybzZLS3ZTMmtKT3M2aEV3MGNTTk5ReTR0M2dhdzdtWHF2SHBnRTlOLUpHeTZHMnpsVUVTWTA0TDdFNGF3VVZhclJ0VUtycjItNnpB?oc=5
Anmol India Ltd Stock Falls to 52-Week Low of Rs.12.68 - Markets Mojo,"Wed, 14 Jan 2026 08:00:00 GMT",Markets Mojo,https://news.google.com/rss/articles/CBMirwFBVV95cUxOb1hPdy00QjNiRjRJOXRsQ05VNThuV3A1UkZ5anlESmM5ZUJmaEhYcVpLXzJsOFRjb0FzbGdSdTdkTm4xTElRa19jR0tGRnJZMTRaVXpiOGVyUy1PYzFmUGd2aWZJUUZMN1ljNzFWXzBvRFlOWG1PS0VWWnNZbGQ4UWxjMnliOTUxNnpGV09xeDdwMVRVd25CV0JxUFEyQXpqR0ptaGlRVnNlYlh1Qmpn?oc=5
Who Is Jai Anmol Ambani? Ex-Reliance Home Finance Director Booked In Criminal Case - Republic World,"Tue, 09 Dec 2025 08:00:00 GMT",Republic World,https://news.google.com/rss/articles/CBMivAFBVV95cUxNYlhUcHUtcno4bTBaZ19FLWJRVWpMMG9tb1dULVdUTkZEeXoybmlWb1pDSlBhT08td0pnZW0yazFBaFdXejJmQ2xqb0IyclBWdGxYRVFtYTVkVFNjZUdrQ2dWckdoVTdsZEZpa0lfbGpUVXpmSERVb2RNeXpLbktfS2JFWDZGVnQ4WFVOdFc5bVE5LUpXZF9yak1Ndjktbk9fdV8xVzd4VjFiUGN4bVFmamIyeTBaWUExTHBYYtIBwgFBVV95cUxNbTBQUktNQmlGOWpFU3lGenozSk02azdRUy13T3czejBsNF80b05WN1FCMnNJaG81M3VLMkk3dmR3azg2YTFqNFpPUEs0c2h2X1ptRmd4d1JvWG1PTklIZWVCcEhsUXhYR2FVMzByMG1lRVFhZnYtRnZHNHQyM0lRanQwRzh0bFVBZWxOWVE4Z2xRb2t5cURwVFcxWkw5YVJ4N0lLckdxbEtvTlNXZURBNFhZbkF6ZjVqSU9iU0Y5dndMUQ?oc=5
"Shark Tank India S4: Anmol Saxena’s “Push, Push, Push!” pitch secures Rs 50 lakh investment - financialexpress.com","Tue, 28 Jan 2025 08:00:00 GMT",financialexpress.com,https://news.google.com/rss/articles/CBMi3wFBVV95cUxQZnFrZ1dnRGNHN2VyY1ZBaVdIRVlKUzBXRElkUnA0RzZJLWVzRUVqbDJwaVU0YnRieHpUZ2hlNERJc0RYNklvd3hSUE9yOFdjSzREa0swanN6cWItUWFObkstelBSR3U3ODk3cFVvdGJOVDRzb1pGZUc3c0ZJYkZFY1hzazlCMnp6V2JIQVRrYjd3NGM2UElQTVEyTkJBak1ncEdtdzVOSWZlVHBVZWw4UnZpckdpcHFsd01hM1Rmc2h2OEk0Y0twMVNTa2RpUnUwUWFoVmpGMTE5eVFWTmdr0gHmAUFVX3lxTE1MZ0VVQzlsWXZKZmhwOUFMeEJEWktJQXVHNWMyT2Z1dmZmTGl4Q2ZFNmp2NUhZVTRQXzNKcHktbTdITldIcWFnYURfY2RkUld0YWNFREIxdEtubDdUeTZfdzROampiX2lzZzk1Q3p0UGxCNXVFSEY0U19sTm5ZYVZSTnhsYXQyZ24xc09qX3gtNlNTOWk4QVgxdzNxZ1JrMzZnY1dfV1hiQVVpQTA3OVRmb3JucG5ZQ09uQlE5QlloMlk0Nzg2TFZfTm1TMTRvbk55NDFzVmowRlpxOUFFUUpRazZxcWJR?oc=5
"Anil Ambani, son Jai Anmol seek 'public shareholder' status: What next for RPower, Infra stocks? - Business Today","Sun, 12 Jan 2025 08:00:00 GMT",Business Today,https://news.google.com/rss/articles/CBMi7wFBVV95cUxQMzdxQXY2dGNMN0kwZU00QjdRNXJWQnI0WTBFZ2lfZFR1aXlRNldFTXczbVY5Y2JYM3ZCLUlXZ0RWSGJwVExxWVBoQXd4djJJeDdrS0RfdGdIVnNUNkJ1d3ZTektzbUM4cnUtS2V3Q0RuZUZWOFFuQnN1NEdoTFExSVhqR2ROMUJ4VFZ3ejZBUnhKbXFPNWgwaHI5cGtCT2pRMXgwZnlhWHBpSE5WYUdZeE8xcDdxbGdzeUdlTG4wYjVBTGtNQ2hrZExMZjJBM1ZlYkxEU2ZuZFNyY1R5X1dDOW1XNWdGcTgxNXR5bHgzSdIB9AFBVV95cUxOUWZDZlRhUFNSYkpvVnpUdUZuQnpUQW5reW9qSlhRV2Y4YklTVndqLWt0OFdkY1puT2l0RlFJYnRwZlR4Qk03ZDFpeDFYeXhxTUxSc3RlU2p4bGNSVmQzWGNMcDNfbThsWkJqTTNkMDdubVM5WDkyTVFZNTdfU0FVOGQ1WmYzd2tMNDdJdE9CdkVNaEJYN0tiZnk1ZDlmQkhGcE5HLTEyallaejFFY19GNzlqV1RDMUFwdVRTcW0xUmZ6cjJ2OVYwR016VWhYejBzSFhwekdiTWFHRDlMeGFWeHRqbDBYcVdVWTloYmM3ZjdpU0xv?oc=5
ये रही भारत की फर्जी इंवेस्टमेंट कंपनियों की लिस्ट | List of Fraud Chit fund Company - Bhopal Samachar,"Sun, 08 Nov 2015 08:00:00 GMT",Bhopal Samachar,https://news.google.com/rss/articles/CBMigAFBVV95cUxNamJ0MlBrZ3dTTzNVTnpCRFlDa0lVSDBMZS1tWFNOTnUwSFAyR1VpbXBqelZFVVBxMWczTUYyRjFSVGlDdndNUTNJaUdFRFVTWG1BRHV5LVdTcUJPYVdHYnFZTFNCa0FuSGw5dTd0eHJnZURWQ0tuaWFpWGxTckRacw?oc=5
